article,pdf_url,prompt1,prompt2,prompt3,prompt4,prompt5,context_missread_bug
10.1016-j.jmrt.2024.11.250.txt,10.1016-j.jmrt.2024.11.250.txt,"Based on the paper's main experimental content (excluding references and introduction-only mentions), I identified the following high-entropy alloys:

---

**Alloy System:** (FeCoNiNb)₉₈₋₂ₓ(TaCr)ₓAl₂

Where **x = 0, 6, 10, 14** (atomic percent values for Ta and Cr, each added in equimolar amounts)

---

### Alloys Identified:

1. **(TaCr)₀** — x = 0  
   **Formula:** Al₂Co₁₉.₆Cr₀Fe₁₉.₆Nb₁₉.₆Ni₁₉.₆  
   *(Derived: (FeCoNiNb)₉₈Al₂, where the 98 represents total at.% of the four equimolar elements: 98/4 = 24.5 at.% each)*  
   → **Corrected formula:** Al₂Co₂₄.₅Fe₂₄.₅Nb₂₄.₅Ni₂₄.₅  
   **Number of elements:** 5

2. **(TaCr)₆** — x = 6  
   **Formula:** (FeCoNiNb)₈₆(TaCr)₆Al₂  
   → Fe: 86/4 = 21.5 at.%, Co: 21.5, Ni: 21.5, Nb: 21.5, Ta: 3, Cr: 3, Al: 2  
   **Full formula (alphabetical):** Al₂Co₂₁.₅Cr₃Fe₂₁.₅Nb₂₁.₅Ni₂₁.₅Ta₃  
   **Number of elements:** 7

3. **(TaCr)₁₀** — x = 10  
   **Formula:** (FeCoNiNb)₇₈(TaCr)₁₀Al₂  
   → Fe: 78/4 = 19.5 at.%, Co: 19.5, Ni: 19.5, Nb: 19.5, Ta: 5, Cr: 5, Al: 2  
   **Full formula (alphabetical):** Al₂Co₁₉.₅Cr₅Fe₁₉.₅Nb₁₉.₅Ni₁₉.₅Ta₅  
   **Number of elements:** 7

4. **(TaCr)₁₄** — x = 14  
   **Formula:** (FeCoNiNb)₇₀(TaCr)₁₄Al₂  
   → Fe: 70/4 = 17.5 at.%, Co: 17.5, Ni: 17.5, Nb: 17.5, Ta: 7, Cr: 7, Al: 2  
   **Full formula (alphabetical):** Al₂Co₁₇.₅Cr₇Fe₁₇.₅Nb₁₇.₅Ni₁₇.₅Ta₇  
   **Number of elements:** 7

---

### Summary Table:

| Alloy Designation | x value | Chemical Formula (Alphabetical) | Number of Elements |
|---|---|---|---|
| (TaCr)₀ | 0 | Al₂Co₂₄.₅Fe₂₄.₅Nb₂₄.₅Ni₂₄.₅ | 5 |
| (TaCr)₆ | 6 | Al₂Co₂₁.₅Cr₃Fe₂₁.₅Nb₂₁.₅Ni₂₁.₅Ta₃ | 7 |
| (TaCr)₁₀ | 10 | Al₂Co₁₉.₅Cr₅Fe₁₉.₅Nb₁₉.₅Ni₁₉.₅Ta₅ | 7 |
| (TaCr)₁₄ | 14 | Al₂Co₁₇.₅Cr₇Fe₁₇.₅Nb₁₇.₅Ni₁₇.₅Ta₇ | 7 |

---

**Methodology note:** The base alloy (FeCoNiNb)₉₈Al₂ has 98 at.% collectively distributed among 4 equimolar elements (Fe, Co, Ni, Nb), giving 24.5 at.% each. When x = 6, 10, or 14, the total at.% of (FeCoNiNb) decreases to (98 − 2x), and Ta and Cr are added equimolarly at x at.% each. The published paper does not explicitly list the nominal atomic percentages for each element; therefore, the values above are calculated based on the stated formula. For (TaCr)₀, the alloy is a true 5-element HEA; for x > 0, it becomes a 7-element HEA.","Based on the paper's XRD, SEM, TEM, and SAED analyses, here is the crystallographic phase information for each alloy identified:

---

### 1. (TaCr)₀ — Al₂Co₂₄.₅Fe₂₄.₅Nb₂₄.₅Ni₂₄.₅

| Phase | Nature | Structure | Space Group | Notes |
|-------|--------|-----------|-------------|-------|
| **FCC solid solution** | Disordered solid solution (matrix phase) | Face-centered cubic | Fm-3m (225) | Major phase; Fe, Co, Ni, and part of Nb dissolved |
| **Laves phase** | Intermetallic compound (C14 or C15 type) | Hexagonal (C14) or Cubic (C15) | P6₃/mmc (194) or Fd-3m (227) | Lamellar eutectic phase; Nb-rich; ~30.2 vol% |

**Additional observations:**
- XRD confirms only FCC + Laves (Fig. 1)
- Fully eutectic lamellar microstructure (Fig. 2a)
- No precipitates beyond the two main phases

---

### 2. (TaCr)₆ — Al₂Co₂₁.₅Cr₃Fe₂₁.₅Nb₂₁.₅Ni₂₁.₅Ta₃

| Phase | Nature | Structure | Space Group | Notes |
|-------|--------|-----------|-------------|-------|
| **FCC solid solution** | Disordered solid solution | Face-centered cubic | Fm-3m (225) | Matrix; reduced fraction relative to (TaCr)₀ |
| **Laves phase** | Intermetallic compound | Hexagonal (C14 type, likely) | P6₃/mmc (194) | Volume fraction increases to **54.3%**; coarser primary Laves + refined eutectic Laves |

**Additional observations:**
- Original fully eutectic structure broken; primary (bulk) Laves phase appears (Fig. 2b)
- Laves phase is multi-component (contains Ta, Cr, Nb, Fe, Co per EDS in Tables S1/S2)
- No additional phases detected by XRD

---

### 3. (TaCr)₁₀ — Al₂Co₁₉.₅Cr₅Fe₁₉.₅Nb₁₉.₅Ni₁₉.₅Ta₅

| Phase | Nature | Structure | Space Group | Notes |
|-------|--------|-----------|-------------|-------|
| **FCC solid solution** | Disordered solid solution | Face-centered cubic | Fm-3m (225) | Matrix phase |
| **Laves phase** | Intermetallic compound | Hexagonal (C14 type, confirmed by SAED in Fig. 3) | P6₃/mmc (194) | Volume fraction **60.3%**; both primary (coarse) and eutectic (refined) Laves present |

**Additional observations:**
- TEM SAED (Fig. 3b–c) confirms points 1 and 2 correspond to FCC and Laves phases, respectively
- Despite higher Laves fraction, interlamellar spacing is reduced, maintaining mechanical properties
- No additional precipitates detected in as-cast state

---

### 4. (TaCr)₁₄ — Al₂Co₁₇.₅Cr₇Fe₁₇.₅Nb₁₇.₅Ni₁₇.₅Ta₇

| Phase | Nature | Structure | Space Group | Notes |
|-------|--------|-----------|-------------|-------|
| **FCC solid solution** | Disordered solid solution | Face-centered cubic | Fm-3m (225) | Matrix phase; smallest fraction among the four alloys |
| **Laves phase** | Intermetallic compound | Hexagonal (C14 type, likely) | P6₃/mmc (194) | Volume fraction highest: **76.6%**; predominantly coarse primary Laves |

**Additional observations:**
- Heaviest Laves phase fraction; eutectic lamellae become very fine
- No extra phases beyond FCC + Laves observed in as-cast state (Fig. 1)
- The paper does not specify whether the Laves phase changes from C14 to C15 with Ta/Cr content—this is not investigated

---

### Summary Table for As-Cast Alloys:

| Alloy | Phases Present (XRD) | FCC (vol% est.) | Laves (vol%) | Laves Structure | Additional Precipitates (Micrography) |
|-------|----------------------|-----------------|--------------|-----------------|----------------------------------------|
| (TaCr)₀ | FCC + Laves | ~70 | 30.2 | Hexagonal (C14) | None |
| (TaCr)₆ | FCC + Laves | ~46 | 54.3 | Hexagonal (C14) | None |
| (TaCr)₁₀ | FCC + Laves | ~40 | 60.3 | Hexagonal (C14, confirmed by SAED) | None |
| (TaCr)₁₄ | FCC + Laves | ~23 | 76.6 | Hexagonal (C14) | None |

---

### Important Notes on Phase Identification:

1. **Laves phase type:** The paper refers to the phase simply as ""Laves phase"" without explicitly assigning C14, C15, or C36 polytype. Based on typical FeCoNiNb eutectic systems cited in the paper (references [5–7]), the C14 hexagonal structure (P6₃/mmc) is most probable, but this is not explicitly confirmed in the text.

2. **Oxidation-induced phases:** After oxidation at 900 °C for 84 h, additional oxides form:
   - (TaCr)₀: Fe₃O₄ (magnetite, spinel structure, Fd-3m) and Nb₂O₅
   - (TaCr)₆, ₁₀, ₁₄: Cr₂O₃ (corundum, R-3c), CrTaO₄, CrNbO₄, Fe₃O₄, plus Al₂O₃ (internal oxidation)
   - TEM on (TaCr)₁₀ confirmed presence of (Nb,Ta)CrO₄, Al₂O₃, and Ta₂O₅ at the oxide/matrix interface (Fig. 9)

3. **Al₂O₃ precipitates:** Al is present at only 2 at.% and does not form a separate phase in the as-cast alloys (fully dissolved in FCC or Laves phases). It precipitates as internal Al₂O₃ during oxidation only.

4. **No amorphous phases** were reported in any of the alloys.

---

### Caveats:
- The space group for the Laves phase is inferred based on the literature cited in the paper (refs [5–7, 31–33]) rather than directly determined in this study.
- The exact lattice parameters are not provided in the text.
- The volume fractions were determined by Image-Pro Plus software on SEM images (Table 1); FCC volume fractions are calculated as 100% minus Laves volume fraction (paper does not report FCC fractions directly).","Based on the paper's methodology, the materials were **primarily synthesized experimentally**, with **supplementary theoretical calculations** used to understand and verify the oxidation mechanisms. Here is the detailed breakdown:

---

## 1. Theoretical Prediction (Supplementary Role)

**Method:** First-principles calculations (Density Functional Theory, DFT)

**Purpose:** Calculate formation energy (Ef) and binding energy (E₀) of each oxide formed during oxidation (Cr₂O₃, Ta₂O₅, Nb₂O₅, CrTaO₄, CrNbO₄, Fe₃O₄, Al₂O₃)

**Key Parameters:**
- Crystal structures and formulae of oxides (presented in Fig. S4 of supplementary material)
- Calculated at 900 °C (the oxidation test temperature)
- Negative formation energies indicated oxide stability
- Lower formation energy = stronger phase formation ability
- Lower binding energy = higher structural stability

**Key Findings from DFT:**
- CrTaO₄ and CrNbO₄ are more stable and easier to form than Cr₂O₃ during oxidation
- Results were consistent with standard thermodynamic data (Fig. 10b)
- Confirmed the oxidation mechanism: composite oxide layer (CrTaO₄ + CrNbO₄ + Cr₂O₃) forms protective barrier

**Phases/Structures from Prediction:**
- Predicted stability ranking: CrTaO₄ ≈ CrNbO₄ > Cr₂O₃
- Nb₂O₅ and Ta₂O₅ formation is limited by Laves phase bonding constraints (Nb⁵⁺, Ta⁵⁺ bonded in intermetallic Laves phase, making simple oxide formation difficult)

---

## 2. Experimental Synthesis (Primary Method)

**Method:** Vacuum arc melting

**Raw Materials:** Commercially pure Al, Co, Cr, Ni, Fe, Ti, and Si (99.9 wt%)

**Synthesis Parameters:**
- **Atmosphere:** Vacuum (vacuum arc furnace)
- **Remelting:** Each ingot remelted **5 times** to ensure compositional homogeneity
- **Alloy compositions:** (FeCoNiNb)₉₈₋₂ₓ(TaCr)ₓAl₂ with x = 0, 6, 10, 14

**Sample Preparation After Melting:**
- **Oxidation specimens:** Rectangular, 10 × 10 × 3 mm
- **Compression specimens:** Cylindrical, R4 × 6 mm (radius 4 mm, height 6 mm)
- **Surface preparation:** All samples ground with 1200# silicon carbide grit paper, ultrasonically cleaned in alcohol bath, dried immediately before testing

**As-Cast Phases/Structures Obtained:**

| Alloy | Phases | Microstructure |
|-------|--------|----------------|
| (TaCr)₀ | FCC + Laves | Fully eutectic lamellar (30.2% Laves) |
| (TaCr)₆ | FCC + Laves | Primary bulk Laves + refined eutectic (54.3% Laves) |
| (TaCr)₁₀ | FCC + Laves | Primary bulk Laves + refined eutectic (60.3% Laves) |
| (TaCr)₁₄ | FCC + Laves | Predominantly coarse primary Laves (76.6% Laves) |

---

## 3. Post-Processing

### 3.1. Oxidation Treatment (All Samples)

**Equipment:** Muffle furnace (KLS-1500X–S)

**Parameters:**
- **Temperature:** 900 °C
- **Atmosphere:** Static air
- **Durations:** 2, 4, 6, 12, 24, 36, 48, 60, 72, and 84 hours
- **Mass measurement:** Electronic balance (BS224S), accuracy 0.01 mg

**Oxide Phases Formed After 84 h at 900 °C:**

| Alloy | Surface Oxides (XRD) | Cross-section Oxide Layers |
|-------|---------------------|---------------------------|
| (TaCr)₀ | Fe₃O₄ (only) | Outer Fe₃O₄ + inner Nb₂O₅ (with cracks, spallation) |
| (TaCr)₆ | Fe₃O₄ + CrNbO₄ + CrTaO₄ + Cr₂O₃ | Outer Fe₃O₄ + intermediate Cr₂O₃ + inner (Nb,Ta)CrO₄ + internal Al₂O₃ |
| (TaCr)₁₀ | Fe₃O₄ + CrNbO₄ + CrTaO₄ + Cr₂O₃ | Same as above (confirmed by TEM: (Nb,Ta)CrO₄, Al₂O₃, Ta₂O₅, FCC) |
| (TaCr)₁₄ | Fe₃O₄ + CrNbO₄ + CrTaO₄ + Cr₂O₃ | Same as above |

**Note on oxide notation:** The paper uses both ""Fe₄O₃"" and ""Fe₃O₄"" interchangeably—this appears to be a typographical inconsistency. The standard and correct formula is **Fe₃O₄** (magnetite, spinel structure).

### 3.2. Compression Testing (All Samples)

**Equipment:** Electronic universal testing machine (WDW-100)

**Parameters:**
- **Strain rate:** 1 × 10⁻³ s⁻¹
- **Temperature:** Room temperature
- **Specimen:** Cylindrical (R4 × 6 mm)

**Result:** Yield strength ~1.5 GPa at ~8% strain for all alloys (minimal variation with Ta/Cr content)

---

## 4. Additional Characterization

**Techniques Used:**
- **XRD** (Ultima IV) – phase identification
- **SEM** (EVO MA10) with EDS – microstructure and composition
- **TEM** (JEM-2100) with EDX – fine characterization of oxides (performed on (TaCr)₁₀ after 84 h oxidation)
- **Image-Pro Plus** – Laves phase volume fraction quantification

**TEM Sample Preparation (for (TaCr)₁₀ oxidized sample only):**
- Traditional cross-section preparation
- Glued with copper rings
- Thinned by precision ion milling (GATAN 691)

---

## 5. Key Phase Evolution Summary

| Stage | (TaCr)₀ | (TaCr)₆/₁₀/₁₄ |
|-------|---------|-----------------|
| **As-cast** | FCC + Laves (fully eutectic) | FCC + Laves (primary + eutectic) |
| **After oxidation (900 °C, 84 h)** | Fe₃O₄ outer + Nb₂O₅ inner (non-protective, cracked) | Fe₃O₄ outer + Cr₂O₃ intermediate + (Nb,Ta)CrO₄ inner + Al₂O₃ internal (protective, adherent) |
| **After compression (RT)** | Yield ~1.5 GPa, 8% strain | Yield ~1.5 GPa, 8% strain (no significant change) |

---

## 6. Important Caveats

1. **No thermo-mechanical post-processing** (annealing, quenching, rolling, etc.) was performed on the as-cast alloys—only oxidation and compression testing.

2. **The DFT calculations** were not used to predict the alloy composition or phase formation of the as-cast material; they were only applied to **validate the relative stability of oxidation products**.

3. **The alloy synthesis** was purely experimental (arc melting); no computational alloy design (e.g., CALPHAD, machine learning) was employed.

4. **Ti and Si** were listed in the raw materials (99.9 wt% pure) but do not appear in the final alloy compositions—this is likely a typographical error in the paper's experimental section, as no Ti or Si is mentioned in any EDS data or phase analysis.","Based on the paper's characterization of the **as-cast alloys** (before oxidation), here is the analysis regarding partially ordered structures and High Entropy Intermetallics:

---

## Analysis of As-Cast Alloy Structures

### 1. (TaCr)₀ — Al₂Co₂₄.₅Fe₂₄.₅Nb₂₄.₅Ni₂₄.₅

| Phase | Ordering Status | Classification |
|-------|----------------|----------------|
| **FCC phase** | Disordered solid solution | NOT an intermetallic |
| **Laves phase** | Ordered intermetallic compound (C14 hexagonal, P6₃/mmc) | Multi-component Laves phase containing Fe, Co, Ni, Nb, and Al (per EDS Tables S1/S2) |

**Is the Laves phase a High Entropy Intermetallic?**
- **No.** Although it is multi-component (contains 4–5 elements per EDS data), it is a *line compound* with fixed stoichiometry (AB₂-type Laves structure). It does not exhibit the configurational entropy characteristic of true high-entropy phases.
- The paper explicitly describes it as a ""multi-component complex rather than a simple binary intermetallic compound"" (Section 3.1), but it retains its ordered AB₂ crystal structure.

---

### 2. (TaCr)₆ — Al₂Co₂₁.₅Cr₃Fe₂₁.₅Nb₂₁.₅Ni₂₁.₅Ta₃

| Phase | Ordering Status | Classification |
|-------|----------------|----------------|
| **FCC phase** | Disordered solid solution | NOT an intermetallic |
| **Laves phase** | Ordered intermetallic compound (C14-type) | Multi-component Laves; enriched in Ta, Cr, Nb (per EDS Tables S1/S2) |

**High Entropy Intermetallic?**: **No.** Same reasoning as (TaCr)₀ — ordered AB₂ Laves structure with multiple elements substituting on lattice sites, but not entropy-stabilized as a distinct phase.

---

### 3. (TaCr)₁₀ — Al₂Co₁₉.₅Cr₅Fe₁₉.₅Nb₁₉.₅Ni₁₉.₅Ta₅

| Phase | Ordering Status | Classification |
|-------|----------------|----------------|
| **FCC phase** | Disordered solid solution | NOT an intermetallic |
| **Laves phase** | Ordered intermetallic compound (C14-type, confirmed by SAED in Fig. 3) | Multi-component Laves; contains Nb, Ta, Cr, Fe, Co, Ni |

**High Entropy Intermetallic?**: **No.** Despite containing 6 elements, the Laves phase maintains its characteristic ordered AB₂ structure. The paper notes it is a ""multi-component complex"" but does not classify it as a high-entropy intermetallic.

---

### 4. (TaCr)₁₄ — Al₂Co₁₇.₅Cr₇Fe₁₇.₅Nb₁₇.₅Ni₁₇.₅Ta₇

| Phase | Ordering Status | Classification |
|-------|----------------|----------------|
| **FCC phase** | Disordered solid solution | NOT an intermetallic |
| **Laves phase** | Ordered intermetallic compound (C14-type) | Multi-component Laves; highest Ta/Cr enrichment |

**High Entropy Intermetallic?**: **No.** Same conclusion as other alloys.

---

## Summary Table

| Alloy | FCC Phase (Disordered) | Laves Phase (Ordered) | High Entropy Intermetallic? |
|-------|------------------------|----------------------|-----------------------------|
| (TaCr)₀ | Yes | Yes (C14, P6₃/mmc) | **No** |
| (TaCr)₆ | Yes | Yes (C14, P6₃/mmc) | **No** |
| (TaCr)₁₀ | Yes | Yes (C14, P6₃/mmc) | **No** |
| (TaCr)₁₄ | Yes | Yes (C14, P6₃/mmc) | **No** |

---

## Important Notes

1. **No partially ordered structures** (e.g., B2, L1₂, L1₀, or other superlattice phases) were detected in any of the as-cast alloys by XRD or TEM/SAED analysis.

2. **The paper explicitly notes** (Section 1, referencing Han et al. [15,16]) that Al addition can induce ordered L1₂ nanoprecipitates in similar eutectic HEAs, but **this phenomenon was not observed** in the current (FeCoNiNb)₉₈₋₂ₓ(TaCr)ₓAl₂ system.

3. **The Laves phase** in these alloys is best described as a **multi-component intermetallic compound** (containing Fe, Co, Ni, Nb, Ta, Cr) but it is **not** a high-entropy intermetallic because:
   - It maintains a fixed AB₂ stoichiometry
   - It has a specific crystallographic site ordering (C14 structure)
   - It is not entropy-stabilized; rather, it forms due to strong enthalpic interactions between Nb/Ta and transition metals (per binary phase diagram discussion in Section 3.1)

4. **The FCC matrix phase** is a genuine disordered solid solution (high-entropy matrix) containing Fe, Co, Ni, Nb, and Al (and Cr/Ta for modified alloys), but it is **not** an intermetallic.

---

## Conclusion

**None of the four alloys form a High Entropy Intermetallic phase** in their as-cast state. All alloys consist of:
- A disordered **FCC solid solution** (high-entropy matrix phase)
- An ordered **C14 Laves phase** (multi-component intermetallic, but with fixed AB₂ stoichiometry, not entropy-stabilized)","```json
{
  ""(TaCr)0"": {
    ""chemical_formula"": ""Al2Co24.5Fe24.5Nb24.5Ni24.5"",
    ""composition"": {
      ""Al"": 2,
      ""Co"": 24.5,
      ""Fe"": 24.5,
      ""Nb"": 24.5,
      ""Ni"": 24.5
    },
    ""number_of_elements"": 5,
    ""crystallographic_phases"": [
      {
        ""phase_type"": ""solid solution"",
        ""chemical_formula"": ""AlCoFeNiNb"",
        ""crystallographic_state"": ""crystalline"",
        ""structure"": ""face-centered cubic"",
        ""space_group"": ""Fm-3m (225)"",
        ""detection_method"": ""XRD, TEM/SAED"",
        ""details"": ""Disordered FCC solid solution matrix phase; contains Fe, Co, Ni, Nb, Al; part of fully eutectic lamellar microstructure""
      },
      {
        ""phase_type"": ""intermetallic compound"",
        ""chemical_formula"": ""(Fe,Co,Ni)(Nb,Al)2"",
        ""crystallographic_state"": ""crystalline"",
        ""structure"": ""hexagonal (C14 Laves phase)"",
        ""space_group"": ""P6₃/mmc (194)"",
        ""detection_method"": ""XRD, SEM/EDS, TEM/SAED"",
        ""details"": ""Multi-component Laves phase; 30.2 vol%; typical lamellar eutectic morphology; Nb-rich; contains Fe, Co, Ni, and Al per EDS""
      }
    ],
    ""precipitates"": [],
    ""synthesis_or_calculation"": {
      ""type"": ""experimental"",
      ""method"": ""vacuum arc melting"",
      ""parameters"": {
        ""atmosphere"": ""vacuum"",
        ""remelting_cycles"": 5,
        ""purity_of_raw_materials"": ""99.9 wt%""
      }
    },
    ""special_conditions"": ""As-cast state before oxidation; fully eutectic microstructure; no partial ordering observed"",
    ""phase_classification"": ""Mixed Solution""
  },
  ""(TaCr)6"": {
    ""chemical_formula"": ""Al2Co21.5Cr3Fe21.5Nb21.5Ni21.5Ta3"",
    ""composition"": {
      ""Al"": 2,
      ""Co"": 21.5,
      ""Cr"": 3,
      ""Fe"": 21.5,
      ""Nb"": 21.5,
      ""Ni"": 21.5,
      ""Ta"": 3
    },
    ""number_of_elements"": 7,
    ""crystallographic_phases"": [
      {
        ""phase_type"": ""solid solution"",
        ""chemical_formula"": ""AlCoCrFeNiNbTa"",
        ""crystallographic_state"": ""crystalline"",
        ""structure"": ""face-centered cubic"",
        ""space_group"": ""Fm-3m (225)"",
        ""detection_method"": ""XRD"",
        ""details"": ""Disordered FCC solid solution matrix; reduced volume fraction compared to (TaCr)0; contains dissolved Cr and Ta""
      },
      {
        ""phase_type"": ""intermetallic compound"",
        ""chemical_formula"": ""(Fe,Co,Ni)(Nb,Ta,Cr,Al)2"",
        ""crystallographic_state"": ""crystalline"",
        ""structure"": ""hexagonal (C14 Laves phase)"",
        ""space_group"": ""P6₃/mmc (194)"",
        ""detection_method"": ""XRD, SEM/EDS"",
        ""details"": ""Multi-component Laves phase; 54.3 vol%; mixed morphology with coarse primary Laves + refined eutectic Laves; enriched in Ta, Cr, Nb""
      }
    ],
    ""precipitates"": [],
    ""synthesis_or_calculation"": {
      ""type"": ""experimental"",
      ""method"": ""vacuum arc melting"",
      ""parameters"": {
        ""atmosphere"": ""vacuum"",
        ""remelting_cycles"": 5,
        ""purity_of_raw_materials"": ""99.9 wt%""
      }
    },
    ""special_conditions"": ""As-cast state before oxidation; original fully eutectic structure broken; no partial ordering observed"",
    ""phase_classification"": ""Mixed Solution""
  },
  ""(TaCr)10"": {
    ""chemical_formula"": ""Al2Co19.5Cr5Fe19.5Nb19.5Ni19.5Ta5"",
    ""composition"": {
      ""Al"": 2,
      ""Co"": 19.5,
      ""Cr"": 5,
      ""Fe"": 19.5,
      ""Nb"": 19.5,
      ""Ni"": 19.5,
      ""Ta"": 5
    },
    ""number_of_elements"": 7,
    ""crystallographic_phases"": [
      {
        ""phase_type"": ""solid solution"",
        ""chemical_formula"": ""AlCoCrFeNiNbTa"",
        ""crystallographic_state"": ""crystalline"",
        ""structure"": ""face-centered cubic"",
        ""space_group"": ""Fm-3m (225)"",
        ""detection_method"": ""XRD, TEM/SAED"",
        ""details"": ""Disordered FCC solid solution matrix; confirmed by SAED point 1 in Fig. 3; banded distribution rich in Fe, Co, Ni""
      },
      {
        ""phase_type"": ""intermetallic compound"",
        ""chemical_formula"": ""(Fe,Co,Ni)(Nb,Ta,Cr,Al)2"",
        ""crystallographic_state"": ""crystalline"",
        ""structure"": ""hexagonal (C14 Laves phase)"",
        ""space_group"": ""P6₃/mmc (194)"",
        ""detection_method"": ""XRD, SEM/EDS, TEM/SAED"",
        ""details"": ""Multi-component Laves phase; 60.3 vol%; confirmed by SAED point 2 in Fig. 3; both coarse primary and refined eutectic Laves present; contains Nb, Ta, Cr, Fe, Co, Ni""
      }
    ],
    ""precipitates"": [],
    ""synthesis_or_calculation"": {
      ""type"": ""experimental"",
      ""method"": ""vacuum arc melting"",
      ""parameters"": {
        ""atmosphere"": ""vacuum"",
        ""remelting_cycles"": 5,
        ""purity_of_raw_materials"": ""99.9 wt%""
      }
    },
    ""special_conditions"": ""As-cast state before oxidation; most extensively characterized alloy (TEM analysis); no partial ordering observed"",
    ""phase_classification"": ""Mixed Solution""
  },
  ""(TaCr)14"": {
    ""chemical_formula"": ""Al2Co17.5Cr7Fe17.5Nb17.5Ni17.5Ta7"",
    ""composition"": {
      ""Al"": 2,
      ""Co"": 17.5,
      ""Cr"": 7,
      ""Fe"": 17.5,
      ""Nb"": 17.5,
      ""Ni"": 17.5,
      ""Ta"": 7
    },
    ""number_of_elements"": 7,
    ""crystallographic_phases"": [
      {
        ""phase_type"": ""solid solution"",
        ""chemical_formula"": ""AlCoCrFeNiNbTa"",
        ""crystallographic_state"": ""crystalline"",
        ""structure"": ""face-centered cubic"",
        ""space_group"": ""Fm-3m (225)"",
        ""detection_method"": ""XRD"",
        ""details"": ""Disordered FCC solid solution matrix; smallest volume fraction among all four alloys""
      },
      {
        ""phase_type"": ""intermetallic compound"",
        ""chemical_formula"": ""(Fe,Co,Ni)(Nb,Ta,Cr,Al)2"",
        ""crystallographic_state"": ""crystalline"",
        ""structure"": ""hexagonal (C14 Laves phase)"",
        ""space_group"": ""P6₃/mmc (194)"",
        ""detection_method"": ""XRD, SEM/EDS"",
        ""details"": ""Multi-component Laves phase; 76.6 vol% (highest); predominantly coarse primary Laves morphology; highest Ta and Cr enrichment""
      }
    ],
    ""precipitates"": [],
    ""synthesis_or_calculation"": {
      ""type"": ""experimental"",
      ""method"": ""vacuum arc melting"",
      ""parameters"": {
        ""atmosphere"": ""vacuum"",
        ""remelting_cycles"": 5,
        ""purity_of_raw_materials"": ""99.9 wt%""
      }
    },
    ""special_conditions"": ""As-cast state before oxidation; highest Laves phase fraction; heavily refined eutectic lamellae; no partial ordering observed"",
    ""phase_classification"": ""Mixed Solution""
  }
}
```",True
parsed_output-10.1038-s41467-026-72958-9.pdf.md,parsed_output-10.1038-s41467-026-72958-9.pdf.md,"Based on my analysis of the paper, I have identified the high-entropy alloys (HEAs) that were experimentally synthesized and discussed as part of the work itself (excluding those mentioned only in the introduction or cited references). 

Here are the key alloys found in the paper:

1.  **RuRhPdIrPt** – Number of elements: 5
2.  **PdOsIrPtAu** – Number of elements: 5
3.  **RuRhPdIrPtW** – Number of elements: 6
4.  **RuRhPdIrPtCe** – Number of elements: 6
5.  **RuRhPdIrPtZr** – Number of elements: 6
6.  **RuPdOsIrPt** – Number of elements: 5 (used for the HOR catalyst)
7.  **RuRhPdIrPtFeCoNiCuW** – Number of elements: 10
8.  **PtW** – Number of elements: 2 (This is a binary alloy, not a high-entropy alloy but noted as a control for the W-immiscibility study)

The paper does not use variable stoichiometry notation (like x) for the alloys; all reported HEAs are near-equiatomic or at specific fixed molar ratios. No variable-x formulas were provided.

Note: While the paper also discusses incorporating Ga, La, and Mg, only the ones listed above are explicitly described as successfully synthesized and characterized as distinct alloy compositions in the main text. The RuPdOsIrPt catalyst has a specific measured composition of Ru:Pd:Os:Ir:Pt = 1.09:1.48:1.00:1.50:1.93, but is still reported under the general formula.","Based on the paper's characterization data (XRD, AC-STEM with FFT, HAADF-STEM elemental mapping, and XAS), here is the crystallographic analysis for each identified alloy:

---

### 1. **RuRhPdIrPt** (5 elements)
- **Crystallographic phase:** Single-phase FCC solid solution
- **Structure:** Face-centered cubic (FCC)
- **Space group:** *Fm-3m* (No. 225)
- **Evidence:** XRD pattern shows a single FCC phase with no phase separation (Fig. 1e); AC-STEM FFT confirms FCC lattice (Fig. 1b).
- **Precipitates/Secondary phases:** None observed. HAADF-STEM elemental maps show uniform distribution of all five elements with no segregation (Fig. 1c).

---

### 2. **PdOsIrPtAu** (5 elements)
- **Crystallographic phase:** Single-phase FCC solid solution
- **Structure:** Face-centered cubic (FCC)
- **Space group:** *Fm-3m* (No. 225)
- **Evidence:** XRD patterns show a single-phase FCC structure (Fig. 2d, Supplementary Fig. 21).
- **Precipitates/Secondary phases:** None observed. HAADF-STEM elemental maps confirm homogeneous mixing of Pd, Os, Ir, Pt, and Au within each nanoparticle (Fig. 2b for PdOsIrPtAu/Fe-N-C).

---

### 3. **RuRhPdIrPtW** (6 elements)
- **Crystallographic phase:** Single-phase FCC solid solution (with significant lattice distortion)
- **Structure:** Face-centered cubic (FCC), but heavily distorted
- **Space group:** *Fm-3m* (No. 225)
- **Evidence:** XRD shows single-phase metallic FCC without detectable WO₃ (Supplementary Fig. 37); XPS confirms metallic W⁰. AC-STEM reveals significant lattice distortion compared to RuRhPdIrPt (Fig. 5e, Supplementary Fig. 39).
- **Precipitates/Secondary phases:** 
  - **Amorphous metal clusters** and **single atoms** are observed in AC-STEM (Fig. 5e, Supplementary Fig. 39).
  - **Surface oxidation** of W upon air exposure (higher oxidation states of W in XPS) is noted.
  - The paper states that ""it is also possible that not all of the introduced W is fully reduced, and WO₃ clusters may be present"" – these would be amorphous or sub-XRD-detection-limit.
  - A particle with a large internal cavity and significant defects was captured, suggesting an intermediate state on the verge of splitting (Supplementary Fig. 40).

---

### 4. **RuRhPdIrPtCe** (6 elements)
- **Crystallographic phase:** Single-phase FCC solid solution
- **Structure:** Face-centered cubic (FCC)
- **Space group:** *Fm-3m* (No. 225)
- **Evidence:** After H₂ post-treatment at 900°C for 6 h, XRD shows single-phase metallic FCC structure (Supplementary Fig. 46); AC-STEM confirms FCC lattice (Fig. 5f); slight lattice parameter deviations from RuRhPdIrPt indicate successful Ce incorporation. XPS shows Ce mainly in metallic state (Ce⁰). Ce 3d XPS shows metallic state.
- **Precipitates/Secondary phases:** Minor oxidized Ce and Pt states attributed to post-oxidation upon air exposure. Some sintering was observed after the long thermal annealing, but no separate CeO₂ phase was detected by XRD. The paper notes ""the formation of residual oxide clusters is inevitable"" for high oxidation potential elements.

---

### 5. **RuRhPdIrPtZr** (6 elements)
- **Crystallographic phase:** Single-phase FCC solid solution (with ZrO₂ impurity)
- **Structure:** Face-centered cubic (FCC)
- **Space group:** *Fm-3m* (No. 225)
- **Evidence:** XRD shows single-phase FCC; however, a **ZrO₂ impurity** was explicitly observed due to the highly negative redox potential of ZrO₂ (mentioned in the discussion of reduction of high oxidation potential elements).
- **Precipitates/Secondary phases:** **ZrO₂ impurity phase** is present (crystallographic structure not specified, but likely monoclinic or tetragonal ZrO₂ typically). This impurity is noted explicitly in the text.

---

### 6. **RuPdOsIrPt** (5 elements) – HOR catalyst
- **Crystallographic phase:** Single-phase FCC solid solution
- **Structure:** Face-centered cubic (FCC)
- **Space group:** *Fm-3m* (No. 225)
- **Evidence:** XRD confirms single-phase FCC (Supplementary Fig. 59); EXAFS shows metallic bonding with Ru-M and Pt-M scattering at ~2.5 Å (Fig. 7a, Supplementary Fig. 65). Composition measured as Ru:Pd:Os:Ir:Pt = 1.09:1.48:1.00:1.50:1.93.
- **Precipitates/Secondary phases:** None observed. EXAFS indicates extended Ru-M and Pt-M bonds with broader peaks, indicating local lattice distortion characteristic of HEAs, but no phase separation.

---

### 7. **RuRhPdIrPtFeCoNiCuW** (10 elements)
- **Crystallographic phase:** Single-phase FCC solid solution
- **Structure:** Face-centered cubic (FCC)
- **Space group:** *Fm-3m* (No. 225)
- **Evidence:** HAADF-STEM elemental maps show homogeneous mixing of all 10 elements within nanoparticles (Fig. 5g); EXAFS/XANES confirms metallic states of Ni, Pd, and Pt with all elements showing similar metallic bonding distances of 2.3–2.5 Å (Fig. 5h–j).
- **Precipitates/Secondary phases:** None observed. EXAFS shows no aggregation of same elements (deviation from metal foil references), confirming atomic-level homogeneity.

---

### 8. **PtW** (2 elements) – Binary control alloy
- **Crystallographic phase:** Not a true HEA (only 2 elements); appears as distorted FCC/metallic phase
- **Structure:** Face-centered cubic (FCC) with heavy distortion
- **Space group:** *Fm-3m* (No. 225) – assumed based on Pt FCC
- **Evidence:** In flame-synthesized PtW/carbon, numerous single atoms and nanoclusters were observed in addition to distorted nanoparticles (Supplementary Fig. 41).
- **Precipitates/Secondary phases:** **Single atoms** and **nanoclusters** (amorphous or sub-nanometer) were observed via AC-STEM. These are not detected in XRD. The paper uses this as evidence of immiscible elements disrupting alloy lattice and promoting dispersed species.

---

### Summary Table

| Alloy Formula (alphabetical) | Elements | Phase | Structure | Space Group | Precipitates/Anomalies |
|---|---|---|---|---|---|
| IrOsPdPtRu | 5 | Single-phase solid solution | FCC | *Fm-3m* (225) | None |
| AuIrOsPdPt | 5 | Single-phase solid solution | FCC | *Fm-3m* (225) | None |
| IrPdPtRhRuW | 6 | Single-phase solid solution (distorted) | FCC | *Fm-3m* (225) | Amorphous clusters, single atoms, possible WO₃ clusters |
| CeIrPdPtRhRu | 6 | Single-phase solid solution | FCC | *Fm-3m* (225) | Minor surface oxidation, sintering after post-treatment |
| IrPdPtRhRuZr | 6 | Single-phase with impurity | FCC + ZrO₂ | *Fm-3m* (225) + ZrO₂ | **ZrO₂ impurity phase present** |
| IrOsPdPtRu | 5 | Single-phase solid solution | FCC | *Fm-3m* (225) | None |
| CoCuFeIrNiPdPtRhRuW | 10 | Single-phase solid solution | FCC | *Fm-3m* (225) | None |
| PtW | 2 | Distorted metallic (control) | FCC (distorted) | *Fm-3m* (225) | Single atoms, nanoclusters |

**Key observations:**
- All HEAs adopt the **FCC solid solution structure** (space group *Fm-3m*, No. 225).
- **No intermetallic compounds** were observed in any HEA, attributed to entropic stabilization in multicomponent systems (≥4 elements).
- **ZrO₂** is the only explicitly identified crystalline impurity phase (in RuRhPdIrPtZr).
- **Amorphous nanoclusters and single atoms** are evident in STEM micrographs for W-containing systems but are not detected in XRD.","Based on the paper, the materials were primarily **experimentally synthesized**, with **theoretical calculations (DFT)** used to explain and predict the underlying mechanisms (entropy-driven reduction, particle size effects, catalytic activity) rather than to pre-predict specific alloy compositions. Below is the detailed breakdown:

---

## 1. Theoretical Prediction/Mechanistic Analysis

**Method:** Density Functional Theory (DFT) using the Vienna Ab initio Simulation Package (VASP) with the PBE exchange-correlation functional.

**Key Parameters:**
- **Plane wave energy cutoff:** 520 eV
- **PAW pseudopotentials:** O, Ir, Pd, Pt, Au, Os_pv, Rh_pv, Ru_pv, Zr_sv, W_sv, Ce
- **Spin-polarized calculations** with ferromagnetic initialization
- **Force convergence criterion:** 0.02 eV/Å
- **Special Quasi-random Structures (SQS):** 125-atom (bulk) and 64-atom (surface) supercells generated via ATAT (Alloy Theoretic Automated Toolkit)
- **Surface slabs:** 5-layer FCC (111) slabs with vacuum gaps ≥10 Å
- **k-point meshes:** Γ-centered Monkhorst-Pack, density of 30 Å per reciprocal vector (bulk metals); 2×2×2 for HEA supercells
- **DFT-D3 van der Waals correction** for molecular/oxide cluster calculations
- **Temperature for thermodynamic calculations:** 800°C (1073.15 K)

**Theoretical Findings:**

| System | Parameter | Value |
|---|---|---|
| PdOsIrPtAu | Average (111) surface energy | 1.35 J/m² |
| Pure metals (weighted average) | (111) surface energy | 1.68 J/m² |
| PdOsIrPtAu | Bulk enthalpy of mixing | 0.19 eV/atom |
| RuRhPdIrPt | Average (111) surface energy | 1.96 J/m² |
| RuRhPdIrPt | Bulk enthalpy of mixing | 0.02 eV/atom |
| Equimolar quinary HEA | Configurational entropy at 800°C | 0.14 eV/atom (k_B T ln n, n=5) |

**Predicted Mechanisms:**
- HEA surfaces weaken M–O bonds (M = W, Ce, Zr) by **0.5–0.7 eV** relative to pure metal environments
- ΔG of oxide reduction changes from positive (vacuum) to negative (on HEA (111) surface):
  - **W:** +0.15 eV (vacuum) → −0.5 ± 0.3 eV (HEA)
  - **Ce:** +2.38 eV → −1.0 ± 0.3 eV
  - **Zr:** +1.76 eV → −1.3 ± 0.3 eV
- Catalytic HOR: RDS barrier of 0.16 eV on RuPdOsIrPt vs. 0.19 eV on RuPt

---

## 2. Experimental Synthesis

**Method:** Non-equilibrium reducing flame aerosol process (modified Flame-Assisted Spray Pyrolysis, FASP)

**Key Synthesis Parameters:**

| Parameter | Value |
|---|---|
| Flame type | Inverted diffusion flame (O₂ center, H₂/N₂ annular) |
| Gas flow rates | H₂: 15 L/min, N₂: 6 L/min, O₂: 3.5 L/min |
| Reaction chamber temperature | ~720°C |
| Nozzle geometry | Converging-diverging (drill Ø0.1111 inch, #34) |
| Precursor injection | Through two ports (drill Ø0.1040 inch, #37), peristaltic pump, 250 mL/h |
| Precursor solution | Aqueous metal chloride salts, 5 mM total metal cation, SDS dispersant |
| Heating/cooling rates | 10⁵–10⁶ K/s |
| Droplet residence time | Milliseconds (evaporation time of few to tens of ms) |
| Quench | 100 L/min cold N₂ at reactor exit |
| Collection | Filter membrane, downstream vacuum pump |
| Post-washing | 3× ethanol, dried in air at 100°C overnight |

**Support Materials Demonstrated:**
- Carbon black (Ketjenblack 300)
- TiO₂ nanocrystals (anatase, <25 nm)
- Carbon nanotubes (8–15 nm OD)
- Graphene (HydroGraph, fractal dimension D_f = 2.5 ± 0.1)
- UiO-66 MOF (Zr-based, synthesized via solvothermal method)
- Fe-N-C (pyrolyzed Fe₂O₃-doped ZIF-8 at 1100°C in 10% H₂/Ar)
- Mesoporous silica (in-situ formed via TEOS + CTAB sol-gel chemistry)

**Metal Loading:**
- Supported HEAs: 10–80 wt.% metal:support ratio
- Mesoporous silica HEAs: 1–50 wt.% metal:SiO₂ ratio

**Phases Obtained After Synthesis:**
- Single-phase FCC solid solution (all HEAs)
- No phase separation or intermetallic formation observed
- For RuRhPdIrPt/carbon: geometric mean diameter 2.46 nm (40 wt.%), 3.80 nm (80 wt.%)
- Support-free HEA showed phase separation between HEA and high-entropy oxide (reduced by H₂-TPR at low temperature)

---

## 3. Post-Processing Treatments

### a) Ethanol Washing (All Samples)
- **Purpose:** Remove SDS surfactant and CTAB template (for mesoporous silica)
- **Conditions:** 3× ethanol wash, dried in air at 100°C overnight

### b) H₂ Temperature-Programmed Reduction (H₂-TPR) – Select Sample Only
- **Sample:** Support-free RuRhPdIrPt (to demonstrate oxide reducibility)
- **Conditions:** 10% H₂/Ar, 50 mL/min, heated to 850°C at 10°C/min ramp
- **Result:** Converted high-entropy oxide → homogeneous metallic HEA

### c) H₂ Post-Treatment Annealing – High Oxidation Potential Elements Only (Ce, La, Mg, Zr)
- **Purpose:** Reduce and incorporate ceramic elements (Ce, La, Mg, Zr) into HEA
- **Conditions:** 800–1000°C in H₂ atmosphere
- **Example (Ce):** 900°C, 6 h, flowing H₂
- **Sample:** RuRhPdIrPt-CeO₂/carbon (from initial flame synthesis) → RuRhPdIrPtCe/carbon
- **Results:**
  - Formation of single-phase FCC metallic structure
  - Ce incorporated into alloy (Ce mainly metallic Ce⁰ in XPS)
  - Some sintering occurred: particle size increased, geometric mean diameter 6.94 nm with broader distribution
  - ZrO₂ impurity remained in RuRhPdIrPtZr sample due to highly negative redox potential of ZrO₂

### d) No Post-Processing for W-Containing Alloys
- RuRhPdIrPtW was used **as-synthesized** (no H₂ post-treatment) since W was reduced during flame process
- RuRhPdIrPtFeCoNiCuW (10-element HEA) also used as-synthesized

---

## Phase Evolution Across Processing Stages

| Stage | Example: RuRhPdIrPt-Ce | Example: RuRhPdIrPtW |
|---|---|---|
| **As-synthesized (flame)** | FCC metallic HEA + CeO₂ (oxide, not reduced) | FCC metallic HEA (distorted, with W⁰) + amorphous clusters/single atoms |
| **After H₂ post-treatment (900°C, 6h)** | Single-phase FCC metallic HEA (Ce incorporated, Ce⁰) | Not applicable (no post-treatment applied) |
| **Changes observed** | CeO₂ → Ce⁰ in alloy lattice; particle sintering (increase to 6.94 nm); broader size distribution | No change (as-synthesized used) |

| Stage | Example: Supported HEA (RuRhPdIrPt/carbon) |
|---|---|
| **As-synthesized (flame)** | Single-phase FCC HEA nanoparticles, 2.46 nm (40 wt.%), no impurities |
| **After ethanol washing** | Same structure; surfactant/template removed; no structural change |
| **After air drying (100°C)** | No structural change; carbon structure undamaged (Raman confirms similar I_D/I_G) |

---

## Summary Table of Treatment/Outcome

| Treatment | Applied To | Conditions | Phase/Structure Outcome |
|---|---|---|---|
| Ethanol washing (3×) | All samples | Room temperature | Removes SDS/CTAB; no structural change |
| Air drying | All samples | 100°C, overnight | No structural change |
| H₂-TPR | Support-free RuRhPdIrPt only | 10% H₂/Ar, 850°C, 10°C/min | Oxide → metallic HEA; single-phase FCC |
| H₂ annealing (800–1000°C) | RuRhPdIrPt-oxide/carbon (Ce, La, Mg, Zr) | 900°C, 6 h (for Ce) | Oxide → metallic; single-phase FCC; some sintering |
| None | RuRhPdIrPtW, 10-element HEA, all other alloys | — | Used as-synthesized |","Based on my thorough analysis of the paper, **none of the synthesized alloys form a partially ordered structure or High Entropy Intermetallic**. All alloys exhibit a **disordered single-phase FCC solid solution** structure throughout the study.

---

## Evidence Against Partially Ordered Structures

### 1. Explicit Statements in the Paper

The paper directly addresses this point in the discussion of high oxidation potential elements:

> ""Additionally, Pt-based alloys typically transform to intermetallics under high-temperature hydrogen reduction. However, **no intermetallic formation was observed in any of the HEA materials studied here**. We attribute this to the entropic stabilization effect of high-entropy materials. In multicomponent systems (≥4 elements), entropy dominates over enthalpy, favoring the formation of **disordered alloy solid solutions over ordered intermetallic compounds**.""

This statement confirms:
- No intermetallic phases (including partially ordered structures) were detected in any HEA
- The entropic stabilization effect prevents ordering in all systems studied

---

### 2. Structural Characterization Evidence

| Alloy | Characterization Method | Result | Ordered Structure? |
|---|---|---|---|
| **RuRhPdIrPt** | XRD (Fig. 1e), AC-STEM FFT (Fig. 1b) | Single-phase FCC, no superlattice reflections | No |
| **PdOsIrPtAu** | XRD (Fig. 2d, Supp. Fig. 21) | Single-phase FCC | No |
| **RuRhPdIrPtW** | XRD (Supp. Fig. 37), AC-STEM (Fig. 5e) | Single-phase FCC with lattice distortion; no WO₃ or intermetallic peaks | No |
| **RuRhPdIrPtCe** | XRD (Supp. Fig. 46), AC-STEM (Fig. 5f) | Single-phase FCC after H₂ post-treatment | No |
| **RuRhPdIrPtZr** | XRD | Single-phase FCC + ZrO₂ impurity (oxide, not intermetallic) | No |
| **RuPdOsIrPt** | XRD (Supp. Fig. 59), EXAFS (Fig. 7a) | Single-phase FCC; broadened EXAFS peaks indicate local distortion but no long-range ordering | No |
| **RuRhPdIrPtFeCoNiCuW** | XAS (Fig. 5h–j), HAADF-STEM (Fig. 5g) | Single-phase FCC; all elements show metallic bonding distances of 2.3–2.5 Å | No |
| **PtW (binary control)** | AC-STEM (Supp. Fig. 41) | Distorted FCC with single atoms/nanoclusters; no intermetallic detected | No |

---

### 3. Supporting Evidence from EXAFS Analysis

For the 10-element HEA (RuRhPdIrPtFeCoNiCuW), the EXAFS analysis (Fig. 5h–j) provides additional confirmation of the disordered state:

- **Ni K-edge, Pd K-edge, and Pt L₃-edge EXAFS** all show similar metallic bonding distances of 2.3–2.5 Å
- The M–M bond peak positions **exhibit obvious deviation compared to the corresponding metal foil references**
- This deviation indicates that **atoms of the same element were not aggregated** in the HEA nanoparticles
- If an ordered or partially ordered structure existed, one would expect to see distinct coordination shells with element-specific bond lengths, which is not observed

---

### 4. DFT Calculations Support Disordered Structure

The DFT calculations used **Special Quasi-random Structures (SQS)** to model the HEAs. The SQS method is specifically designed to mimic the **fully disordered** random solid solution state. The fact that the calculated properties (surface energies, O desorption energies, reaction free energies) matched experimental observations (entropy-driven reduction, particle size effects, catalytic activity) further validates that the alloys are indeed disordered.

---

### 5. Lattice Distortion vs. Ordering

While some alloys (particularly W-containing and Ce-containing systems) show significant **lattice distortion** (evident in AC-STEM and broadened EXAFS peaks), this is a characteristic of the **severe lattice distortion effect** in disordered HEAs—not evidence of ordering. Lattice distortion arises from atomic size mismatches among randomly distributed elements, whereas ordering would manifest as:
- Superlattice reflections in XRD/FFT
- Distinct, sharp coordination shells in EXAFS
- Element-specific bond length segregation

None of these signatures were observed.

---

### 6. Exceptional Case: PtW Binary Alloy

The **PtW** binary system was synthesized as a control experiment. While this is **not a high-entropy alloy** (only 2 elements), it is worth noting:
- No intermetallic PtW or Pt₃W phases were detected in XRD
- AC-STEM showed distorted nanoparticles, single atoms, and nanoclusters
- This further confirms that even in binary systems, the non-equilibrium flame process suppresses intermetallic formation

---

## Classification Summary

| Alloy | Classification |
|---|---|
| RuRhPdIrPt | Disordered FCC solid solution |
| PdOsIrPtAu | Disordered FCC solid solution |
| RuRhPdIrPtW | Disordered FCC solid solution (heavily distorted) |
| RuRhPdIrPtCe | Disordered FCC solid solution |
| RuRhPdIrPtZr | Disordered FCC solid solution + ZrO₂ impurity |
| RuPdOsIrPt | Disordered FCC solid solution |
| RuRhPdIrPtFeCoNiCuW | Disordered FCC solid solution |
| PtW (binary control) | Distorted metallic phase, no intermetallic |

**Conclusion:** All alloys in this study are **disordered single-phase FCC solid solutions**. No **High Entropy Intermetallic** or partially ordered structures were formed in any of the synthesized materials, both in their as-synthesized state and after H₂ post-treatment annealing.","```json
{
  ""RuRhPdIrPt"": {
    ""chemical_formula"": ""IrPdPtRhRu"",
    ""number_of_elements"": 5,
    ""composition"": ""Near-equiatomic (equal molar ratio of Ru, Rh, Pd, Ir, Pt)"",
    ""crystallographic_phases"": [
      {
        ""phase_type"": ""solid solution"",
        ""chemical_formula"": ""IrPdPtRhRu"",
        ""crystallographic_state"": ""crystalline"",
        ""structure"": ""face-centered cubic"",
        ""space_group"": ""Fm-3m (No. 225)"",
        ""detection_method"": ""XRD, AC-STEM FFT"",
        ""details"": ""Single-phase FCC with no phase separation; uniform elemental distribution confirmed by HAADF-STEM mapping""
      }
    ],
    ""precipitates"": [],
    ""synthesis_or_calculation"": {
      ""type"": ""experimental"",
      ""method"": ""Non-equilibrium reducing flame aerosol process (modified FASP)"",
      ""parameters"": {
        ""flame_type"": ""Inverted diffusion flame (O2 center, H2/N2 annular)"",
        ""gas_flow_rates"": ""H2: 15 L/min, N2: 6 L/min, O2: 3.5 L/min"",
        ""reactor_temperature"": ""~720°C"",
        ""precursor"": ""Aqueous RuCl3, RhCl3, PdCl2, IrCl3, PtCl4 (5 mM total metal)"",
        ""metal_loading"": ""40 wt.% (2.46 nm) or 80 wt.% (3.80 nm) on carbon"",
        ""quench"": ""100 L/min cold N2"",
        ""drying"": ""100°C in air overnight""
      }
    },
    ""theoretical_details"": {
      ""type"": ""DFT (VASP, PBE functional)"",
      ""parameters"": {
        ""energy_cutoff"": ""520 eV"",
        ""model"": ""125-atom SQS (FCC)"",
        ""surface_energy"": ""1.96 J/m²"",
        ""enthalpy_of_mixing"": ""0.02 eV/atom"",
        ""configurational_entropy"": ""0.14 eV/atom at 800°C""
      }
    },
    ""special_conditions"": ""None"",
    ""phase_classification"": ""Single Solid Solution""
  },
  ""PdOsIrPtAu"": {
    ""chemical_formula"": ""AuIrOsPdPt"",
    ""number_of_elements"": 5,
    ""composition"": ""Near-equiatomic"",
    ""crystallographic_phases"": [
      {
        ""phase_type"": ""solid solution"",
        ""chemical_formula"": ""AuIrOsPdPt"",
        ""crystallographic_state"": ""crystalline"",
        ""structure"": ""face-centered cubic"",
        ""space_group"": ""Fm-3m (No. 225)"",
        ""detection_method"": ""XRD"",
        ""details"": ""Single-phase FCC; homogeneous mixing confirmed by HAADF-STEM on Fe-N-C support""
      }
    ],
    ""precipitates"": [],
    ""synthesis_or_calculation"": {
      ""type"": ""experimental"",
      ""method"": ""Non-equilibrium reducing flame aerosol process"",
      ""parameters"": {
        ""precursors"": ""PdCl2, OsCl3·3H2O, IrCl3·3H2O, PtCl4, AuCl3"",
        ""supports"": ""Fe-N-C (40 wt.%) or in-situ mesoporous silica (15 wt.%)"",
        ""reactor_temperature"": ""~720°C"",
        ""quench"": ""100 L/min cold N2"",
        ""drying"": ""100°C in air overnight""
      }
    },
    ""theoretical_details"": {
      ""type"": ""DFT (VASP, PBE functional)"",
      ""parameters"": {
        ""energy_cutoff"": ""520 eV"",
        ""model"": ""125-atom SQS (FCC)"",
        ""surface_energy"": ""1.35 J/m²"",
        ""pure_metal_weighted_surface_energy"": ""1.68 J/m²"",
        ""enthalpy_of_mixing"": ""0.19 eV/atom""
      }
    },
    ""special_conditions"": ""None"",
    ""phase_classification"": ""Single Solid Solution""
  },
  ""RuRhPdIrPtW"": {
    ""chemical_formula"": ""IrPdPtRhRuW"",
    ""number_of_elements"": 6,
    ""composition"": ""RuRhPdIrPt + W (nominal, near-equiatomic among 6 elements)"",
    ""crystallographic_phases"": [
      {
        ""phase_type"": ""solid solution"",
        ""chemical_formula"": ""IrPdPtRhRuW"",
        ""crystallographic_state"": ""crystalline (heavily distorted)"",
        ""structure"": ""face-centered cubic"",
        ""space_group"": ""Fm-3m (No. 225)"",
        ""detection_method"": ""XRD, AC-STEM"",
        ""details"": ""Single-phase FCC with significant lattice distortion; no WO3 phase detected in XRD; W0 confirmed by XPS""
      }
    ],
    ""precipitates"": [
      {
        ""chemical_formula"": ""WO3 (possible)"",
        ""detection_method"": ""XPS (suspected), not XRD"",
        ""details"": ""Higher oxidation states of W after air exposure; paper states possible WO3 clusters may be present but not fully reduced""
      },
      {
        ""chemical_formula"": ""Single atoms and amorphous nanoclusters"",
        ""detection_method"": ""AC-STEM"",
        ""details"": ""Numerous single atoms, nanoclusters, and amorphous metal species observed; particle with internal cavity captured""
      }
    ],
    ""synthesis_or_calculation"": {
      ""type"": ""experimental"",
      ""method"": ""Non-equilibrium reducing flame aerosol process"",
      ""parameters"": {
        ""precursors"": ""RuCl3, RhCl3, PdCl2, IrCl3, PtCl4, (NH4)6H2W12O40·H2O"",
        ""support"": ""Carbon (40 wt.%)"",
        ""reactor_temperature"": ""~720°C"",
        ""quench"": ""100 L/min cold N2"",
        ""post_treatment"": ""None (as-synthesized)""
      }
    },
    ""theoretical_details"": {
      ""type"": ""DFT (VASP, PBE functional)"",
      ""parameters"": {
        ""O_desorption_energy"": ""HEA surface lowers W-O bond energy by 0.5-0.7 eV vs pure W"",
        ""reduction_Gibbs_energy"": ""+0.15 eV (vacuum) to -0.5 ± 0.3 eV (on HEA surface)"",
        ""model"": ""FCC (111) slab with W substitution, 25 surface sites sampled""
      }
    },
    ""special_conditions"": ""W is immiscible; causes lattice distortion and formation of dispersed species; sample used as-synthesized"",
    ""phase_classification"": ""Mixed Solution""
  },
  ""RuRhPdIrPtCe"": {
    ""chemical_formula"": ""CeIrPdPtRhRu"",
    ""number_of_elements"": 6,
    ""composition"": ""RuRhPdIrPt + Ce (nominal)"",
    ""crystallographic_phases"": [
      {
        ""phase_type"": ""solid solution"",
        ""chemical_formula"": ""CeIrPdPtRhRu"",
        ""crystallographic_state"": ""crystalline"",
        ""structure"": ""face-centered cubic"",
        ""space_group"": ""Fm-3m (No. 225)"",
        ""detection_method"": ""XRD, AC-STEM"",
        ""details"": ""Single-phase FCC after H2 post-treatment; Ce mainly metallic (Ce0) per XPS; slight lattice parameter deviation indicating Ce incorporation""
      }
    ],
    ""precipitates"": [
      {
        ""chemical_formula"": ""CeO2 (before post-treatment)"",
        ""detection_method"": ""XPS, implied"",
        ""details"": ""Initial flame synthesis produced RuRhPdIrPt-CeO2/carbon; CeO2 reduced to Ce0 during H2 annealing""
      }
    ],
    ""synthesis_or_calculation"": {
      ""type"": ""experimental"",
      ""method"": ""Non-equilibrium reducing flame aerosol process + H2 post-treatment"",
      ""parameters"": {
        ""flame_synthesis"": ""Ce(NO3)3·6H2O added to Ru/Rh/Pd/Ir/Pt chlorides; ~720°C; 40 wt.% on carbon"",
        ""post_treatment"": ""H2 atmosphere, 900°C, 6 hours"",
        ""quench"": ""100 L/min cold N2""
      }
    },
    ""theoretical_details"": {
      ""type"": ""DFT (VASP, PBE functional)"",
      ""parameters"": {
        ""O_desorption_energy"": ""HEA surface lowers Ce-O bond energy by 0.5-0.7 eV vs pure Ce"",
        ""reduction_Gibbs_energy"": ""+2.38 eV (vacuum) to -1.0 ± 0.3 eV (on HEA surface)"",
        ""model"": ""FCC (111) slab with Ce substitution, 15 desorption configurations sampled""
      }
    },
    ""special_conditions"": ""Required H2 post-treatment at 900°C for 6h to reduce CeO2; some sintering observed (particle size increased to 6.94 nm)"",
    ""phase_classification"": ""Mixed Solution""
  },
  ""RuRhPdIrPtZr"": {
    ""chemical_formula"": ""IrPdPtRhRuZr"",
    ""number_of_elements"": 6,
    ""composition"": ""RuRhPdIrPt + Zr (nominal)"",
    ""crystallographic_phases"": [
      {
        ""phase_type"": ""solid solution"",
        ""chemical_formula"": ""IrPdPtRhRuZr"",
        ""crystallographic_state"": ""crystalline"",
        ""structure"": ""face-centered cubic"",
        ""space_group"": ""Fm-3m (No. 225)"",
        ""detection_method"": ""XRD"",
        ""details"": ""Single-phase FCC solid solution present""
      }
    ],
    ""precipitates"": [
      {
        ""chemical_formula"": ""ZrO2"",
        ""detection_method"": ""XRD"",
        ""details"": ""ZrO2 impurity phase explicitly observed due to highly negative redox potential of ZrO2""
      }
    ],
    ""synthesis_or_calculation"": {
      ""type"": ""experimental"",
      ""method"": ""Non-equilibrium reducing flame aerosol process + H2 post-treatment"",
      ""parameters"": {
        ""flame_synthesis"": ""ZrCl4 added to Ru/Rh/Pd/Ir/Pt chlorides; ~720°C; carbon support"",
        ""post_treatment"": ""H2 atmosphere, 800-1000°C (typical)"",
        ""quench"": ""100 L/min cold N2""
      }
    },
    ""theoretical_details"": {
      ""type"": ""DFT (VASP, PBE functional)"",
      ""parameters"": {
        ""O_desorption_energy"": ""HEA surface lowers Zr-O bond energy by 0.5-0.7 eV vs pure Zr"",
        ""reduction_Gibbs_energy"": ""+1.76 eV (vacuum) to -1.3 ± 0.3 eV (on HEA surface)"",
        ""model"": ""FCC (111) slab with Zr substitution, 64 desorption configurations sampled""
      }
    },
    ""special_conditions"": ""ZrO2 impurity remains even after H2 post-treatment due to extremely negative redox potential"",
    ""phase_classification"": ""Mixed Solution""
  },
  ""RuPdOsIrPt"": {
    ""chemical_formula"": ""IrOsPdPtRu"",
    ""number_of_elements"": 5,
    ""composition"": ""Ru:Pd:Os:Ir:Pt = 1.09:1.48:1.00:1.50:1.93 (measured by ICP-OES)"",
    ""crystallographic_phases"": [
      {
        ""phase_type"": ""solid solution"",
        ""chemical_formula"": ""IrOsPdPtRu"",
        ""crystallographic_state"": ""crystalline"",
        ""structure"": ""face-centered cubic"",
        ""space_group"": ""Fm-3m (No. 225)"",
        ""detection_method"": ""XRD, EXAFS"",
        ""details"": ""Single-phase FCC; EXAFS shows broadened Ru-M and Pt-M peaks indicating local lattice distortion; average diameter 2.48 ± 0.51 nm on graphene""
      }
    ],
    ""precipitates"": [],
    ""synthesis_or_calculation"": {
      ""type"": ""experimental"",
      ""method"": ""Non-equilibrium reducing flame aerosol process"",
      ""parameters"": {
        ""precursors"": ""RuCl3, PdCl2, OsCl3·3H2O, IrCl3·3H2O, PtCl4"",
        ""support"": ""Graphene (40 wt.%)"",
        ""reactor_temperature"": ""~720°C"",
        ""quench"": ""100 L/min cold N2"",
        ""drying"": ""100°C in air overnight""
      }
    },
    ""theoretical_details"": {
      ""type"": ""DFT (VASP, PBE functional)"",
      ""parameters"": {
        ""model"": ""64-atom SQS (FCC 111 surface, 4-layer slab)"",
        ""HOR_activation_barrier"": ""0.16 eV (vs 0.19 eV for RuPt)"",
        ""OHBE"": ""Enhanced vs RuPt"",
        ""H2OBE"": ""Weakened vs RuPt"",
        ""HBE"": ""Slightly stronger vs RuPt""
      }
    },
    ""special_conditions"": ""Used as HOR electrocatalyst; demonstrated high activity and stability (91% exchange current density retention after 10000 cycles)"",
    ""phase_classification"": ""Single Solid Solution""
  },
  ""RuRhPdIrPtFeCoNiCuW"": {
    ""chemical_formula"": ""CoCuFeIrNiPdPtRhRuW"",
    ""number_of_elements"": 10,
    ""composition"": ""RuRhPdIrPtFeCoNiCuW (near-equiatomic among 10 elements)"",
    ""crystallographic_phases"": [
      {
        ""phase_type"": ""solid solution"",
        ""chemical_formula"": ""CoCuFeIrNiPdPtRhRuW"",
        ""crystallographic_state"": ""crystalline"",
        ""structure"": ""face-centered cubic"",
        ""space_group"": ""Fm-3m (No. 225)"",
        ""detection_method"": ""HAADF-STEM, XAS (EXAFS/XANES)"",
        ""details"": ""Single-phase FCC; homogeneous mixing of all 10 elements confirmed; EXAFS shows all elements with metallic bonding distances of 2.3-2.5 Å; no element segregation (deviation from metal foil references)""
      }
    ],
    ""precipitates"": [],
    ""synthesis_or_calculation"": {
      ""type"": ""experimental"",
      ""method"": ""Non-equilibrium reducing flame aerosol process"",
      ""parameters"": {
        ""precursors"": ""RuCl3, RhCl3, PdCl2, IrCl3, PtCl4, FeCl2·4H2O, CoCl2·6H2O, NiCl2, CuCl2·2H2O, (NH4)6H2W12O40·H2O"",
        ""support"": ""Carbon (40 wt.%)"",
        ""reactor_temperature"": ""~720°C"",
        ""quench"": ""100 L/min cold N2"",
        ""drying"": ""100°C in air overnight""
      }
    },
    ""theoretical_details"": {
      ""type"": ""DFT (VASP, PBE functional) - mechanistic support only"",
      ""parameters"": {
        ""entropy_contribution"": ""Significant configurational entropy enabling incorporation of Fe, Co, Ni, Cu, W"",
        ""XAS_analysis"": ""Metallic states confirmed for Ni, Pd, Pt (lower white-line intensity vs oxides)""
      }
    },
    ""special_conditions"": ""Demonstrates entropy-induced reduction mechanism; no intermetallic formation despite high-temperature synthesis"",
    ""phase_classification"": ""Single Solid Solution""
  },
  ""PtW"": {
    ""chemical_formula"": ""PtW"",
    ""number_of_elements"": 2,
    ""composition"": ""Binary alloy (control experiment)"",
    ""crystallographic_phases"": [
      {
        ""phase_type"": ""solid solution (heavily distorted)"",
        ""chemical_formula"": ""PtW"",
        ""crystallographic_state"": ""crystalline (distorted)"",
        ""structure"": ""face-centered cubic"",
        ""space_group"": ""Fm-3m (No. 225)"",
        ""detection_method"": ""AC-STEM"",
        ""details"": ""Distorted FCC nanoparticles observed; no intermetallic PtW or Pt3W phases detected""
      }
    ],
    ""precipitates"": [
      {
        ""chemical_formula"": ""Single atoms and nanoclusters"",
        ""detection_method"": ""AC-STEM"",
        ""details"": ""Numerous single atoms and nanoclusters observed alongside distorted nanoparticles""
      }
    ],
    ""synthesis_or_calculation"": {
      ""type"": ""experimental"",
      ""method"": ""Non-equilibrium reducing flame aerosol process"",
      ""parameters"": {
        ""precursors"": ""PtCl4, (NH4)6H2W12O40·H2O"",
        ""support"": ""Carbon"",
        ""reactor_temperature"": ""~720°C"",
        ""quench"": ""100 L/min cold N2""
      }
    },
    ""theoretical_details"": {},
    ""special_conditions"": ""Binary control demonstrating immiscible W disrupts alloy lattice and promotes dispersed species; not a true HEA (only 2 elements)"",
    ""phase_classification"": ""Mixed Solution""
  },
  ""RuRhPdIrPt_Ga"": {
    ""chemical_formula"": ""GaIrPdPtRhRu"",
    ""number_of_elements"": 6,
    ""composition"": ""RuRhPdIrPt + Ga (nominal)"",
    ""crystallographic_phases"": [
      {
        ""phase_type"": ""solid solution"",
        ""chemical_formula"": ""GaIrPdPtRhRu"",
        ""crystallographic_state"": ""crystalline"",
        ""structure"": ""face-centered cubic"",
        ""space_group"": ""Fm-3m (No. 225)"",
        ""detection_method"": ""Supplementary Fig. 45 (referenced)"",
        ""details"": ""Single-phase FCC expected; Ga acts as immiscible element preventing particle growth (similar to W)""
      }
    ],
    ""precipitates"": [],
    ""synthesis_or_calculation"": {
      ""type"": ""experimental"",
      ""method"": ""Non-equilibrium reducing flame aerosol process"",
      ""parameters"": {
        ""precursors"": ""RuCl3, RhCl3, PdCl2, IrCl3, PtCl4, Ga(NO3)3·H2O"",
        ""support"": ""Carbon"",
        ""reactor_temperature"": ""~720°C"",
        ""quench"": ""100 L/min cold N2"",
        ""reference"": ""Supplementary Fig. 45""
      }
    },
    ""theoretical_details"": {},
    ""special_conditions"": ""Ga is low-melting-point immiscible element; non-equilibrium method suppresses diffusion, preventing the large particle formation (20-100 nm) seen in equilibrium liquid Ga methods"",
    ""phase_classification"": ""Single Solid Solution""
  },
  ""RuRhPdIrPt_La"": {
    ""chemical_formula"": ""IrLaPdPtRhRu"",
    ""number_of_elements"": 6,
    ""composition"": ""RuRhPdIrPt + La (nominal)"",
    ""crystallographic_phases"": [
      {
        ""phase_type"": ""solid solution"",
        ""chemical_formula"": ""IrLaPdPtRhRu"",
        ""crystallographic_state"": ""crystalline"",
        ""structure"": ""face-centered cubic"",
        ""space_group"": ""Fm-3m (No. 225)"",
        ""detection_method"": ""Supplementary Fig. 50 (referenced)"",
        ""details"": ""Single-phase FCC after H2 post-treatment (analogous to Ce incorporation)""
      }
    ],
    ""precipitates"": [],
    ""synthesis_or_calculation"": {
      ""type"": ""experimental"",
      ""method"": ""Non-equilibrium reducing flame aerosol process + H2 post-treatment"",
      ""parameters"": {
        ""flame_synthesis"": ""La(NO3)3·6H2O added to Ru/Rh/Pd/Ir/Pt chlorides; ~720°C; carbon support"",
        ""post_treatment"": ""H2 atmosphere, 800-1000°C"",
        ""reference"": ""Supplementary Figs. 50-52""
      }
    },
    ""theoretical_details"": {},
    ""special_conditions"": ""Ceramic element requiring H2 post-treatment for reduction and incorporation into HEA"",
    ""phase_classification"": ""Single Solid Solution""
  },
  ""RuRhPdIrPt_Mg"": {
    ""chemical_formula"": ""IrMgPdPtRhRu"",
    ""number_of_elements"": 6,
    ""composition"": ""RuRhPdIrPt + Mg (nominal)"",
    ""crystallographic_phases"": [
      {
        ""phase_type"": ""solid solution"",
        ""chemical_formula"": ""IrMgPdPtRhRu"",
        ""crystallographic_state"": ""crystalline"",
        ""structure"": ""face-centered cubic"",
        ""space_group"": ""Fm-3m (No. 225)"",
        ""detection_method"": ""Supplementary Fig. 50 (referenced)"",
        ""details"": ""Single-phase FCC after H2 post-treatment (analogous to Ce incorporation)""
      }
    ],
    ""precipitates"": [],
    ""synthesis_or_calculation"": {
      ""type"": ""experimental"",
      ""method"": ""Non-equilibrium reducing flame aerosol process + H2 post-treatment"",
      ""parameters"": {
        ""flame_synthesis"": ""Mg(NO3)2·6H2O added to Ru/Rh/Pd/Ir/Pt chlorides; ~720°C; carbon support"",
        ""post_treatment"": ""H2 atmosphere, 800-1000°C"",
        ""reference"": ""Supplementary Figs. 50-52""
      }
    },
    ""theoretical_details"": {},
    ""special_conditions"": ""Ceramic element requiring H2 post-treatment for reduction and incorporation into HEA"",
    ""phase_classification"": ""Single Solid Solution""
  }
}
```",True
parsed_output-10.1039-d6ra03618j.pdf.md,parsed_output-10.1039-d6ra03618j.pdf.md,"Based on my analysis of the paper, the high-entropy alloys (HEAs) discussed in the experimental sections (excluding those cited in the introduction as prior work) are as follows:

1. **FeCoNiCuAl** (BM-280)  
   - Number of elements: 5  
   - Chemical formula (alphabetically sorted): AlCoCuFeNi  
   - Description: Homogeneous HEA powders processed via melt-spinning and ball milling at 280 rpm.

2. **FeCoNiCuAl** (BM-200)  
   - Number of elements: 5  
   - Chemical formula (alphabetically sorted): AlCoCuFeNi  
   - Description: Same nominal composition, ball-milled at 200 rpm.

3. **FeCoNiCuAl** (GA-FP)  
   - Number of elements: 5  
   - Chemical formula (alphabetically sorted): AlCoCuFeNi  
   - Description: Gas-atomized HEA powders with fine particle size (1–25 μm).

4. **FeCoNiCuAl** (GA-CP)  
   - Number of elements: 5  
   - Chemical formula (alphabetically sorted): AlCoCuFeNi  
   - Description: Gas-atomized HEA powders with coarse particle size (50–120 μm).

**Note on composition:** All four alloys share the same nominal equiatomic FeCoNiCuAl composition (i.e., each element at ~20 at.%). No variable stoichiometries (e.g., with x as a variable) are presented in this paper. The alphabetical formula AlCoCuFeNi applies to all four.

**Summary table:**

| # | Alloy designation | Number of elements | Alphabetical formula |
|---|---|---|---|
| 1 | BM-280 | 5 | AlCoCuFeNi |
| 2 | BM-200 | 5 | AlCoCuFeNi |
| 3 | GA-FP | 5 | AlCoCuFeNi |
| 4 | GA-CP | 5 | AlCoCuFeNi |","Based on the paper's characterization data (XRD, SEM, TEM, and XPS), all four FeCoNiCuAl high-entropy alloys (BM-280, BM-200, GA-FP, GA-CP) share the same crystallographic phase constitution. The paper reports a **dual-phase solid-solution structure** with an additional ordered phase.

Here is the detailed phase analysis for each alloy:

---

### 1. BM-280 (Ball-milled at 280 rpm)
- **Chemical formula:** AlCoCuFeNi (nominal equiatomic)
- **Phases present:**
  | Phase | Nature | Crystal Structure | Space Group (from peak indexing) | Notes |
  |---|---|---|---|---|
  | BCC solid solution | Disordered solid solution | Body-centered cubic | Im-3m (229) (inferred from (110), (200), (211) peaks) | Main phase, broad peaks indicate nanoscale coherent domains |
  | FCC solid solution | Disordered solid solution | Face-centered cubic | Fm-3m (225) (inferred from (111), (200), (220), (311) peaks) | Relative intensity more pronounced in ball-milled powders than gas-atomized |
  | B2 ordered phase | Ordered intermetallic-like (CsCl-type) | Primitive cubic (ordered BCC) | Pm-3m (221) (inferred from (100) superlattice peak) | Detected via (100) reflection; coexists with BCC |
- **Micrography evidence (not in XRD):** After reaction, SEM shows nanoporous structure with high density of nanoparticles on pore walls; HRTEM reveals nanocrystalline phases with distinct lattice fringes. These include metastable metal oxides and high-entropy oxide domains (not detected by XRD due to their nanoscale/near-surface nature). EDS shows surface enrichment of Fe, Cu, O.

---

### 2. BM-200 (Ball-milled at 200 rpm)
- **Chemical formula:** AlCoCuFeNi (nominal equiatomic)
- **Phases present:**
  | Phase | Nature | Crystal Structure | Space Group | Notes |
  |---|---|---|---|---|
  | BCC solid solution | Disordered solid solution | Body-centered cubic | Im-3m (229) | Similar to BM-280, but lower surface area (1.88 m²/g) and less deformation |
  | FCC solid solution | Disordered solid solution | Face-centered cubic | Fm-3m (225) | Present with same peak positions as BM-280 |
  | B2 ordered phase | Ordered phase | Primitive cubic | Pm-3m (221) | Detected via (100) peak |
- **Micrography evidence (not in XRD):** Irregular shapes, roughened surfaces with asperities and nanoscale irregularities. No post-reaction TEM data provided explicitly for BM-200, but it behaves similarly to BM-280 (only slightly lower activity).

---

### 3. GA-FP (Gas-atomized, fine powder, 1–25 μm)
- **Chemical formula:** AlCoCuFeNi (nominal equiatomic)
- **Phases present:**
  | Phase | Nature | Crystal Structure | Space Group | Notes |
  |---|---|---|---|---|
  | BCC solid solution | Disordered solid solution | Body-centered cubic | Im-3m (229) | Sharper peaks than ball-milled powders (higher crystallinity) |
  | FCC solid solution | Disordered solid solution | Face-centered cubic | Fm-3m (225) | Relatively weaker intensity compared to ball-milled powders |
  | B2 ordered phase | Ordered phase | Primitive cubic | Pm-3m (221) | Present; same indexing as ball-milled samples |
- **Micrography evidence (not in XRD):** Spherical, smooth surfaces with occasional satellite balls. After reaction, a ""fluffy texture"" of tenuous corrosion products appears on the surface, indicating limited formation of nanoporous structures compared to BM-280. EDS mapping confirms uniform elemental distribution, but no significant surface enrichment of Fe/Cu/O (unlike BM-280).

---

### 4. GA-CP (Gas-atomized, coarse powder, 50–120 μm)
- **Chemical formula:** AlCoCuFeNi (nominal equiatomic)
- **Phases present:**
  | Phase | Nature | Crystal Structure | Space Group | Notes |
  |---|---|---|---|---|
  | BCC solid solution | Disordered solid solution | Body-centered cubic | Im-3m (229) | Same phase set as GA-FP; larger particle size reduces specific surface area (1.93 m²/g) |
  | FCC solid solution | Disordered solid solution | Face-centered cubic | Fm-3m (225) | Same peak positions |
  | B2 ordered phase | Ordered phase | Primitive cubic | Pm-3m (221) | Present |
- **Micrography evidence (not in XRD):** Spherical with some satellite balls; smooth surfaces. No post-reaction TEM/SEM surface restructuring reported for GA-CP in detail; its degradation efficiency is lowest among the four due to smallest specific surface area and smooth surface.

---

### Key Summary Table (All Alloys)

| Alloy | Phases (XRD-visible) | Crystal Structures | Space Groups (inferred) | Precipitates/Features (microscopy only) |
|---|---|---|---|---|
| BM-280 | BCC + FCC + B2 | BCC (disordered), FCC (disordered), B2 (ordered) | Im-3m, Fm-3m, Pm-3m | Nanoporous structure, nanoscale oxide particles (Fe, Cu, O enriched), metastable oxides/high-entropy oxide domains (HRTEM) |
| BM-200 | BCC + FCC + B2 | Same as above | Same as above | Roughened surfaces, asperities; no detailed post-reaction TEM reported |
| GA-FP | BCC + FCC + B2 | Same as above | Same as above | Fluffy corrosion products; no nanopores; minimal surface enrichment |
| GA-CP | BCC + FCC + B2 | Same as above | Same as above | Smooth spherical surfaces; no significant surface restructuring reported |

---

### Important Notes & Uncertainties
1. **Space groups are not explicitly stated** in the paper. They are inferred from the standard crystallographic assignments for BCC (Im-3m), FCC (Fm-3m), and B2 (Pm-3m) based on the indexed peaks. The paper only provides Miller indices, not space groups.
2. **The B2 ordered phase** is identified by the presence of the (100) superlattice reflection, which is characteristic of CsCl-type ordering in BCC-based HEAs.
3. **No amorphous phase** is reported for any alloy.
4. **Precipitates not visible in XRD:** The nanoporous structure and nanoscale oxide particles (including Fe₂O₃, CoO, CuO, Al₂O₃, and possibly high-entropy oxides) on the reacted BM-280 surface are only observed via SEM/TEM/EDS, not by XRD. These are reaction-induced surface products, not bulk precipitates.
5. **Compositional uniformity:** EDS confirms all five elements (Fe, Co, Ni, Cu, Al) are homogeneously distributed in both BM-280 and GA-FP before and after reaction, with no evidence of phase segregation beyond the BCC/FCC/B2 mixture.","Based on the paper, the FeCoNiCuAl high-entropy alloy was **exclusively synthesized experimentally** – there is no theoretical prediction (e.g., DFT, CALPHAD, or phase-field modeling) reported in the study. The work focuses on experimental fabrication, characterization, and catalytic testing.

---

## 1. Experimental Synthesis (All four alloys)

### Stage 1: Arc Melting (Ingot Preparation)
- **Method:** Arc melting under a Ti-gettered argon atmosphere
- **Raw materials:** Fe, Co, Ni, Cu, Al (each >99.9% purity)
- **Nominal composition:** Equiatomic (FeCoNiCuAl – each element ~20 at.%)
- **Parameters:**
  - Atmosphere: Ti-gettered Argon
  - No explicit temperature/pressure/time given (standard arc melting practices assumed)
- **Phase obtained:** Ingot (presumably with BCC+FCC+B2 phases, though not explicitly characterized at this stage)

### Stage 2: Single-Roller Melt Spinning (Ribbon Fabrication)
- **Method:** Single-roller melt-spinning under argon atmosphere protection
- **Purpose:** Produce brittle HEA ribbons with homogeneous, tunable composition
- **Parameters:**
  - Atmosphere: Argon
  - Substrate: Single copper roller (typical for melt spinning)
  - No explicit values for wheel speed, ejection pressure, or melt temperature are provided in the paper
- **Phase obtained:** Brittle ribbons (same crystalline phases expected – BCC+FCC+B2; no amorphous phase reported)

### Stage 3: Mechanical Ball Milling (Powder Fabrication)
- **Method:** Mechanical ball milling of shredded alloy pieces
- **Parameters:**
  - Duration: 90 minutes
  - Rotational speeds: Two variants – **200 rpm** (BM-200) and **280 rpm** (BM-280)
  - Ball-to-material weight ratio: 20:1
  - Ball diameters: Two types used – **8 mm** and **6 mm** (mixed)
  - Atmosphere: Not explicitly stated (implied ambient or inert; not specified in paper)
- **Phase obtained:**
  - Same BCC+FCC+B2 phases as precursor ribbons
  - Broadened XRD peaks (lower crystallinity, finer coherent scattering domains) due to severe plastic deformation
  - Increased FCC phase relative intensity compared to gas-atomized powders
  - Surface roughening, irregular shapes, nanoscale asperities

### Stage 4: Gas Atomization (Comparative Samples – GA-FP and GA-CP)
- **Method:** Commercially available gas atomization (purchased from Beijing Yijin New Material Technology Co., Ltd)
- **Parameters:**
  - Not provided (commercial process)
  - Two particle size fractions:
    - GA-FP: 1–25 μm (fine powder)
    - GA-CP: 50–120 μm (coarse powder)
- **Phase obtained:** Same BCC+FCC+B2 phases, but:
  - Sharper XRD peaks (higher crystallinity)
  - Spherical morphology, smooth surfaces
  - Lower FCC relative intensity compared to ball-milled samples

---

## 2. Thermo-Mechanical Post-Processing

**There is NO thermo-mechanical post-processing** (annealing, quenching, rolling, etc.) performed on any samples in this study. The paper does not report:
- Annealing or heat treatment
- Quenching or controlled cooling
- Rolling or forging
- Any other thermal/mechanical modification after synthesis

The only ""post-processing"" is the **catalytic reaction itself** (Fenton-like degradation testing), during which the surface of the BM-280 powder undergoes in-situ restructuring:

| Stage | Process | Phases/Structures Obtained |
|---|---|---|
| As-synthesized (before reaction) | Arc melting → melt spinning → ball milling | BCC + FCC + B2 solid solution phases; rough, irregular morphology; BET surface area 2.77 m²/g (BM-280) |
| After catalytic reaction (BM-280 only – in-situ evolution) | Fenton-like degradation at pH 3, 25–45°C, H₂O₂ activation | Same BCC+FCC+B2 phases in bulk (XRD unchanged); surface forms nanoporous structure, nanoscale oxide particles (Fe, Cu, O enriched), metastable oxides/high-entropy oxide domains (SEM/TEM/EDS evidence) |

---

## 3. Summary of Phases at Each Processing Stage

| Stage | Synthesis Method | Phases/Structure Obtained |
|---|---|---|
| 1. Ingot | Arc melting | Not explicitly characterized (presumed BCC+FCC+B2) |
| 2. Ribbons | Melt spinning | BCC + FCC + B2 (brittle ribbons) |
| 3. Ball-milled powders | Ball milling (200/280 rpm, 90 min, 20:1 BPR) | Same BCC+FCC+B2; broadened peaks, increased FCC intensity, roughened surfaces |
| 4. Gas-atomized powders | Gas atomization (commercial) | Same BCC+FCC+B2; sharp peaks, spherical smooth surfaces |
| 5. After reaction (BM-280 only) | Fenton-like catalysis | Bulk unchanged (BCC+FCC+B2); surface forms nanoporous structure + nanoscale oxides (not XRD-visible) |

---

## 4. Important Uncertainties/Missing Data

1. **No theoretical prediction** – No DFT, CALPHAD, MD simulation, or phase-field modeling was used to design or predict the alloy. The selection of FeCoNiCuAl appears empirical.
2. **Melt-spinning parameters** – Wheel speed, melt temperature, and ejection pressure are NOT specified in the paper.
3. **Ball-milling atmosphere** – Whether milling was performed under argon or ambient air is not explicitly stated.
4. **Arc melting parameters** – Current, number of remelts, and cooling conditions are not provided.
5. **Gas atomization parameters** – Not provided (commercial supplier).
6. **No post-processing** – The paper explicitly reports no annealing or other thermal/mechanical treatments.","Based on the paper's characterization data, the FeCoNiCuAl high-entropy alloys (BM-280, BM-200, GA-FP, GA-CP) **do form a partially ordered structure**, which qualifies as a **High Entropy Intermetallic** phase. However, this classification requires careful nuance.

---

## Analysis of Ordered Structure Formation

### 1. Identification of the B2 Ordered Phase
All four alloys (BM-280, BM-200, GA-FP, GA-CP) exhibit a **B2-type ordered phase** alongside disordered BCC and FCC solid solutions. This is confirmed by XRD analysis (Fig. 2a–d):

| Phase | Type | Ordering | Structure | Evidence |
|---|---|---|---|---|
| BCC | Disordered solid solution | None (random atomic occupancy) | Body-centered cubic | (110), (200), (211) peaks |
| FCC | Disordered solid solution | None (random atomic occupancy) | Face-centered cubic | (111), (200), (220), (311) peaks |
| **B2** | **Partially ordered intermetallic** | **CsCl-type (B2) ordering** | Primitive cubic (ordered BCC sublattice) | **(100) superlattice reflection** |

The **(100) peak** observed in XRD patterns is a **superlattice reflection** – this is definitive evidence of chemical ordering on the BCC sublattice. In a perfectly disordered BCC solid solution, the (100) reflection is systematically absent due to body-centering extinction rules. Its presence indicates that specific elements preferentially occupy distinct sublattice positions (e.g., Al on one site, transition metals on the other), forming a CsCl-type ordered structure.

---

### 2. Classification: High Entropy Intermetallic (HEI)

The B2 phase in this alloy system meets the criteria for a **High Entropy Intermetallic (HEI)**:

| Criterion | Status | Explanation |
|---|---|---|
| **Multicomponent** (≥5 elements) | ✅ | Fe, Co, Ni, Cu, Al – all five are present |
| **Entropy-stabilized** | ✅ | Near-equiatomic composition (~20 at.% each) maximizes configurational entropy |
| **Ordered crystal structure** | ✅ | B2 (CsCl-type) ordering detected |
| **Intermetallic character** | ✅ | Preferential site occupancy (Al-rich and transition-metal-rich sublattices) |

However, the paper describes the **B2 phase as coexisting** with disordered BCC and FCC phases – it is **not a single-phase HEI**, but rather a **mixed microstructure** containing an HEI phase (B2) alongside two disordered solid-solution phases.

---

### 3. Initial State (Before Oxidation/Reaction) – Per Paper

The question correctly emphasizes focusing on the **initial state** (as-synthesized powders, before the Fenton-like reaction). The initial state is characterized as:

| Alloy | Phases (XRD, initial state) | B2 Ordering Present? | Classification |
|---|---|---|---|
| BM-280 | BCC + FCC + B2 | ✅ Yes | Mixed: Disordered SS + HEI phase |
| BM-200 | BCC + FCC + B2 | ✅ Yes | Mixed: Disordered SS + HEI phase |
| GA-FP | BCC + FCC + B2 | ✅ Yes | Mixed: Disordered SS + HEI phase |
| GA-CP | BCC + FCC + B2 | ✅ Yes | Mixed: Disordered SS + HEI phase |

**Important:** The paper does not quantify the **volume fraction** of the B2 phase relative to BCC and FCC. It is therefore not possible to determine whether the B2 phase is a minor secondary phase or a major constituent. The classification as ""High Entropy Intermetallic"" applies to the **B2 phase itself**, not to the overall alloy (which is a multi-phase material).

---

### 4. Changes After Oxidation (Reaction) – Excluded per Instructions

Per the question's constraint, the **post-oxidation (reacted) state is excluded from this analysis**. However, for completeness, the paper reports:
- XRD after reaction (Fig. 4a) shows **no change** in the BCC+FCC+B2 phase set for BM-280 and GA-FP
- Surface changes (nanoporous structure, oxide nanoparticles) are observed via SEM/TEM, but these are **surface oxidation products** – not bulk phase transformations of the initial alloy structure

---

### 5. Key Uncertainty / Missing Information

| Missing Data | Impact |
|---|---|
| **B2 phase composition** – The paper does not provide the specific elemental composition of the B2 phase (only the nominal alloy composition is given) | Cannot determine which elements order (e.g., Al-Ni B2 vs. Al-(Fe,Co,Ni,Cu) B2) |
| **B2 phase volume fraction** – Not quantified | Cannot assess whether the HEI phase is dominant or minor |
| **Ordering transition temperature** – Not measured | No information on thermal stability of the ordered phase |
| **Site occupancy** – No neutron diffraction, APT, or computational verification of which elements occupy which sublattice sites | The exact intermetallic stoichiometry is unknown (e.g., (Fe,Co,Ni,Cu)Al vs. other arrangements) |

---

## Summary Table (Initial State Only)

| Alloy | Phases Present (Initial) | Ordered Phase? | HEI Classification | Overall Material Type |
|---|---|---|---|---|
| BM-280 | BCC (disordered) + FCC (disordered) + B2 (ordered) | ✅ B2 present | **Yes – B2 is a High Entropy Intermetallic phase** | Multi-phase: Disordered SS + HEI |
| BM-200 | BCC (disordered) + FCC (disordered) + B2 (ordered) | ✅ B2 present | **Yes – B2 is a High Entropy Intermetallic phase** | Multi-phase: Disordered SS + HEI |
| GA-FP | BCC (disordered) + FCC (disordered) + B2 (ordered) | ✅ B2 present | **Yes – B2 is a High Entropy Intermetallic phase** | Multi-phase: Disordered SS + HEI |
| GA-CP | BCC (disordered) + FCC (disordered) + B2 (ordered) | ✅ B2 present | **Yes – B2 is a High Entropy Intermetallic phase** | Multi-phase: Disordered SS + HEI |

---

**Conclusion:** All four FeCoNiCuAl alloys contain a B2-type partially ordered phase (High Entropy Intermetallic) coexisting with disordered BCC and FCC solid solutions. The alloy system is therefore **not a single-phase HEI**, but rather a **multi-phase material containing an HEI phase**. The B2 phase is likely Al-rich (based on Al's strong B2-forming tendency with transition metals), but its exact composition is not determined in this study.","```json
{
  ""BM-280"": {
    ""chemical_formula"": ""AlCoCuFeNi"",
    ""composition"": {
      ""Al"": 20,
      ""Co"": 20,
      ""Cu"": 20,
      ""Fe"": 20,
      ""Ni"": 20
    },
    ""number_of_elements"": 5,
    ""crystallographic_phases"": [
      {
        ""phase_type"": ""solid solution (disordered)"",
        ""chemical_formula"": ""AlCoCuFeNi"",
        ""crystallographic_state"": ""crystalline"",
        ""structure"": ""body-centered cubic"",
        ""space_group"": ""Im-3m (inferred from (110), (200), (211) peaks)"",
        ""detection_method"": ""XRD"",
        ""details"": ""Disordered BCC solid solution; broad diffraction peaks indicate low crystallinity and fine coherent scattering domains due to severe plastic deformation during ball milling""
      },
      {
        ""phase_type"": ""solid solution (disordered)"",
        ""chemical_formula"": ""AlCoCuFeNi"",
        ""crystallographic_state"": ""crystalline"",
        ""structure"": ""face-centered cubic"",
        ""space_group"": ""Fm-3m (inferred from (111), (200), (220), (311) peaks)"",
        ""detection_method"": ""XRD"",
        ""details"": ""Disordered FCC solid solution; relative intensity more pronounced in ball-milled powders compared to gas-atomized counterparts""
      },
      {
        ""phase_type"": ""ordered intermetallic (High Entropy Intermetallic)"",
        ""chemical_formula"": ""AlCoCuFeNi (B2-type, exact sublattice occupancy not determined)"",
        ""crystallographic_state"": ""crystalline"",
        ""structure"": ""primitive cubic (CsCl-type ordered BCC)"",
        ""space_group"": ""Pm-3m (inferred from (100) superlattice reflection)"",
        ""detection_method"": ""XRD"",
        ""details"": ""B2-ordered phase coexisting with disordered BCC and FCC phases; partial chemical ordering on BCC sublattice confirmed by presence of (100) superlattice peak""
      }
    ],
    ""precipitates"": [
      {
        ""chemical_formula"": ""Fe, Cu, O enriched nanoscale oxides (likely Fe2O3, CuO/Cu2O, and possibly high-entropy oxides)"",
        ""detection_method"": ""SEM-EDS, TEM-HRTEM"",
        ""details"": ""Not visible in XRD (initial state); formed in-situ during catalytic reaction on the surface, not present in the initial state. Initial state shows only roughened surfaces with asperities and nanoscale irregularities (SEM evidence)""
      }
    ],
    ""synthesis_or_calculation"": {
      ""type"": ""experimental"",
      ""method"": ""Arc melting → single-roller melt spinning → mechanical ball milling"",
      ""parameters"": {
        ""arc_melting"": {
          ""atmosphere"": ""Ti-gettered argon"",
          ""raw_material_purity"": "">99.9%"",
          ""temperature"": ""Not specified"",
          ""time"": ""Not specified""
        },
        ""melt_spinning"": {
          ""atmosphere"": ""Argon"",
          ""wheel_speed"": ""Not specified"",
          ""melt_temperature"": ""Not specified"",
          ""ejection_pressure"": ""Not specified""
        },
        ""ball_milling"": {
          ""rotational_speed"": ""280 rpm"",
          ""duration"": ""90 minutes"",
          ""ball_to_material_ratio"": ""20:1"",
          ""ball_diameters"": ""8 mm and 6 mm (mixed)"",
          ""atmosphere"": ""Not specified""
        }
      }
    },
    ""theoretical_details"": ""None – no theoretical prediction (DFT, CALPHAD, phase-field, etc.) was performed; alloy composition chosen empirically"",
    ""special_conditions"": ""Partially ordered structure (B2 phase) present in initial state; initial state refers to as-synthesized powder before catalytic reaction (no oxidation yet)"",
    ""phase_classification"": ""Mixed Solution""
  },
  ""BM-200"": {
    ""chemical_formula"": ""AlCoCuFeNi"",
    ""composition"": {
      ""Al"": 20,
      ""Co"": 20,
      ""Cu"": 20,
      ""Fe"": 20,
      ""Ni"": 20
    },
    ""number_of_elements"": 5,
    ""crystallographic_phases"": [
      {
        ""phase_type"": ""solid solution (disordered)"",
        ""chemical_formula"": ""AlCoCuFeNi"",
        ""crystallographic_state"": ""crystalline"",
        ""structure"": ""body-centered cubic"",
        ""space_group"": ""Im-3m (inferred from (110), (200), (211) peaks)"",
        ""detection_method"": ""XRD"",
        ""details"": ""Disordered BCC solid solution; broad peaks due to plastic deformation, though surface area (1.88 m²/g) is lower than BM-280 (2.77 m²/g)""
      },
      {
        ""phase_type"": ""solid solution (disordered)"",
        ""chemical_formula"": ""AlCoCuFeNi"",
        ""crystallographic_state"": ""crystalline"",
        ""structure"": ""face-centered cubic"",
        ""space_group"": ""Fm-3m (inferred from (111), (200), (220), (311) peaks)"",
        ""detection_method"": ""XRD"",
        ""details"": ""Disordered FCC solid solution; increased relative intensity compared to gas-atomized powders""
      },
      {
        ""phase_type"": ""ordered intermetallic (High Entropy Intermetallic)"",
        ""chemical_formula"": ""AlCoCuFeNi (B2-type, exact sublattice occupancy not determined)"",
        ""crystallographic_state"": ""crystalline"",
        ""structure"": ""primitive cubic (CsCl-type ordered BCC)"",
        ""space_group"": ""Pm-3m (inferred from (100) superlattice reflection)"",
        ""detection_method"": ""XRD"",
        ""details"": ""B2-ordered phase; partial ordering confirmed by (100) superlattice peak""
      }
    ],
    ""precipitates"": [],
    ""synthesis_or_calculation"": {
      ""type"": ""experimental"",
      ""method"": ""Arc melting → single-roller melt spinning → mechanical ball milling"",
      ""parameters"": {
        ""arc_melting"": {
          ""atmosphere"": ""Ti-gettered argon"",
          ""raw_material_purity"": "">99.9%"",
          ""temperature"": ""Not specified"",
          ""time"": ""Not specified""
        },
        ""melt_spinning"": {
          ""atmosphere"": ""Argon"",
          ""wheel_speed"": ""Not specified"",
          ""melt_temperature"": ""Not specified"",
          ""ejection_pressure"": ""Not specified""
        },
        ""ball_milling"": {
          ""rotational_speed"": ""200 rpm"",
          ""duration"": ""90 minutes"",
          ""ball_to_material_ratio"": ""20:1"",
          ""ball_diameters"": ""8 mm and 6 mm (mixed)"",
          ""atmosphere"": ""Not specified""
        }
      }
    },
    ""theoretical_details"": ""None – no theoretical prediction was performed"",
    ""special_conditions"": ""Partially ordered structure (B2 phase) present in initial state; irregular morphology with roughened surfaces and asperities (SEM evidence)"",
    ""phase_classification"": ""Mixed Solution""
  },
  ""GA-FP"": {
    ""chemical_formula"": ""AlCoCuFeNi"",
    ""composition"": {
      ""Al"": 20,
      ""Co"": 20,
      ""Cu"": 20,
      ""Fe"": 20,
      ""Ni"": 20
    },
    ""number_of_elements"": 5,
    ""crystallographic_phases"": [
      {
        ""phase_type"": ""solid solution (disordered)"",
        ""chemical_formula"": ""AlCoCuFeNi"",
        ""crystallographic_state"": ""crystalline"",
        ""structure"": ""body-centered cubic"",
        ""space_group"": ""Im-3m (inferred from (110), (200), (211) peaks)"",
        ""detection_method"": ""XRD"",
        ""details"": ""Disordered BCC solid solution; sharper peaks than ball-milled powders indicating higher crystallinity""
      },
      {
        ""phase_type"": ""solid solution (disordered)"",
        ""chemical_formula"": ""AlCoCuFeNi"",
        ""crystallographic_state"": ""crystalline"",
        ""structure"": ""face-centered cubic"",
        ""space_group"": ""Fm-3m (inferred from (111), (200), (220), (311) peaks)"",
        ""detection_method"": ""XRD"",
        ""details"": ""Disordered FCC solid solution; relatively weaker intensity compared to ball-milled powders""
      },
      {
        ""phase_type"": ""ordered intermetallic (High Entropy Intermetallic)"",
        ""chemical_formula"": ""AlCoCuFeNi (B2-type, exact sublattice occupancy not determined)"",
        ""crystallographic_state"": ""crystalline"",
        ""structure"": ""primitive cubic (CsCl-type ordered BCC)"",
        ""space_group"": ""Pm-3m (inferred from (100) superlattice reflection)"",
        ""detection_method"": ""XRD"",
        ""details"": ""B2-ordered phase; partial ordering confirmed by (100) superlattice peak""
      }
    ],
    ""precipitates"": [],
    ""synthesis_or_calculation"": {
      ""type"": ""experimental"",
      ""method"": ""Commercial gas atomization (purchased from Beijing Yijin New Material Technology Co., Ltd)"",
      ""parameters"": {
        ""particle_size"": ""1–25 μm"",
        ""morphology"": ""Spherical, smooth surfaces"",
        ""atmosphere"": ""Not specified (commercial process)"",
        ""temperature"": ""Not specified"",
        ""pressure"": ""Not specified""
      }
    },
    ""theoretical_details"": ""None – no theoretical prediction was performed"",
    ""special_conditions"": ""Partially ordered structure (B2 phase) present in initial state; spherical morphology with smooth surfaces; EDS confirms uniform elemental distribution of all five elements"",
    ""phase_classification"": ""Mixed Solution""
  },
  ""GA-CP"": {
    ""chemical_formula"": ""AlCoCuFeNi"",
    ""composition"": {
      ""Al"": 20,
      ""Co"": 20,
      ""Cu"": 20,
      ""Fe"": 20,
      ""Ni"": 20
    },
    ""number_of_elements"": 5,
    ""crystallographic_phases"": [
      {
        ""phase_type"": ""solid solution (disordered)"",
        ""chemical_formula"": ""AlCoCuFeNi"",
        ""crystallographic_state"": ""crystalline"",
        ""structure"": ""body-centered cubic"",
        ""space_group"": ""Im-3m (inferred from (110), (200), (211) peaks)"",
        ""detection_method"": ""XRD"",
        ""details"": ""Disordered BCC solid solution; sharp peaks indicating high crystallinity""
      },
      {
        ""phase_type"": ""solid solution (disordered)"",
        ""chemical_formula"": ""AlCoCuFeNi"",
        ""crystallographic_state"": ""crystalline"",
        ""structure"": ""face-centered cubic"",
        ""space_group"": ""Fm-3m (inferred from (111), (200), (220), (311) peaks)"",
        ""detection_method"": ""XRD"",
        ""details"": ""Disordered FCC solid solution; same peak positions as other alloys""
      },
      {
        ""phase_type"": ""ordered intermetallic (High Entropy Intermetallic)"",
        ""chemical_formula"": ""AlCoCuFeNi (B2-type, exact sublattice occupancy not determined)"",
        ""crystallographic_state"": ""crystalline"",
        ""structure"": ""primitive cubic (CsCl-type ordered BCC)"",
        ""space_group"": ""Pm-3m (inferred from (100) superlattice reflection)"",
        ""detection_method"": ""XRD"",
        ""details"": ""B2-ordered phase; partial ordering confirmed by (100) superlattice peak""
      }
    ],
    ""precipitates"": [],
    ""synthesis_or_calculation"": {
      ""type"": ""experimental"",
      ""method"": ""Commercial gas atomization (purchased from Beijing Yijin New Material Technology Co., Ltd)"",
      ""parameters"": {
        ""particle_size"": ""50–120 μm"",
        ""morphology"": ""Spherical with some satellite balls"",
        ""atmosphere"": ""Not specified (commercial process)"",
        ""temperature"": ""Not specified"",
        ""pressure"": ""Not specified""
      }
    },
    ""theoretical_details"": ""None – no theoretical prediction was performed"",
    ""special_conditions"": ""Partially ordered structure (B2 phase) present in initial state; smooth spherical surfaces with some satellite balls; lowest specific surface area (1.93 m²/g)"",
    ""phase_classification"": ""Mixed Solution""
  }
}
```",True
parsed_output-10.1038-s41467-024-50009-5.pdf.md,parsed_output-10.1038-s41467-024-50009-5.pdf.md,"Based on my analysis of the paper, I identified the following high entropy alloys (HEAs) that are specifically discussed in the experimental and results sections (excluding those mentioned in the introduction or as cited references):

1. **PdPtRuCuNi** – 5 elements (quinary HEA)  
   Formula: CuNiPdPtRu (alphabetically sorted: Cu, Ni, Pd, Pt, Ru)

2. **PtRuCuNi** – 4 elements (quaternary, Pd removed)  
   Formula: CuNiPtRu (alphabetically sorted: Cu, Ni, Pt, Ru)

3. **PdRuCuNi** – 4 elements (quaternary, Pt removed)  
   Formula: CuNiPdRu (alphabetically sorted: Cu, Ni, Pd, Ru)

4. **PdPtCuNi** – 4 elements (quaternary, Ru removed)  
   Formula: CuNiPdPt (alphabetically sorted: Cu, Ni, Pd, Pt)

5. **PdPtRuNi** – 4 elements (quaternary, Cu removed)  
   Formula: NiPdPtRu (alphabetically sorted: Ni, Pd, Pt, Ru)

6. **PdPtRuCu** – 4 elements (quaternary, Ni removed)  
   Formula: CuPdPtRu (alphabetically sorted: Cu, Pd, Pt, Ru)

7. **PdPtRu** – 3 elements (trinary alloy, also discussed as a catalyst)  
   Formula: PdPtRu (alphabetically sorted: Pd, Pt, Ru)

**Summary table for the most essential alloys (7 total identified):**

| # | Alloy (as written in paper) | Number of elements | Chemical formula (alphabetically sorted) | Notes |
|---|------------------------------|--------------------|------------------------------------------|-------|
| 1 | PdPtRuCuNi | 5 | CuNiPdPtRu | Main HEA catalyst |
| 2 | PtRuCuNi | 4 | CuNiPtRu | Pd removed |
| 3 | PdRuCuNi | 4 | CuNiPdRu | Pt removed |
| 4 | PdPtCuNi | 4 | CuNiPdPt | Ru removed |
| 5 | PdPtRuNi | 4 | NiPdPtRu | Cu removed |
| 6 | PdPtRuCu | 4 | CuPdPtRu | Ni removed |
| 7 | PdPtRu | 3 | PdPtRu | Trinary alloy |

No variable-composition HEAs (e.g., with x values) were found in this paper — all compositions were fixed as described above. The atomic ratio of the main HEA (PdPtRuCuNi) was reported as approximately 21:13:20:24:22 (Pd:Pt:Ru:Cu:Ni), but the formulas are given without variable subscripts since no x-parameter variation was discussed.","Based on the paper's characterization data, here is the crystallographic phase analysis for each high-entropy alloy identified:

---

**1. PdPtRuCuNi (CuNiPdPtRu)**
- **Crystallographic state:** Single-phase face-centered cubic (fcc) solid solution
- **Structure:** fcc (Fm-3m)
- **Space group:** Fm-3m (No. 225)
- **Evidence:** XRD shows two broad peaks at 2θ = 41.4° (111) and 47.4° (200), consistent with a single-phase fcc structure. No other peaks were observed, indicating no secondary phases or intermetallic compounds.
- **Precipitates:** None reported. HRTEM and HAADF-STEM/EDS mapping showed homogeneous elemental distribution with no evidence of phase segregation or precipitates.

---

**2. PtRuCuNi (CuNiPtRu)**
- **Crystallographic state:** Single-phase fcc solid solution
- **Structure:** fcc (Fm-3m)
- **Space group:** Fm-3m (No. 225)
- **Evidence:** As described in Supplementary Figs. 9–19, quaternary catalysts were characterized. Though the paper does not show individual XRD patterns for each quaternary alloy, it states they were ""characterized in detail"" with similar phase structures to the quinary HEA. The consistent fcc structure is implied from the synthesis method and single-phase alloy nature.
- **Precipitates:** None reported.

---

**3. PdRuCuNi (CuNiPdRu)**
- **Crystallographic state:** Single-phase fcc solid solution
- **Structure:** fcc (Fm-3m)
- **Space group:** Fm-3m (No. 225)
- **Evidence:** Same as above — characterized in detail (Supplementary Figs. 9–19) with phase structure consistent with a single-phase fcc alloy.
- **Precipitates:** None reported.

---

**4. PdPtCuNi (CuNiPdPt)**
- **Crystallographic state:** Single-phase fcc solid solution
- **Structure:** fcc (Fm-3m)
- **Space group:** Fm-3m (No. 225)
- **Evidence:** Same as above — characterized in detail, likely maintaining the fcc structure since all constituent metals (Pd, Pt, Cu, Ni) are fcc.
- **Precipitates:** None reported.

---

**5. PdPtRuNi (NiPdPtRu)**
- **Crystallographic state:** Single-phase fcc solid solution
- **Structure:** fcc (Fm-3m)
- **Space group:** Fm-3m (No. 225)
- **Evidence:** Same as above. Note that Ru is hcp in its pure form, but in these alloys, it is incorporated into the fcc lattice as a solid solution.
- **Precipitates:** None reported.

---

**6. PdPtRuCu (CuPdPtRu)**
- **Crystallographic state:** Single-phase fcc solid solution
- **Structure:** fcc (Fm-3m)
- **Space group:** Fm-3m (No. 225)
- **Evidence:** Same as above.
- **Precipitates:** None reported.

---

**7. PdPtRu**
- **Crystallographic state:** Single-phase fcc solid solution
- **Structure:** fcc (Fm-3m)
- **Space group:** Fm-3m (No. 225)
- **Evidence:** Described in Supplementary Figs. 21–22. This trinary alloy also displays the fcc structure consistent with the series.
- **Precipitates:** None reported.

---

**Important caveats:**

1. **Ru issue:** Pure Ru has an hcp structure, but in these alloys it is solubilized into the fcc lattice. The XRD pattern for the main HEA (PdPtRuCuNi) shows only fcc peaks, confirming this solid-solution behavior. The quaternary alloys containing Ru (PdRuCuNi, PdPtRuNi, PdPtRuCu) would similarly need to accommodate Ru in the fcc lattice.

2. **XRD peak broadening:** All these alloys showed broad XRD peaks, consistent with nanoscale crystallite size (average particle size ~17.5 ± 12.5 nm for the quinary). This broadening could potentially mask small amounts of secondary phases.

3. **Surface oxidation:** XPS revealed small amounts of metal oxides on the surface of the PdPtRuCuNi catalyst. These surface oxides were described as originating from surface oxidation but were not detected as separate crystallographic phases in XRD — they are surface amorphous or thin oxide layers, not bulk precipitates.

4. **No precipitates observed:** The paper reports no evidence of precipitates in any of these alloys. HRTEM and EDS mapping showed homogeneous elemental distribution for the main HEA, and no precipitate phases were noted in the micrographs for any catalyst.

5. **Space group for fcc:** The standard space group for fcc is Fm-3m (No. 225), though the paper does not explicitly state the space group — this is inferred from the reported fcc structure.","Based on the paper, the PdPtRuCuNi high-entropy alloy nanocatalyst was investigated through **both theoretical and experimental approaches**. Here is the detailed breakdown:

---

## 1. Theoretical Prediction (Density Functional Theory)

**Method:** Density Functional Theory (DFT) using the Vienna Ab Initio Simulation Package (VASP)

**Key Parameters:**
- **Exchange-correlation functional:** Perdew–Burke–Ernzerhof (PBE) form of generalized gradient approximation (GGA)
- **Dispersion correction:** PBE-D3 with Becke–Johnson damping
- **Plane-wave cutoff energy:** 500 eV
- **Electronic self-consistent convergence:** 10⁻⁵ eV
- **k-point grid:** Monkhorst–Pack 2 × 3 × 1 for surface calculations
- **Spin polarization:** Included for Cu and Ni atoms
- **Surface slabs:** 4 × 4 unit cells, 4 atomic layers (64 atoms total), 15 Å vacuum layer
- **Lattice constant for HEA (Pd₂₁Pt₁₃Ru₂₀Cu₂₄Ni₂₂):** 3.771 Å (average from 5 special quasi-random structures, SQS)

**Theoretical Composition Used:** Pd₂₁Pt₁₃Ru₂₀Cu₂₄Ni₂₂ (matching experimental ICP-OES atomic ratio of 21:13:20:24:22)

**Specific Calculations Performed:**
- H₂ adsorption energies (480 adsorption sites: 192 hollow + 288 bridge sites on 6 random HEA slabs)
- PhA (phenylacetylene) adsorption energies (192 adsorption sites)
- Binding energies of dissociated H species
- H₂ dissociation energy via climbing image nudged elastic band (CI-NEB) method
- First-step hydrogenation reaction barriers for alkynyl and phenyl groups
- Transition states located via NEB and Dimer methods (force convergence < 0.03 eV/Å)

**Predicted Phases/Structures:**
- fcc solid solution (single phase) with calculated lattice constant of 3.771 Å
- Site-specific heterogeneity in adsorption energies (wide distributions)
- ~47.5% of H₂ adsorption sites show spontaneous dissociation (H–H distance > 1.48 Å)
- Reduced hydrogenation barriers on HEA compared to pure Pd and Ru surfaces

---

## 2. Experimental Synthesis (Solvothermal Method)

**Method:** Simple solvothermal synthesis using acetylacetone metal salts as precursors

**Precursors:**
- Pd(acac)₂ (99%), Pt(acac)₂ (97%), Ru(acac)₃ (97%), Ni(acac)₂ (95%), Cu(acac)₂ (97%)

**Support Pre-treatment:**
- Carbon nanofibers (CNFs) oxidized in HNO₃ (65–68%) at 80 °C for 6 h (reflux), washed, freeze-dried for 48 h

**Synthesis Parameters:**
| Parameter | Value |
|-----------|-------|
| Metal precursor concentration | 1 × 10⁻³ mol/L (each metal) |
| Solvent | Ethanol/acetone (1:1 volume ratio) |
| CNFs amount | 2 mg |
| Precursor solution volume | 7 mL |
| Ultrasonic stirring | 8 h |
| Autoclave temperature | 220 °C |
| Reaction time | 4 h |
| Cooling | Furnace cooling to ambient temperature |
| Washing | Twice with ethanol and acetone |
| Drying | 60 °C for 6 h |

**Other Alloy Syntheses (Quaternary, Trinary, and Monometal):**
- Same method with total metal concentration of 5 × 10⁻³ mol/L

**Resulting Experimental Composition (ICP-OES):** Pd:Pt:Ru:Cu:Ni ≈ 21:13:20:24:22

**Phase Obtained at This Stage:**
- Single-phase fcc solid solution (confirmed by XRD: peaks at 2θ = 41.4° (111) and 47.4° (200))
- Average particle size: 17.5 ± 12.5 nm
- All metals in metallic (zero-valence) state with minor surface oxides (from XPS)
- Homogeneous elemental distribution (from EDS mapping)

---

## 3. Post-Processing (Thermo-Mechanical Treatment)

**Hydrogen Uptake Measurement Pre-Treatment:**
- Vacuum baking at 50 °C for ≥ 10 h (to remove adsorbed water vapor)
- Applied to all catalyst samples before hydrogen uptake testing

**H₂-TPD Sample Pre-treatment:**
- Heating at 200 °C for 30 min under Ar flow (50 mL·min⁻¹) to remove adsorbed water
- Applied only to samples used for H₂-TPD analysis (PdPtRuCuNi/CNFs and commercial Pd/C)

**Catalyst/DEB Composite Preparation:**
- Thorough grinding of catalyst and DEB powders at 1:3 mass ratio
- These composites were then subjected to hydrogenation at 25 °C under ≤1 bar H₂

**Phase Changes During Processing:**

| Stage | Phase/Structure |
|-------|----------------|
| After synthesis | Single-phase fcc HEA nanoparticles (~17.5 nm) on CNFs; metallic state with minor surface oxides |
| After vacuum baking (50 °C, 10 h) | No structural change reported; only water removal |
| After H₂-TPD pre-treatment (200 °C, 30 min) | No phase change reported; stable fcc structure maintained |
| After hydrogenation reactions (25 °C, ≤1 bar H₂) | Catalyst structure retained; DEB converted from solid powder to liquid melt (indicating complete hydrogenation to 26H-DEB) |

**Stability Testing:**
- Catalyst reused 4 times for toluene hydrogenation; maintained 100% conversion, indicating structural and chemical stability
- No evidence of phase transformation, sintering, or elemental segregation after reactions

---

## Summary of Key Points:

1. **Both approaches used:** DFT calculations predicted catalytic behavior and element roles; experiments confirmed the predictions.

2. **Theoretical → Experimental correlation:**
   - DFT predicted the fcc structure with lattice constant 3.771 Å; XRD confirmed fcc structure
   - DFT predicted PdPtRu as critical for phenyl hydrogenation; experimental removal of any of these three elements reduced/eliminated phenyl hydrogenation
   - DFT predicted H₂ dissociation behavior; TPD experiments confirmed weaker H binding on HEA (7.8 °C lower desorption peak maximum)

3. **No conventional thermo-mechanical post-processing** (annealing, quenching, rolling, etc.) was performed. Only mild thermal treatments for water removal and TPD analysis were applied, neither of which altered the crystal structure.

4. **All samples** of the same type received identical treatment; no subset-specific processing was described.","Based on my thorough analysis of the paper, I can definitively address the question regarding partially ordered structures or High Entropy Intermetallics.

---

## Assessment of Ordering in the Identified Alloys

**None of the alloys discussed in this paper form a partially ordered structure or a High Entropy Intermetallic (HEI).**

All alloys—including the main quinary PdPtRuCuNi, the five quaternary derivatives (PtRuCuNi, PdRuCuNi, PdPtCuNi, PdPtRuNi, PdPtRuCu), and the trinary PdPtRu—are explicitly characterized as **single-phase face-centered cubic (fcc) solid solutions**.

---

### Evidence Supporting Disordered Solid Solution Classification:

| Evidence | Details from Paper |
|----------|-------------------|
| **XRD pattern** | Only two broad peaks observed at 2θ = 41.4° (111) and 47.4° (200), consistent with a random fcc solid solution. No superlattice reflections (which would indicate ordering) were observed. |
| **No secondary peaks** | The absence of any additional XRD peaks rules out intermetallic compounds, ordered phases, or phase segregation. |
| **HAADF-STEM/EDS mapping** | All five elements (Pd, Pt, Ru, Cu, Ni) are homogeneously distributed within individual nanoparticles (Fig. 2d and Supplementary Fig. 2c), confirming atomic-level mixing without ordering. |
| **HRTEM** | The interplanar spacing of ~2.20 Å is consistent with the (111) plane of a random fcc alloy, not a superlattice. |
| **XANES/EXAFS** | Bond lengths (R) and coordination numbers indicate a random alloy environment with shortened Me–Me distances compared to pure metals, typical of a disordered solid solution rather than an ordered intermetallic. |
| **DFT modeling** | The theoretical calculations used random special quasi-random structures (SQS) and six slabs with random elemental occupations (Supplementary Fig. 23), explicitly treating the alloy as disordered. No ordered configurations were considered. |
| **Terminology** | The paper consistently refers to the material as a ""high-entropy alloy"" (HEA), which by definition in this context is a single-phase disordered solid solution. No mention of ""intermetallic,"" ""ordered,"" ""superlattice,"" or ""partially ordered"" appears anywhere in the text. |

---

### Summary Table of All Alloys and Their Crystal Structure:

| Alloy | Structure | Ordering | Classification |
|-------|-----------|----------|----------------|
| PdPtRuCuNi | fcc (Fm-3m) | Disordered | High-Entropy Alloy (solid solution) |
| PtRuCuNi | fcc (Fm-3m) | Disordered | Quaternary solid solution |
| PdRuCuNi | fcc (Fm-3m) | Disordered | Quaternary solid solution |
| PdPtCuNi | fcc (Fm-3m) | Disordered | Quaternary solid solution |
| PdPtRuNi | fcc (Fm-3m) | Disordered | Quaternary solid solution |
| PdPtRuCu | fcc (Fm-3m) | Disordered | Quaternary solid solution |
| PdPtRu | fcc (Fm-3m) | Disordered | Trinary solid solution |

---

### Important Additional Notes:

1. **Oxidation consideration:** This paper does not focus on an oxidation process. The study is about hydrogenation. The only mention of oxidation is surface oxidation of the as-synthesized nanoparticles, which results in minor amorphous surface oxide layers (detected by XPS) but does not constitute a bulk oxidation treatment or alter the bulk crystal structure. The initial state of all alloys is the disordered fcc solid solution as described above.

2. **Ru solubility:** It is noteworthy that Ru (which is hcp in its pure form) is successfully incorporated into the fcc lattice without forming a separate hcp phase or ordered compound, further confirming the disordered solid-solution nature of these alloys.

3. **No variable-composition series:** No alloys with varying x-parameter compositions (e.g., AₓB₁₋ₓ) were studied, so no composition-dependent ordering transitions were investigated.

---

**Conclusion:** Based on all experimental and theoretical evidence presented in the paper, **no High Entropy Intermetallic or partially ordered structure is formed**. All alloys exist as fully disordered single-phase fcc solid solutions.","```json
{
  ""PdPtRuCuNi"": {
    ""chemical_formula"": ""CuNiPdPtRu"",
    ""composition"": {
      ""Pd"": 21,
      ""Pt"": 13,
      ""Ru"": 20,
      ""Cu"": 24,
      ""Ni"": 22
    },
    ""number_of_elements"": 5,
    ""crystallographic_phases"": [
      {
        ""phase_type"": ""solid solution"",
        ""chemical_formula"": ""CuNiPdPtRu"",
        ""crystallographic_state"": ""crystalline"",
        ""structure"": ""face-centered cubic"",
        ""space_group"": ""Fm-3m"",
        ""detection_method"": ""XRD, HRTEM, SAED"",
        ""details"": ""Single-phase fcc solid solution. XRD peaks at 2θ = 41.4° (111) and 47.4° (200). Interplanar spacing ~2.20 Å. Lattice constant 3.771 Å (DFT). Homogeneous elemental distribution confirmed by EDS mapping.""
      }
    ],
    ""precipitates"": [],
    ""synthesis_or_calculation"": {
      ""type"": ""both"",
      ""theoretical"": {
        ""method"": ""Density Functional Theory (DFT) - VASP"",
        ""parameters"": {
          ""exchange_correlation"": ""PBE-GGA with D3 Becke-Johnson dispersion correction"",
          ""plane_wave_cutoff"": ""500 eV"",
          ""k_points"": ""2×3×1 Monkhorst-Pack"",
          ""convergence"": ""10^-5 eV"",
          ""lattice_constant"": ""3.771 Å (from 5 SQS structures)"",
          ""model_composition"": ""Pd21Pt13Ru20Cu24Ni22""
        }
      },
      ""experimental"": {
        ""method"": ""Solvothermal synthesis"",
        ""parameters"": {
          ""precursors"": ""Pd(acac)2, Pt(acac)2, Ru(acac)3, Cu(acac)2, Ni(acac)2"",
          ""precursor_concentration"": ""1×10^-3 mol/L each metal"",
          ""solvent"": ""ethanol:acetone = 1:1 (volume)"",
          ""support"": ""HNO3-oxidized CNFs (80°C, 6h reflux)"",
          ""mixing"": ""8h ultrasonic stirring"",
          ""temperature"": ""220°C"",
          ""time"": ""4h"",
          ""autoclave"": ""Teflon-lined steel"",
          ""cooling"": ""furnace cooling to ambient"",
          ""washing"": ""ethanol and acetone (twice each)"",
          ""drying"": ""60°C, 6h""
        }
      }
    },
    ""special_conditions"": ""Minor surface oxidation (amorphous oxide layers detected by XPS); metallic zero-valence states dominant. No partial ordering or intermetallic formation. Average particle size 17.5 ± 12.5 nm."",
    ""phase_classification"": ""Single Solid Solution""
  },
  ""PtRuCuNi"": {
    ""chemical_formula"": ""CuNiPtRu"",
    ""composition"": {
      ""Pt"": 25,
      ""Ru"": 25,
      ""Cu"": 25,
      ""Ni"": 25
    },
    ""number_of_elements"": 4,
    ""crystallographic_phases"": [
      {
        ""phase_type"": ""solid solution"",
        ""chemical_formula"": ""CuNiPtRu"",
        ""crystallographic_state"": ""crystalline"",
        ""structure"": ""face-centered cubic"",
        ""space_group"": ""Fm-3m"",
        ""detection_method"": ""XRD (Supplementary Fig. 9-19)"",
        ""details"": ""Single-phase fcc solid solution. Quaternary alloy with Pd removed. Characterization detailed in Supplementary Figures 9-19.""
      }
    ],
    ""precipitates"": [],
    ""synthesis_or_calculation"": {
      ""type"": ""experimental"",
      ""method"": ""Solvothermal synthesis"",
      ""parameters"": {
        ""precursors"": ""Pt(acac)2, Ru(acac)3, Cu(acac)2, Ni(acac)2"",
        ""total_metal_concentration"": ""5×10^-3 mol/L"",
        ""solvent"": ""ethanol:acetone = 1:1 (volume)"",
        ""support"": ""HNO3-oxidized CNFs"",
        ""temperature"": ""220°C"",
        ""time"": ""4h"",
        ""drying"": ""60°C, 6h""
      }
    },
    ""special_conditions"": ""Shows reduced reaction rate and no phenyl group hydrogenation (only alkynyl groups hydrogenated, forming 8H-DEB)."",
    ""phase_classification"": ""Single Solid Solution""
  },
  ""PdRuCuNi"": {
    ""chemical_formula"": ""CuNiPdRu"",
    ""composition"": {
      ""Pd"": 25,
      ""Ru"": 25,
      ""Cu"": 25,
      ""Ni"": 25
    },
    ""number_of_elements"": 4,
    ""crystallographic_phases"": [
      {
        ""phase_type"": ""solid solution"",
        ""chemical_formula"": ""CuNiPdRu"",
        ""crystallographic_state"": ""crystalline"",
        ""structure"": ""face-centered cubic"",
        ""space_group"": ""Fm-3m"",
        ""detection_method"": ""XRD (Supplementary Fig. 9-19)"",
        ""details"": ""Single-phase fcc solid solution. Quaternary alloy with Pt removed. Characterization detailed in Supplementary Figures 9-19.""
      }
    ],
    ""precipitates"": [],
    ""synthesis_or_calculation"": {
      ""type"": ""experimental"",
      ""method"": ""Solvothermal synthesis"",
      ""parameters"": {
        ""precursors"": ""Pd(acac)2, Ru(acac)3, Cu(acac)2, Ni(acac)2"",
        ""total_metal_concentration"": ""5×10^-3 mol/L"",
        ""solvent"": ""ethanol:acetone = 1:1 (volume)"",
        ""support"": ""HNO3-oxidized CNFs"",
        ""temperature"": ""220°C"",
        ""time"": ""4h"",
        ""drying"": ""60°C, 6h""
      }
    },
    ""special_conditions"": ""Shows reduced reaction rate and no phenyl group hydrogenation (only alkynyl groups hydrogenated, forming 8H-DEB)."",
    ""phase_classification"": ""Single Solid Solution""
  },
  ""PdPtCuNi"": {
    ""chemical_formula"": ""CuNiPdPt"",
    ""composition"": {
      ""Pd"": 25,
      ""Pt"": 25,
      ""Cu"": 25,
      ""Ni"": 25
    },
    ""number_of_elements"": 4,
    ""crystallographic_phases"": [
      {
        ""phase_type"": ""solid solution"",
        ""chemical_formula"": ""CuNiPdPt"",
        ""crystallographic_state"": ""crystalline"",
        ""structure"": ""face-centered cubic"",
        ""space_group"": ""Fm-3m"",
        ""detection_method"": ""XRD (Supplementary Fig. 9-19)"",
        ""details"": ""Single-phase fcc solid solution. Quaternary alloy with Ru removed. Characterization detailed in Supplementary Figures 9-19. Partial phenyl hydrogenation observed (14H- and 20H-DEB products).""
      }
    ],
    ""precipitates"": [],
    ""synthesis_or_calculation"": {
      ""type"": ""experimental"",
      ""method"": ""Solvothermal synthesis"",
      ""parameters"": {
        ""precursors"": ""Pd(acac)2, Pt(acac)2, Cu(acac)2, Ni(acac)2"",
        ""total_metal_concentration"": ""5×10^-3 mol/L"",
        ""solvent"": ""ethanol:acetone = 1:1 (volume)"",
        ""support"": ""HNO3-oxidized CNFs"",
        ""temperature"": ""220°C"",
        ""time"": ""4h"",
        ""drying"": ""60°C, 6h""
      }
    },
    ""special_conditions"": ""Produces mixture of 14H-DEB and 20H-DEB, indicating partial phenyl group hydrogenation capability."",
    ""phase_classification"": ""Single Solid Solution""
  },
  ""PdPtRuNi"": {
    ""chemical_formula"": ""NiPdPtRu"",
    ""composition"": {
      ""Pd"": 25,
      ""Pt"": 25,
      ""Ru"": 25,
      ""Ni"": 25
    },
    ""number_of_elements"": 4,
    ""crystallographic_phases"": [
      {
        ""phase_type"": ""solid solution"",
        ""chemical_formula"": ""NiPdPtRu"",
        ""crystallographic_state"": ""crystalline"",
        ""structure"": ""face-centered cubic"",
        ""space_group"": ""Fm-3m"",
        ""detection_method"": ""XRD (Supplementary Fig. 9-19)"",
        ""details"": ""Single-phase fcc solid solution. Quaternary alloy with Cu removed. Characterization detailed in Supplementary Figures 9-19.""
      }
    ],
    ""precipitates"": [],
    ""synthesis_or_calculation"": {
      ""type"": ""experimental"",
      ""method"": ""Solvothermal synthesis"",
      ""parameters"": {
        ""precursors"": ""Pd(acac)2, Pt(acac)2, Ru(acac)3, Ni(acac)2"",
        ""total_metal_concentration"": ""5×10^-3 mol/L"",
        ""solvent"": ""ethanol:acetone = 1:1 (volume)"",
        ""support"": ""HNO3-oxidized CNFs"",
        ""temperature"": ""220°C"",
        ""time"": ""4h"",
        ""drying"": ""60°C, 6h""
      }
    },
    ""special_conditions"": ""Shows reduced reaction rate compared to quinary alloy but maintains full phenyl hydrogenation capability (produces 26H-DEB)."",
    ""phase_classification"": ""Single Solid Solution""
  },
  ""PdPtRuCu"": {
    ""chemical_formula"": ""CuPdPtRu"",
    ""composition"": {
      ""Pd"": 25,
      ""Pt"": 25,
      ""Ru"": 25,
      ""Cu"": 25
    },
    ""number_of_elements"": 4,
    ""crystallographic_phases"": [
      {
        ""phase_type"": ""solid solution"",
        ""chemical_formula"": ""CuPdPtRu"",
        ""crystallographic_state"": ""crystalline"",
        ""structure"": ""face-centered cubic"",
        ""space_group"": ""Fm-3m"",
        ""detection_method"": ""XRD (Supplementary Fig. 9-19)"",
        ""details"": ""Single-phase fcc solid solution. Quaternary alloy with Ni removed. Characterization detailed in Supplementary Figures 9-19.""
      }
    ],
    ""precipitates"": [],
    ""synthesis_or_calculation"": {
      ""type"": ""experimental"",
      ""method"": ""Solvothermal synthesis"",
      ""parameters"": {
        ""precursors"": ""Pd(acac)2, Pt(acac)2, Ru(acac)3, Cu(acac)2"",
        ""total_metal_concentration"": ""5×10^-3 mol/L"",
        ""solvent"": ""ethanol:acetone = 1:1 (volume)"",
        ""support"": ""HNO3-oxidized CNFs"",
        ""temperature"": ""220°C"",
        ""time"": ""4h"",
        ""drying"": ""60°C, 6h""
      }
    },
    ""special_conditions"": ""Shows slightly reduced reaction rate compared to quinary but maintains full phenyl hydrogenation capability (produces 26H-DEB). Smallest rate decrease when Ni is removed."",
    ""phase_classification"": ""Single Solid Solution""
  },
  ""PdPtRu"": {
    ""chemical_formula"": ""PdPtRu"",
    ""composition"": {
      ""Pd"": 33.3,
      ""Pt"": 33.3,
      ""Ru"": 33.3
    },
    ""number_of_elements"": 3,
    ""crystallographic_phases"": [
      {
        ""phase_type"": ""solid solution"",
        ""chemical_formula"": ""PdPtRu"",
        ""crystallographic_state"": ""crystalline"",
        ""structure"": ""face-centered cubic"",
        ""space_group"": ""Fm-3m"",
        ""detection_method"": ""XRD (Supplementary Fig. 21-22)"",
        ""details"": ""Single-phase fcc solid solution. Trinary alloy containing the three essential elements (Pd, Pt, Ru) for complete DEB hydrogenation. Produces 26H-DEB with ~100% conversion.""
      }
    ],
    ""precipitates"": [],
    ""synthesis_or_calculation"": {
      ""type"": ""experimental"",
      ""method"": ""Solvothermal synthesis"",
      ""parameters"": {
        ""precursors"": ""Pd(acac)2, Pt(acac)2, Ru(acac)3"",
        ""total_metal_concentration"": ""5×10^-3 mol/L"",
        ""solvent"": ""ethanol:acetone = 1:1 (volume)"",
        ""support"": ""HNO3-oxidized CNFs"",
        ""temperature"": ""220°C"",
        ""time"": ""4h"",
        ""drying"": ""60°C, 6h""
      }
    },
    ""special_conditions"": ""Demonstrates that Pd, Pt, and Ru are the critical elements for complete hydrogenation of both alkynyl and phenyl groups in DEB."",
    ""phase_classification"": ""Single Solid Solution""
  }
}
```",True
parsed_output-10.1007-s40820-026-02194-9.pdf.md,parsed_output-10.1007-s40820-026-02194-9.pdf.md,"Based on my analysis of the paper, the high-entropy and medium-entropy alloys discussed in the experimental work (excluding those mentioned in the introduction or cited references) are as follows:

**1. Ni–Fe–Cu alloy (exsolved from SFMMCCN)**
- Elements: 3 (Ni, Fe, Cu)
- Chemical formula (alphabetically sorted): CuFeNi
- Note: This is a medium-entropy alloy (ΔS_config = 1.09 R), not strictly a high-entropy alloy, but it is the primary exsolved metallic phase discussed in the experimental results.

**2. Bulk SFMMCCN perovskite (after reduction)**
- While this is an oxide, not a metallic alloy, the paper explicitly discusses it as a high-entropy material. The B-site cations (Fe, Mo, Mn, Cr, Cu, Ni) form the high-entropy sublattice.
- Elements in the B-site: 6 (Fe, Mo, Mn, Cr, Cu, Ni)
- Formula (alphabetically sorted for B-site): CrCuFeMnMoNi
- Entropy: 1.50 R (still high-entropy after reduction)

**3. Bulk SFMMCCN perovskite (pristine)**
- High-entropy perovskite oxide (ΔS_config = 1.60 R)
- Elements in B-site: 6 (Fe, Mo, Mn, Cr, Cu, Ni)
- Formula (alphabetically sorted): CrCuFeMnMoNi
- Full formula: Sr₂Cr₀.₂Cu₀.₂Fe₁Mo₀.₂Mn₀.₂Ni₀.₂O₆₋δ

**4. Exsolved Ni–Fe–Cu alloy (detailed composition from EDS)**
- Elements: 3 (Ni, Fe, Cu)
- Formula (alphabetically sorted): CuFeNi
- This is the same as #1, listed here for completeness with the explicit mention of its medium-entropy classification.

---

**Summary Table of Essential Alloys/High-Entropy Materials:**

| # | Material | Elements | Alphabetically Sorted Formula | Entropy Classification |
|---|----------|----------|------------------------------|------------------------|
| 1 | Exsolved Ni–Fe–Cu alloy | 3 | CuFeNi | Medium-entropy (1.09 R) |
| 2 | SFMMCCN (reduced, B-site) | 6 | CrCuFeMnMoNi | High-entropy (1.50 R) |
| 3 | SFMMCCN (pristine, B-site) | 6 | CrCuFeMnMoNi | High-entropy (1.60 R) |

---

**Important Notes:**
- The paper does **not** use variable compositional notation (e.g., x values) for the exsolved alloys or the high-entropy perovskite. The compositions are fixed stoichiometries.
- The exsolved Ni–Fe–Cu alloy is classified by the authors as a **medium-entropy alloy** (ΔS ≈ 1.09 R), not strictly a high-entropy alloy (which requires ΔS ≥ 1.5 R).
- The **high-entropy perovskite oxide** SFMMCCN contains 6 B-site cations (Fe, Mo, Mn, Cr, Cu, Ni), with Sr occupying the A-site. Its full formula is Sr₂Fe₁Mo₀.₂Mn₀.₂Cr₀.₂Cu₀.₂Ni₀.₂O₆₋δ.
- No other high-entropy or medium-entropy metallic alloys are experimentally synthesized or characterized in this work beyond the Ni–Fe–Cu system. The SFM (Sr₂Fe₁.₅Mo₀.₅O₆₋δ) and SFMCN (Sr₂Fe₁Mo₀.₆Cu₀.₂Ni₀.₂O₆₋δ) are lower-entropy perovskite controls, not alloys.","Based on the paper's experimental data (XRD, HR-TEM, FFT, HAADF-STEM-EDS), here is the crystallographic analysis for each identified high/medium-entropy material:

---

## 1. Exsolved Ni–Fe–Cu Alloy Nanoparticles

| Property | Detail |
|----------|--------|
| **Chemical formula** | CuFeNi (Alphabetically sorted; actual composition ~Ni-rich with Fe and Cu) |
| **Crystallographic state** | Crystalline (nanoparticles, ~20 nm diameter) |
| **Structure** | Face-centered cubic (FCC) |
| **Space group** | *Fm-3m* (No. 225) |
| **Phase nature** | **Solid solution** (single-phase FCC alloy, not an intermetallic compound) |
| **Evidence** | HR-TEM lattice fringes (Fig. 2b), FFT analysis (Fig. S3), EDS mapping showing homogeneous Ni, Fe, Cu distribution (Fig. 2c) |
| **Lattice parameter** | Not explicitly reported; D-spacing of 0.28 nm corresponds to the perovskite matrix (110), not the alloy itself. The alloy is coherently integrated with the oxide matrix. |
| **Precipitates** | None observed beyond the primary FCC alloy phase; nanoparticles are uniformly dispersed without secondary precipitates |

---

## 2. SFMMCCN Perovskite Oxide (Pristine & Reduced)

| Property | Detail |
|----------|--------|
| **Chemical formula** | Sr₂Cr₀.₂Cu₀.₂Fe₁Mo₀.₂Mn₀.₂Ni₀.₂O₆₋δ |
| **Crystallographic state** | Crystalline (bulk ceramic) |
| **Structure** | **Double perovskite** (ordered B-site sublattice) |
| **Space group** | Not explicitly stated in the paper; double perovskites of the Sr₂FeMoO₆ type typically adopt *Fm-3m* (cubic) or *I4/mmm* (tetragonal) depending on B-site ordering. The XRD pattern shows a well-defined double perovskite structure. |
| **Phase nature** | **High-entropy solid solution** (single-phase perovskite, no secondary phases detected) |
| **Entropy** | Pristine: ΔS_config = 1.60 R; Reduced: ΔS_config = 1.50 R |
| **Evidence** | XRD (Fig. 1a) shows phase-pure double perovskite; in-situ HT-XRD (Fig. 1b,c) shows lattice expansion and emergence of metallic peak near 44° above 400°C; HR-TEM (Fig. 2a) confirms well-defined perovskite lattice with distinct sublattices |

### Key Observations on Phase Evolution:

- **Pristine SFMMCCN**: Single-phase double perovskite, no secondary phases (XRD confirmed)
- **Reduced SFMMCCN (at 700°C in H₂)**: 
  - Perovskite matrix retains its double perovskite structure
  - **New metallic phase** (FCC Ni–Fe–Cu) emerges as exsolved nanoparticles
  - The oxide remains phase-pure with no detectable secondary oxide phases
- **After 255 h durability testing**: No secondary phases detected (Figs. S13, S14); high-entropy oxide matrix remains structurally intact

---

## 3. Comparative Crystallographic Summary

| Material | Phase Type | Structure | Space Group | Crystallinity | Precipitates |
|----------|------------|-----------|-------------|---------------|--------------|
| **CuFeNi (exsolved)** | FCC solid solution | Cubic | *Fm-3m* | Crystalline | None (uniform nanoparticles) |
| **Sr₂Cr₀.₂Cu₀.₂Fe₁Mo₀.₂Mn₀.₂Ni₀.₂O₆₋δ (pristine)** | High-entropy double perovskite | Cubic or tetragonal (not explicitly stated) | Not reported | Crystalline, phase-pure | None |
| **Sr₂Cr₀.₂Cu₀.₂Fe₁Mo₀.₂Mn₀.₂Ni₀.₂O₆₋δ (reduced)** | High-entropy double perovskite + exsolved FCC alloy | Perovskite + FCC alloy | Not reported + *Fm-3m* | Crystalline | Ni–Fe–Cu nanoparticles (~20 nm) |

---

## Important Notes on Phase Identification:

1. **Ni–Fe–Cu Alloy**: 
   - The paper explicitly states the exsolved phase ""adopts a face-centered cubic (FCC) structure, in agreement with reported Ni-based alloys"" (Fig. S3, FFT analysis).
   - The alloy is a **solid solution**, not an intermetallic compound (confirmed by EDS showing homogeneous distribution of all three metals).

2. **Perovskite Space Group**: 
   - The paper does **not explicitly report** the space group for SFMMCCN. Double perovskites with this composition (related to Sr₂FeMoO₆) commonly crystallize in:
     - *Fm-3m* (cubic, disordered B-site) or
     - *I4/mmm* (tetragonal, ordered B-site)
   - XRD confirms ""well-defined double perovskite structures"" without specifying space group.

3. **Precipitates Visible Only in Micrography**:
   - The exsolved Ni–Fe–Cu nanoparticles are observed in SEM and TEM but appear as a small diffraction feature near 44° in HT-XRD only above 400°C (Fig. 1b,c).
   - Under standard XRD of reduced powders, the metallic peaks may be subtle due to small particle size (~20 nm) and low volume fraction.
   - **No other precipitates** (e.g., secondary oxides, intermetallics) were reported.

4. **Coherent Interface**: 
   - The nanoparticles exhibit coherent lattice integration with the perovskite matrix (d-spacing of 0.28 nm corresponds to perovskite (110) plane), indicating epitaxial relationships between the FCC alloy and the oxide lattice.","Based on the paper, the materials were investigated through a **combination of both theoretical and experimental approaches**. Here is the detailed breakdown:

---

## 1. Theoretical Prediction (DFT Calculations)

**Method**: Density Functional Theory (DFT) with GGA-PBE functional, using the Vienna Ab initio Simulation Package (VASP). DFT+U approach was employed with Hubbard U values.

**Key Parameters**:
| Parameter | Value |
|-----------|-------|
| Energy cutoff | 450 eV |
| K-point mesh (perovskite, 156 atoms) | 1 × 2 × 1 |
| K-point mesh (metal slabs, 54 atoms) | 3 × 3 × 1 |
| Electronic convergence | 10⁻⁶ eV/cell |
| Force convergence | 1 × 10⁻¹ eV/Å |
| Vacuum region | 20 Å along z-axis |
| U values | Mn: 3.9 eV, Cr: 3.7 eV, Cu: 4.0 eV, Ni: 6.2 eV, Mo: 4.38 eV, Fe: 5.3 eV |

**Valence Configurations Used**:
- Mn: 4p⁶3d⁶4s¹
- Cr: 4p⁶3d⁵4s¹
- Cu: 3d¹⁰4s¹
- Ni: 3d⁹4s¹
- Mo: 4s²4p⁶4d⁵5s¹
- Sr: 4s²4p⁶5s²
- Fe: 3d⁶4s¹
- O: 2s²p⁴

**Predicted Phenomena**:
1. **NH₃ decomposition energy barriers** on SFM (3.40 eV) vs. SFMMCCN (2.63 eV)
2. **NH₃ decomposition energy barriers** on pure Ni (2.09 eV) vs. Ni–Fe–Cu alloy (1.46 eV)
3. **Exsolution thermodynamics**: O 2p band center (−3.5 eV for SFMMCCN vs. −3.8 eV for SFM) predicts easier oxygen vacancy formation/cation exsolution
4. **Cation–oxygen bond strength**: COHP analysis showed weaker bonds for Ni, Cu, Fe (ICOHP values), predicting their selective exsolution

**Phases/Structures in DFT Models**:
- 156-atom double perovskite slab (SFM and SFMMCCN)
- 54-atom FCC metal slabs (pure Ni and Ni–Fe–Cu alloy)
- Adsorption sites: atop, bridge, FCC, HCP (for metals); metal atop sites only (for perovskites)

---

## 2. Experimental Synthesis

### 2.1 SFMMCCN Perovskite Powder (Sol–Gel Method)

**Precursors Used**:
| Cation | Precursor |
|--------|-----------|
| Sr | Sr(NO₃)₂ |
| Fe | Fe(NO₃)₃·9H₂O |
| Mo | (NH₄)₂MoO₄ |
| Mn | Mn(NO₃)₂·6H₂O |
| Cr | Cr(NO₃)₃·9H₂O |
| Cu | Cu(NO₃)₂·3H₂O |
| Ni | Ni(NO₃)₂·6H₂O |

**Synthesis Parameters**:
| Step | Condition |
|------|-----------|
| Dissolution | Deionized water at 80°C |
| Chelating agents | EDTA + citric acid |
| pH adjustment | 8 (using ammonia) |
| Gel formation | Evaporation |
| Pre-calcination | 300°C for 2 h |
| Final calcination | 1000°C for 5 h |
| Post-milling | Ball-milled in ethanol |

**Resulting Phase**: Phase-pure double perovskite SFMMCCN (confirmed by XRD, Fig. 1a)

### 2.2 BSTC Cathode (Solid-State Reaction)

**Precursors**: Stoichiometric amounts of Ba, Sc, Ta, Co precursors
**Method**: Solid-state reaction (specific T/t not detailed in main text, referenced from prior work [27])

### 2.3 Cell Fabrication (Anode-Supported PCFC)

**Layer Configurations**:
| Layer | Composition | Fabrication Method |
|-------|-------------|-------------------|
| Supporting anode | NiO–BZCYYb (6:4 wt ratio) | Tape casting |
| Anode functional layer | NiO–BZCYYb | Tape casting |
| Electrolyte | BZCYYb | Tape casting |
| Anode catalyst layer (ACL) | SFMMCCN | Brush coating |
| Cathode | BSTC | Screen printing |

**Sintering Conditions**:
| Step | Temperature | Time | Atmosphere |
|------|-------------|------|------------|
| Pre-sintering (green tapes) | 900°C | 3 h | Air (organic removal) |
| Co-sintering (anode + electrolyte) | 1400°C | 5 min | Microwave furnace (2.45 GHz, 2 kW) |
| ACL sintering | 950°C | 3 min | Microwave furnace |
| Cathode sintering | 850°C | 3 min | Microwave furnace |

**Slurry Additives**:
- Solvents: ethanol, toluene
- Dispersant: Hypermer KD-1
- Binder: polyvinyl butyral
- Plasticizer: di-n-butyl phthalate
- Pore former: poly(methyl methacrylate)

---

## 3. Post-Processing / Thermo-Chemical Treatments

### 3.1 Reduction Treatment (Exsolved Ni–Fe–Cu Alloy Formation)

| Parameter | Value |
|-----------|-------|
| Temperature | 700°C |
| Time | 2 h |
| Atmosphere | Pure H₂ (100%) |
| Purpose | In-situ exsolution of Ni–Fe–Cu alloy nanoparticles |

**Applied to**: All catalyst powders (SFM, SFMCN, SFMMCCN, Ni-BZCYYb) prior to catalytic testing; SFMMCCN pellets for microstructural analysis; SFMMCCN cell before electrochemical testing.

**Phase Transformation**:
- **Before reduction**: Oxidized SFMMCCN (single-phase double perovskite, ΔS = 1.60 R)
- **After reduction**: 
  - Perovskite matrix retains double perovskite structure (ΔS = 1.50 R)
  - Exsolved FCC Ni–Fe–Cu alloy nanoparticles (~20 nm) emerge (ΔS = 1.09 R, medium-entropy)
  - Metallic peaks detected by HT-XRD above 400°C (near 44°)

### 3.2 Electrochemical Testing Pretreatment

| Step | Condition |
|------|-----------|
| Anode reduction | Humidified H₂ (3% H₂O, 50 sccm) |
| Fuel during testing | NH₃ (50 sccm) |
| Cathode supply | Humidified air (3% H₂O, 50 sccm) |
| Testing temperature | 550–700°C |

### 3.3 Durability Testing Conditions

| Parameter | Value |
|-----------|-------|
| Current density | 0.3 A cm⁻² |
| Temperature | 600°C |
| Fuel | NH₃ |
| Duration | 255+ h (SFMMCCN cell) |

---

## 4. Summary of Phase Evolution Across Processing Stages

| Stage | Phases Present | Structure | Notes |
|-------|---------------|-----------|-------|
| **DFT prediction** | SFM, SFMMCCN (perovskites); Ni, Ni–Fe–Cu (FCC metals) | Double perovskite; FCC | Predicted energy barriers, exsolution propensity |
| **After calcination (1000°C, 5 h)** | SFMMCCN | Double perovskite | Phase-pure, ΔS = 1.60 R |
| **After cell co-sintering (1400°C)** | NiO–BZCYYb + BZCYYb + SFMMCCN ACL | Multilayer | No SFMMCCN phase change reported |
| **After ACL sintering (950°C)** | SFMMCCN ACL | Double perovskite | Maintains structure |
| **After reduction (700°C, H₂, 2 h)** | Perovskite + exsolved Ni–Fe–Cu alloy | Double perovskite + FCC alloy | Alloy ~20 nm, ΔS = 1.50 R (oxide) + 1.09 R (alloy) |
| **After electrochemical operation (600°C, NH₃)** | SFMMCCN cell: stable perovskite + alloy; Bare cell: Ni coarsening, BZCYYb phase separation | Stable | SFMMCCN shows no secondary phases after 255 h; bare cell shows BaO formation (Figs. S11–S14) |

---

## 5. Important Notes

1. **Microwave sintering** was used for cell fabrication (not conventional furnaces), at 2.45 GHz frequency and 2 kW power.
2. **Only the SFMMCCN ACL** was brush-coated; the anode, functional layer, and electrolyte were tape-cast and co-sintered.
3. **No mechanical post-processing** (rolling, quenching, etc.) was reported.
4. **Reduction treatment** was applied to all catalyst samples for consistency in catalytic testing, but for the single cell, reduction occurred in-situ during cell startup.
5. The paper does not specify cooling rates after sintering or reduction steps.","Based on my analysis of the paper, here is the identification of any partially ordered structures and classification of High Entropy Intermetallics:

---

## 1. Exsolved Ni–Fe–Cu Alloy (CuFeNi)

**Classification: NOT a High Entropy Intermetallic**

| Criterion | Assessment |
|-----------|------------|
| **Ordering** | **Disordered solid solution** (FCC, *Fm-3m*) |
| **Entropy classification** | Medium-entropy alloy (ΔS_config = 1.09 R) |
| **Intermetallic compound?** | **No** – EDS confirms homogeneous distribution of Ni, Fe, Cu without superlattice ordering |
| **Evidence** | HR-TEM and FFT (Fig. S3) show simple FCC pattern without extra superlattice reflections; EDS mapping (Fig. 2c) shows uniform elemental distribution |
| **Key conclusion** | Fully disordered FCC solid solution; no evidence of B2, L1₂, or other ordered superlattice structures |

**Supporting Evidence from Paper:**
- The authors explicitly state the exsolved phase ""adopts a face-centered cubic (FCC) structure, in agreement with reported Ni-based alloys""
- FFT analysis (Fig. S3) shows fundamental FCC reflections only
- No superlattice peaks or ordering reflections were reported in any XRD or TEM analysis
- The medium-entropy value (1.09 R) is below the high-entropy threshold (≥1.5 R)

---

## 2. SFMMCCN Perovskite Oxide (Sr₂Cr₀.₂Cu₀.₂Fe₁Mo₀.₂Mn₀.₂Ni₀.₂O₆₋δ)

**Classification: High Entropy Oxide (HEO), not a metallic intermetallic**

| Criterion | Assessment |
|-----------|------------|
| **Ordering** | **Double perovskite with B-site ordering** (ordered arrangement of B-site cations) |
| **Entropy classification** | High-entropy (ΔS_config = 1.60 R pristine; 1.50 R reduced) |
| **Intermetallic compound?** | No – it is an oxide ceramic, not a metallic intermetallic |
| **Structural order** | The double perovskite structure implies alternate ordering of B-site cations (Fe/Mo vs. Mn/Cr/Cu/Ni sublattices), as confirmed by HR-TEM showing ""distinct sublattices occupied by multiple transition-metal cations"" (Fig. 2a) |
| **Key conclusion** | Partially ordered B-site sublattice within a high-entropy framework, but not an intermetallic |

---

## 3. Summary of Ordering Assessment

| Material | Structure | Ordered? | High Entropy Intermetallic? |
|----------|-----------|----------|----------------------------|
| **CuFeNi (exsolved)** | FCC solid solution | **Disordered** (no superlattice) | **No** |
| **Sr₂Cr₀.₂Cu₀.₂Fe₁Mo₀.₂Mn₀.₂Ni₀.₂O₆₋δ** | Double perovskite | Partially ordered (B-site sublattice ordering) | **No** (oxide, not intermetallic) |

---

## 4. Important Clarifications

1. **No High Entropy Intermetallic compounds** were identified in this study. The exsolved Ni–Fe–Cu alloy is a **disordered solid solution**, and the perovskite is an **oxide ceramic** with B-site cation ordering characteristic of double perovskites.

2. **The double perovskite ordering** in SFMMCCN refers to the crystallographic arrangement of B-site cations (e.g., rock-salt-type ordering of Fe/Mo vs. other transition metals), which is a characteristic of the A₂BB′O₆ double perovskite family. This is NOT an intermetallic ordering phenomenon.

3. **No partially ordered metallic structures** (e.g., B2, L1₂, D0₂₂) were reported for the exsolved nanoparticles. The FCC structure is fully disordered.

4. **The paper does not use the term ""High Entropy Intermetallic""** anywhere in the text. The only entropy classifications mentioned are:
   - High-entropy alloy: ΔS ≥ 1.5R
   - Medium-entropy alloy: 1.0R ≤ ΔS ≤ 1.5R
   - Low-entropy alloy: ΔS < 1.0R

5. **All observations** are for the reduced (post-exsolution) state, which is the catalytically active form. There is no oxidation study of the alloy in this paper; the focus is on reduction-induced exsolution and subsequent NH₃ decomposition operation.","```json
{
  ""Ni-Fe-Cu_Exsolved_Alloy"": {
    ""chemical_formula"": ""CuFeNi"",
    ""composition"": {
      ""Cu"": 33.3,
      ""Fe"": 33.3,
      ""Ni"": 33.3
    },
    ""number_of_elements"": 3,
    ""crystallographic_phases"": [
      {
        ""phase_type"": ""solid solution"",
        ""chemical_formula"": ""CuFeNi"",
        ""crystallographic_state"": ""crystalline"",
        ""structure"": ""face-centered cubic"",
        ""space_group"": ""Fm-3m"",
        ""detection_method"": ""HR-TEM, FFT, HAADF-STEM-EDS"",
        ""details"": ""Single-phase FCC disordered solid solution, nanoparticles ~20 nm, exsolved from SFMMCCN perovskite matrix under reducing conditions. EDS confirms homogeneous Ni, Fe, Cu distribution. No superlattice or ordering reflections observed.""
      }
    ],
    ""precipitates"": [],
    ""synthesis_or_calculation"": {
      ""type"": ""experimental"",
      ""method"": ""In-situ exsolution from high-entropy perovskite SFMMCCN under H2 reduction"",
      ""parameters"": {
        ""temperature"": 700,
        ""time"": ""2 hours"",
        ""atmosphere"": ""100% H2"",
        ""precursor"": ""Sr2Cr0.2Cu0.2Fe1Mo0.2Mn0.2Ni0.2O6-delta (SFMMCCN)""
      }
    },
    ""theoretical_details"": {
      ""method"": ""DFT (VASP, GGA-PBE, DFT+U)"",
      ""parameters"": {
        ""energy_cutoff"": ""450 eV"",
        ""k_point_mesh"": ""3x3x1 (54-atom slab)"",
        ""U_values"": ""Ni: 6.2 eV, Fe: 5.3 eV, Cu: 4.0 eV"",
        ""predicted_NH3_decomposition_barrier"": ""1.46 eV""
      }
    },
    ""special_conditions"": ""Medium-entropy alloy (ΔS_config = 1.09 R, below high-entropy threshold of 1.5R). Coherent interface with perovskite matrix (d-spacing 0.28 nm matches perovskite (110) plane). Catalytically active form for NH3 decomposition."",
    ""phase_classification"": ""Single Solid Solution""
  },
  ""SFMMCCN_Pristine_High_Entropy_Perovskite"": {
    ""chemical_formula"": ""CrCuFeMnMoNiSr2O6-delta"",
    ""composition"": {
      ""Sr"": 2,
      ""Fe"": 1,
      ""Mo"": 0.2,
      ""Mn"": 0.2,
      ""Cr"": 0.2,
      ""Cu"": 0.2,
      ""Ni"": 0.2,
      ""O"": ""6-delta""
    },
    ""number_of_elements"": 8,
    ""crystallographic_phases"": [
      {
        ""phase_type"": ""high-entropy double perovskite oxide"",
        ""chemical_formula"": ""Sr2Cr0.2Cu0.2Fe1Mo0.2Mn0.2Ni0.2O6-delta"",
        ""crystallographic_state"": ""crystalline"",
        ""structure"": ""double perovskite with B-site cation ordering"",
        ""space_group"": ""Not explicitly reported (double perovskites of Sr2FeMoO6 type typically Fm-3m or I4/mmm)"",
        ""detection_method"": ""XRD, HR-TEM"",
        ""details"": ""Phase-pure double perovskite, no secondary phases. HR-TEM shows distinct sublattices occupied by multiple transition-metal cations. ΔS_config = 1.60 R (high-entropy).""
      }
    ],
    ""precipitates"": [],
    ""synthesis_or_calculation"": {
      ""type"": ""experimental"",
      ""method"": ""Sol-gel method"",
      ""parameters"": {
        ""precursors"": ""Sr(NO3)2, Fe(NO3)3·9H2O, (NH4)2MoO4, Mn(NO3)2·6H2O, Cr(NO3)3·9H2O, Cu(NO3)2·3H2O, Ni(NO3)2·6H2O"",
        ""dissolution_temperature"": 80,
        ""chelating_agents"": ""EDTA and citric acid"",
        ""pH"": 8,
        ""pre_calcination"": ""300°C for 2 h"",
        ""final_calcination"": ""1000°C for 5 h"",
        ""post_milling"": ""Ball-milled in ethanol""
      }
    },
    ""theoretical_details"": {
      ""method"": ""DFT (VASP, GGA-PBE, DFT+U)"",
      ""parameters"": {
        ""energy_cutoff"": ""450 eV"",
        ""k_point_mesh"": ""1x2x1 (156-atom slab)"",
        ""U_values"": ""Mn: 3.9 eV, Cr: 3.7 eV, Cu: 4.0 eV, Ni: 6.2 eV, Mo: 4.38 eV, Fe: 5.3 eV"",
        ""O_2p_band_center"": ""-3.5 eV"",
        ""predicted_NH3_decomposition_barrier"": ""2.63 eV""
      }
    },
    ""special_conditions"": ""High-entropy perovskite oxide (ΔS_config = 1.60 R). Initial state before reduction/oxidation. B-site contains 5 equimolar dopants (Mo, Mn, Cr, Cu, Ni) with Fe, showing partial B-site ordering characteristic of double perovskites."",
    ""phase_classification"": ""Single Solid Solution""
  },
  ""SFMMCCN_Reduced_High_Entropy_Perovskite_Matrix"": {
    ""chemical_formula"": ""CrCuFeMnMoNiSr2O6-delta"",
    ""composition"": {
      ""Sr"": 2,
      ""Fe"": 1,
      ""Mo"": 0.2,
      ""Mn"": 0.2,
      ""Cr"": 0.2,
      ""Cu"": 0.2,
      ""Ni"": 0.2,
      ""O"": ""6-delta""
    },
    ""number_of_elements"": 8,
    ""crystallographic_phases"": [
      {
        ""phase_type"": ""high-entropy double perovskite oxide (matrix after exsolution)"",
        ""chemical_formula"": ""Sr2Cr0.2Cu0.2Fe1Mo0.2Mn0.2Ni0.2O6-delta"",
        ""crystallographic_state"": ""crystalline"",
        ""structure"": ""double perovskite with B-site cation ordering"",
        ""space_group"": ""Not explicitly reported"",
        ""detection_method"": ""XRD, HR-TEM, HAADF-STEM-EDS"",
        ""details"": ""Perovskite matrix retains double perovskite structure after reduction at 700°C in H2. ΔS_config = 1.50 R (still high-entropy). Contains exsolved Ni-Fe-Cu nanoparticles coherently integrated on surface.""
      }
    ],
    ""precipitates"": [
      {
        ""chemical_formula"": ""CuFeNi"",
        ""detection_method"": ""SEM, HR-TEM, EDS"",
        ""details"": ""Exsolved Ni-Fe-Cu alloy nanoparticles (~20 nm) uniformly dispersed on perovskite surface, formed via in-situ exsolution under reducing conditions.""
      }
    ],
    ""synthesis_or_calculation"": {
      ""type"": ""experimental"",
      ""method"": ""Reduction of pristine SFMMCCN perovskite"",
      ""parameters"": {
        ""temperature"": 700,
        ""time"": ""2 hours"",
        ""atmosphere"": ""100% H2"",
        ""prior_calcination"": ""1000°C for 5 h (sol-gel)""
      }
    },
    ""theoretical_details"": {
      ""method"": ""DFT (VASP, GGA-PBE, DFT+U)"",
      ""parameters"": {
        ""COHP_analysis"": ""Weaker cation-oxygen bonds for Ni, Cu, Fe (less negative ICOHP)"",
        ""exsolution_driving_force"": ""O 2p band center at -3.5 eV (higher than SFM at -3.8 eV, indicating easier oxygen vacancy formation)""
      }
    },
    ""special_conditions"": ""Reduced state after exsolution - this is the catalytically active form for NH3 decomposition. Shows high structural stability after 255 h of operation with no secondary phases detected."",
    ""phase_classification"": ""Mixed Solution""
  },
  ""SFM_Control_Perovskite"": {
    ""chemical_formula"": ""FeMoO6Sr2-delta"",
    ""composition"": {
      ""Sr"": 2,
      ""Fe"": 1.5,
      ""Mo"": 0.5,
      ""O"": ""6-delta""
    },
    ""number_of_elements"": 4,
    ""crystallographic_phases"": [
      {
        ""phase_type"": ""double perovskite oxide"",
        ""chemical_formula"": ""Sr2Fe1.5Mo0.5O6-delta"",
        ""crystallographic_state"": ""crystalline"",
        ""structure"": ""double perovskite"",
        ""space_group"": ""Not explicitly reported"",
        ""detection_method"": ""XRD"",
        ""details"": ""Low-entropy control perovskite. No exsolution peaks detected after reduction (Fig. S2). NH3 conversion: 47% at 600°C (vs. 96% for SFMMCCN).""
      }
    ],
    ""precipitates"": [],
    ""synthesis_or_calculation"": {
      ""type"": ""experimental"",
      ""method"": ""Sol-gel method"",
      ""parameters"": {
        ""precursors"": ""Sr(NO3)2, Fe(NO3)3·9H2O, (NH4)2MoO4"",
        ""dissolution_temperature"": 80,
        ""chelating_agents"": ""EDTA and citric acid"",
        ""pH"": 8,
        ""pre_calcination"": ""300°C for 2 h"",
        ""final_calcination"": ""1000°C for 5 h""
      }
    },
    ""theoretical_details"": {
      ""method"": ""DFT (VASP, GGA-PBE, DFT+U)"",
      ""parameters"": {
        ""energy_cutoff"": ""450 eV"",
        ""O_2p_band_center"": ""-3.8 eV"",
        ""predicted_NH3_decomposition_barrier"": ""3.40 eV""
      }
    },
    ""special_conditions"": ""Low-entropy control material. Used for comparison to demonstrate the effect of high-entropy design."",
    ""phase_classification"": ""Single Solid Solution""
  },
  ""SFMCN_Control_Perovskite"": {
    ""chemical_formula"": ""CuFeMoNiO6Sr2-delta"",
    ""composition"": {
      ""Sr"": 2,
      ""Fe"": 1,
      ""Mo"": 0.6,
      ""Cu"": 0.2,
      ""Ni"": 0.2,
      ""O"": ""6-delta""
    },
    ""number_of_elements"": 6,
    ""crystallographic_phases"": [
      {
        ""phase_type"": ""double perovskite oxide"",
        ""chemical_formula"": ""Sr2Fe1Mo0.6Cu0.2Ni0.2O6-delta"",
        ""crystallographic_state"": ""crystalline"",
        ""structure"": ""double perovskite"",
        ""space_group"": ""Not explicitly reported"",
        ""detection_method"": ""XRD"",
        ""details"": ""Medium-entropy control perovskite (Mn- and Cr-free). NH3 conversion: 57% at 600°C. Used to demonstrate that Mn and Cr incorporation (not just any dopants) strengthens surface acidity.""
      }
    ],
    ""precipitates"": [],
    ""synthesis_or_calculation"": {
      ""type"": ""experimental"",
      ""method"": ""Sol-gel method"",
      ""parameters"": {
        ""precursors"": ""Sr(NO3)2, Fe(NO3)3·9H2O, (NH4)2MoO4, Cu(NO3)2·3H2O, Ni(NO3)2·6H2O"",
        ""dissolution_temperature"": 80,
        ""chelating_agents"": ""EDTA and citric acid"",
        ""pH"": 8,
        ""pre_calcination"": ""300°C for 2 h"",
        ""final_calcination"": ""1000°C for 5 h""
      }
    },
    ""special_conditions"": ""Medium-entropy control material lacking Mn and Cr. Demonstrates that acidic dopants (Mn, Cr) are responsible for enhanced NH3 adsorption."",
    ""phase_classification"": ""Single Solid Solution""
  },
  ""Ni-BZCYYb_Bare_Anode"": {
    ""chemical_formula"": ""BaCeZrYbYNiO"",
    ""composition"": {
      ""NiO"": ""60 wt%"",
      ""BZCYYb"": ""40 wt%"",
      ""BZCYYb_formula"": ""BaZr0.4Ce0.4Y0.1Yb0.1O3-delta""
    },
    ""number_of_elements"": 7,
    ""crystallographic_phases"": [
      {
        ""phase_type"": ""cermet (Ni + perovskite)"",
        ""chemical_formula"": ""Ni + BaZr0.4Ce0.4Y0.1Yb0.1O3-delta"",
        ""crystallographic_state"": ""crystalline"",
        ""structure"": ""FCC Ni metal + perovskite oxide"",
        ""space_group"": ""Ni: Fm-3m; BZCYYb: not reported"",
        ""detection_method"": ""XRD, SEM"",
        ""details"": ""Conventional Ni-based PCFC anode. After reduction, metallic Ni particles form. Shows rapid degradation under NH3 due to Ni nitridation/coarsening and BZCYYb phase separation with BaO formation after durability testing.""
      }
    ],
    ""precipitates"": [],
    ""synthesis_or_calculation"": {
      ""type"": ""experimental"",
      ""method"": ""Tape casting (anode support)"",
      ""parameters"": {
        ""NiO_source"": ""Sumitomo"",
        ""BZCYYb_source"": ""Kceracell"",
        ""weight_ratio"": ""NiO:BZCYYb = 6:4"",
        ""solvents"": ""ethanol and toluene"",
        ""dispersant"": ""Hypermer KD-1"",
        ""binder"": ""polyvinyl butyral"",
        ""plasticizer"": ""di-n-butyl phthalate"",
        ""pore_former"": ""poly(methyl methacrylate)"",
        ""pre_sintering"": ""900°C for 3 h"",
        ""co_sintering"": ""1400°C for 5 min (microwave)""
      }
    },
    ""special_conditions"": ""Bare anode without ACL. Shows NH3 conversion of ~60% at 600°C (higher than SFM and SFMCN due to metallic Ni activity). Rapid deactivation within 20 h under NH3 due to Ni coarsening and nitridation."",
    ""phase_classification"": ""Mixed Solution""
  }
}
```",True
parsed_output-10.1038-s41377-024-01614-y.pdf.md,parsed_output-10.1038-s41377-024-01614-y.pdf.md,"Based on the paper, the high-entropy alloys (HEAs) discussed in the main results and experiments (excluding introduction and cited references) are:

1. **CrMnFeCoNi** – 5 elements (Cr, Fe, Mn, Co, Ni)
   - Alphabetically sorted: CoCrFeMnNi

2. **CrMnFeCoNi oxide** – 5 metallic elements + oxygen (O), but as a HEA oxide, the metallic core is 5 elements
   - Alphabetically sorted: CoCrFeMnNiO (oxide form discussed, not a typical HEA alloy but a HEA compound)

3. **CrMnFeCoNi sulfide** – 5 metallic elements + sulfur (S)
   - Alphabetically sorted: CoCrFeMnNiS

4. **CrMnFeCoNi phosphide** – 5 metallic elements + phosphorus (P)
   - Alphabetically sorted: CoCrFeMnNiP

**Note:** The paper focuses on the equimolar CrMnFeCoNi system. The oxide, sulfide, and phosphide are derivatives of this HEA with non-metallic elements incorporated, but the metallic high-entropy core remains the same 5-element composition.

The paper does not report any variable-composition alloys (no x or stoichiometric variables). All alloys are equimolar in the five principal metallic elements.","Based on the paper's experimental results and characterization data (XRD, SAED, HR-TEM), here is the crystallographic analysis for each high-entropy alloy identified:

---

### 1. CrMnFeCoNi (metallic HEA nanoparticles)

| Property | Detail |
|----------|--------|
| **Chemical formula** | CrMnFeCoNi (equimolar) |
| **Crystallographic state** | Crystalline – single-phase FCC solid solution |
| **Structure** | Face-centered cubic (FCC) |
| **Space group** | *Fm-3m* (No. 225) – inferred from FCC indexing |
| **XRD evidence** | Diffraction peak at 43° corresponding to (111) FCC orientation (Fig. 1e) |
| **SAED evidence** | Diffraction rings indexed to (111), (220), and (311) planes with d-spacings of 0.21 nm, 1.94 nm, and 1.75 nm respectively (Fig. 1g) |
| **Nature of phase** | Homogeneous solid solution – no phase separation observed |
| **Precipitates/Secondary phases** | None detected by XRD or SAED. EDS elemental mapping (Fig. 1h, Fig. 2b–d) confirms homogeneous distribution of all five elements with no apparent phase separation. |

**Notes on potential undetected features:**
- The paper mentions that Mn content is lower than Fe, Co, and Ni in the final nanoparticles (Fig. S3), attributed to partial Mn vaporization due to its high vapor pressure. This composition deviation does not create a secondary phase but represents a non-equimolar solid solution in practice.
- HR-TEM reveals **graphene shell encapsulation** (several graphene layers partially embracing the nanoparticles, Fig. 1f and S4b–d). This is not a precipitate of the alloy itself but an interfacial carbon structure.

---

### 2. CrMnFeCoNi oxide (HEA oxide nanoparticles)

| Property | Detail |
|----------|--------|
| **Chemical formula** | CrMnFeCoNi–O (oxygen incorporated) |
| **Crystallographic state** | Crystalline (implied by TEM and EDS analysis) |
| **Structure** | Not explicitly characterized in the main text – referred to as ""high-entropy oxide"" |
| **Space group** | Not reported |
| **XRD evidence** | No XRD data provided in main text for the oxide |
| **SAED evidence** | Not provided in main text |
| **Nature of phase** | The paper states homogenous mixing of oxygen with the quinary elements (Fig. S13). The paper suggests ""severe lattice distortion"" may occur due to incorporation of non-metallic atoms. |
| **Precipitates/Secondary phases** | Not specifically evaluated; EDS shows homogeneous elemental distribution without phase separation within the detection limits. |

---

### 3. CrMnFeCoNi sulfide (HEA sulfide nanoparticles)

| Property | Detail |
|----------|--------|
| **Chemical formula** | CrMnFeCoNi–S (sulfur incorporated) |
| **Crystallographic state** | Crystalline (implied by TEM and EDS analysis) |
| **Structure** | Not explicitly characterized in the main text – referred to as ""high-entropy sulfide"" |
| **Space group** | Not reported |
| **XRD evidence** | No XRD data provided in main text for the sulfide |
| **SAED evidence** | Not provided in main text |
| **Nature of phase** | The paper states homogenous mixing of sulfur with the quinary elements (Fig. S13). The paper suggests ""severe lattice distortion"" may occur due to incorporation of non-metallic atoms. |
| **Precipitates/Secondary phases** | Not specifically evaluated; EDS shows homogeneous elemental distribution without phase separation within the detection limits. |

---

### 4. CrMnFeCoNi phosphide (HEA phosphide nanoparticles)

| Property | Detail |
|----------|--------|
| **Chemical formula** | CrMnFeCoNi–P (phosphorus incorporated) |
| **Crystallographic state** | Crystalline (implied by TEM and EDS analysis) |
| **Structure** | Not explicitly characterized in the main text – referred to as ""high-entropy phosphide"" |
| **Space group** | Not reported |
| **XRD evidence** | No XRD data provided in main text for the phosphide |
| **SAED evidence** | Not provided in main text |
| **Nature of phase** | The paper states homogenous mixing of phosphorus with the quinary elements (Fig. S13). The paper suggests ""severe lattice distortion"" may occur due to incorporation of non-metallic atoms. |
| **Precipitates/Secondary phases** | Not specifically evaluated; EDS shows homogeneous elemental distribution without phase separation within the detection limits. |

---

### Summary of Crystallographic Phases

| Compound | Phase Type | Structure | Space Group | XRD Confirmed | SAED Confirmed |
|----------|-----------|-----------|-------------|---------------|----------------|
| CrMnFeCoNi | Single-phase FCC solid solution | FCC | *Fm-3m* (inferred) | Yes (peak at 43°) | Yes ((111), (220), (311)) |
| CrMnFeCoNi oxide | High-entropy oxide (crystalline, structure not specified) | Not reported | Not reported | No | No |
| CrMnFeCoNi sulfide | High-entropy sulfide (crystalline, structure not specified) | Not reported | Not reported | No | No |
| CrMnFeCoNi phosphide | High-entropy phosphide (crystalline, structure not specified) | Not reported | Not reported | No | No |

---

### Important Additional Observations from Microscopy

1. **Graphene shell encapsulation** (CrMnFeCoNi): HR-TEM (Fig. 1f, S4b–d) shows the HEA nanoparticles are partially embraced by several graphene layers. This is a carbon interfacial structure, not an alloy precipitate, but it is critical for catalytic stability.

2. **No visible precipitates**: For the metallic HEA, no secondary precipitates or intermetallic compounds were detected in either XRD or SAED. EDS mapping confirms homogeneous elemental distribution.

3. **Composition deviation**: The paper explicitly notes that Fe, Co, and Ni contents are higher than Cr and Mn (Fig. S3) due to partial Mn vaporization. This deviation from equimolar composition does not produce a separate phase but is a compositional nuance of the FCC solid solution.

4. **For oxide, sulfide, and phosphide**: The paper does not provide detailed crystallographic characterization (no XRD or SAED). Only TEM and EDS are reported, confirming nanoscale particle formation and homogeneous element distribution. The exact crystal structure and space group remain undetermined from the provided data.

---

### Statement of Uncertainty

- For the metallic HEA, the space group *Fm-3m* is inferred from standard FCC indexing but is not explicitly stated in the paper.
- For the oxide, sulfide, and phosphide derivatives, no diffraction data is presented; therefore the crystallographic state (whether single-phase solid solution, multi-phase, or amorphous) cannot be confirmed from the available information.
- No precipitates were observed in micrographs for any of the materials beyond the graphene shell encapsulation of the metallic HEA nanoparticles.","Based on the paper, the materials were **synthesized experimentally** – there is no theoretical prediction of new phases or compositions. The paper does include **theoretical simulation** (thermal modeling) to understand the synthesis mechanism, but this is not a prediction of the material itself.

Here is the detailed breakdown:

---

## 1. Theoretical Prediction

**Not applicable** – No computational prediction of new crystal structures, phase stability, or alloy compositions was performed. The paper relies on existing knowledge of the CrMnFeCoNi system.

**However, a thermal simulation was used for mechanism understanding:**

| Parameter | Value |
|-----------|-------|
| **Method** | Finite Element Analysis (FEA) using ABAQUS 2018 software |
| **Model type** | 2D thermal-mechanical coupled transient model |
| **Geometry** | Rectangle: 5.00 × 5.00 × 0.25 mm³ (X, Y, Z) |
| **Laser source** | Gaussian spatial distribution |
| **Laser fluences simulated** | 58.9, 69.9, and 96.8 mJ/cm² |
| **Scanning rate** | 2000 mm/s |
| **Laser beam diameter** | 0.43 mm |
| **Laser absorptivity (A)** | 0.56 (constant) |
| **Convective coefficient (h)** | Not explicitly stated (assumed in model) |
| **Thermal emissivity (ε)** | Not explicitly stated (used in surface emission equation) |
| **Key assumptions** | (1) Homogeneous isotropic carbon paper; (2) Constant absorptivity; (3) Effective convective heat transfer in molten pool |

**Key simulation outputs:**
- Peak surface temperature: **2381 K** (at 58.9 mJ/cm² fluence)
- Heating time: **100 μs** to reach peak temperature
- Cooling rate: **10⁷ K/s**
- Temperature gradient: temperature decreases sharply with depth into the carbon support (Fig. S10b)

This simulation was used to **explain the synthesis mechanism** (thermal decomposition, melting, molten bead splitting) – not to predict the alloy itself.

---

## 2. Experimental Synthesis

All four material types (metallic HEA, oxide, sulfide, phosphide) were synthesized experimentally via **laser solid-phase synthesis**.

### Stage 1: Substrate Preparation (LIG)

| Parameter | Value |
|-----------|-------|
| **Method** | Laser-induced graphene (LIG) from polybenzimidazole (PBI) |
| **PBI solution** | 10 wt% PBI in 90 wt% N,N-dimethylacetamide (DMAC) |
| **Mixing temperature** | 130 °C |
| **Film casting** | Doctor blade, 40 μm thick on carbon paper |
| **Phase separation** | Deionized water vapor exposure for 1 min, then ambient drying |
| **Laser carbonization** | Nd:YAG laser, 1064 nm wavelength, 500 W average power, 30 ns pulse width |
| **Laser fluence** | 88 mJ/cm² |
| **Pulse repetition rate** | 10 kHz |
| **Scanning rate** | 100 mm/s |
| **Atmosphere** | Ambient conditions |

**Result:** 3D porous LIG with N, O functional groups (C: 92.8 at%, N: 4.97 at%, O: 2.23 at%).

---

### Stage 2: Precursor Loading

| Parameter | Value |
|-----------|-------|
| **Metal precursors** | CrCl₃·6H₂O, MnCl₂, FeCl₃, CoCl₂·6H₂O, NiCl₂·6H₂O |
| **Molar ratio** | Equal-molar (equimolar) |
| **Solvent** | Absolute ethanol |
| **Concentrations** | 1, 5, 10, 15, 20 mM |
| **Immersion time** | 8 h |
| **Drying** | Vacuum oven at 80 °C for 1 h |

**Result:** Mixed metal precursor nanoparticles (~50 nm) distributed on LIG surface and pores.

---

### Stage 3: Laser Solid-Phase Synthesis (Main Synthesis)

| Parameter | Value |
|-----------|-------|
| **Laser** | Nd:YAG, 1064 nm wavelength, 500 W average power, 30 ns pulse width |
| **Laser powers** | 15, 40, 65 W |
| **Corresponding fluences** | 58.9, 69.9, 96.8 mJ/cm² (calculated) |
| **Pulse repetition rate** | 10 kHz |
| **Scanning rate** | 2000 mm/s |
| **Laser beam diameter** | 430 μm |
| **Atmosphere** | Argon (sealed box) |
| **Production rate** | ~29.6 g/h (stated as 30 g/h in abstract) |

**Result by material type:**

| Material | Precursor Modification | Result |
|----------|----------------------|--------|
| **CrMnFeCoNi (metallic)** | None (metal chlorides only) | FCC solid solution nanoparticles, ~15 nm average (10–23 nm range depending on conditions) |
| **CrMnFeCoNi oxide** | Not specified in detail (further oxidation process implied) | Oxide nanoparticles, comparable size to metallic HEA |
| **CrMnFeCoNi sulfide** | Sulfur-containing precursor modification | Sulfide nanoparticles, comparable size |
| **CrMnFeCoNi phosphide** | Phosphorus-containing precursor modification | Phosphide nanoparticles, comparable size |

**Phase obtained at this stage:**
- **CrMnFeCoNi:** Single-phase FCC solid solution (confirmed by XRD at 43° for (111), SAED with (111), (220), (311) rings)
- **Oxide, sulfide, phosphide:** The paper states ""homogeneous mixing"" of O, S, P with quinary elements (EDS mapping, Fig. S13), but **no XRD/SAED data provided** – crystallographic state remains unconfirmed from available data.

---

### Stage 4: Direct Use as Integrated Electrodes (IE-HEA/LIG)

No additional processing – the HEA/LIG samples on carbon paper were used directly as electrodes without binder.

| Parameter | Value |
|-----------|-------|
| **Electrode area** | 0.25 cm² |
| **Catalyst loading** | 6.969 mg/cm² |

---

## 3. Post-Processing

**No dedicated post-processing** (annealing, quenching, rolling, etc.) was performed on the synthesized materials beyond what is described above.

**However, the following are relevant observations:**

| Observation | Details |
|-------------|---------|
| **Electrochemical activation** | Cyclic voltammetry (CV) activation in 0–0.7 V vs. Ag/AgCl at 50 mV/s until overlapping loops – used to activate the catalyst before OER testing |
| **In-situ oxidation during OER** | During 50 h stability test at 1.5 V vs. RHE, the HEA was partially oxidized (Fig. S12). This is an *operational* transformation, not a deliberate post-processing step. |
| **Graphene shell formation** | The graphene encapsulation of HEA nanoparticles forms *during* laser synthesis – attributed to graphene bending under laser heating. This is an intrinsic result of the synthesis, not a separate post-treatment. |

### Phase Evolution Summary Across Stages

| Stage | CrMnFeCoNi System | Oxide/Sulfide/Phosphide |
|-------|-------------------|------------------------|
| **Before laser irradiation** | Mixed metal chloride crystalline phases (not belonging to any single precursor, Fig. S2a) | Same |
| **After laser irradiation** | Single-phase FCC solid solution, graphene-shell-encapsulated | Oxide/sulfide/phosphide nanoparticles with homogeneous element distribution |
| **After OER testing** | Partial surface oxidation of HEA (Fig. S12) | Not evaluated for electrochemical cycling |

---

## Summary of Key Synthesis Parameters

| Parameter | Value |
|-----------|-------|
| **Laser wavelength** | 1064 nm |
| **Laser pulse width** | 30 ns |
| **Laser power** | 15, 40, 65 W |
| **Laser fluence** | 58.9, 69.9, 96.8 mJ/cm² |
| **Pulse repetition rate** | 10 kHz |
| **Scanning rate** | 2000 mm/s |
| **Beam diameter** | 430 μm |
| **Atmosphere** | Argon |
| **Peak surface temperature** | ~1960 K (measured), 2381 K (simulated) |
| **Cooling rate** | ~10⁷ K/s (simulated) |
| **Precursor concentration** | 1–20 mM |
| **Immersion time** | 8 h |
| **Precursor drying** | 80 °C vacuum, 1 h |

---

## Statement of Uncertainty

- The exact synthesis conditions for the oxide, sulfide, and phosphide derivatives are **not detailed** in the provided text – only that they were synthesized and characterized by TEM/EDS (Fig. S13). The specific precursors or atmosphere modifications for these variants are not given in the main text.
- The laser power → fluence conversion is not explicitly calculated in the text; the fluence values of 58.9, 69.9, and 96.8 mJ/cm² are stated but their direct correspondence to 15, 40, 65 W requires knowing the spot area (π × (215 μm)² ≈ 0.145 mm²), which is consistent with the stated values.
- The production rate of ""29.6 g/h"" is stated, but the calculation basis (active area, scan overlap, etc.) is not provided.","Based on the paper's characterization data, **none of the alloys form a partially ordered structure (High Entropy Intermetallic)**. All materials remain in a disordered solid solution state as synthesized.

---

## Analysis for Each Alloy

### 1. CrMnFeCoNi (Metallic HEA Nanoparticles)

| Criterion | Assessment |
|-----------|------------|
| **Crystal structure** | FCC (face-centered cubic), space group *Fm-3m* (inferred) |
| **Ordering status** | **Disordered solid solution** – no superlattice reflections or ordering peaks observed |
| **XRD evidence** | Only the FCC (111) peak at 43° is observed (Fig. 1e). No additional peaks corresponding to ordered superstructures (e.g., B2, L1₂, L1₀) are present. |
| **SAED evidence** | Diffraction rings indexed only to FCC (111), (220), (311) – no superlattice spots or extra reflections characteristic of ordered phases (Fig. 1g). |
| **EDS mapping** | Homogeneous distribution of all five elements at the nanoscale (Fig. 1h, Fig. 2b–d), consistent with a disordered solid solution rather than a chemically ordered structure. |
| **Conclusion** | **Not a High Entropy Intermetallic** – remains a random FCC solid solution |

**Supporting evidence from the paper:**
- The authors describe the structure as ""FCC solid solution"" (Results section, Characterization of laser-synthesized CrMnFeCoNi NPs).
- No mention of ordering, superlattice formation, or intermetallic phases anywhere in the text.
- The immiscible pair (Mn/Co) is noted in the introduction as a challenge, but the laser synthesis successfully suppresses phase separation, resulting in a homogeneous disordered alloy.

---

### 2. CrMnFeCoNi Oxide

| Criterion | Assessment |
|-----------|------------|
| **Crystal structure** | Not characterized by diffraction (no XRD or SAED provided in main text) |
| **Ordering status** | **Cannot be determined from available data** |
| **Evidence** | Only TEM and EDS mapping showing homogeneous O distribution with the five metals (Fig. S13) |
| **Conclusion** | **Insufficient data** – no diffraction information to assess ordering |

**Important note:** The paper states the oxide was synthesized in its final oxidized state directly by laser processing. This is not an ""oxidation study"" of a pre-existing alloy – the oxide is the intended product from the start. Therefore, per the instruction to focus on the pre-oxidation state of alloys in oxidation studies, this material is excluded from the ordered-structure assessment anyway, as it was never a metallic alloy first.

---

### 3. CrMnFeCoNi Sulfide

| Criterion | Assessment |
|-----------|------------|
| **Crystal structure** | Not characterized by diffraction (no XRD or SAED provided in main text) |
| **Ordering status** | **Cannot be determined from available data** |
| **Evidence** | Only TEM and EDS mapping showing homogeneous S distribution (Fig. S13) |
| **Conclusion** | **Insufficient data** – no diffraction information to assess ordering |

---

### 4. CrMnFeCoNi Phosphide

| Criterion | Assessment |
|-----------|------------|
| **Crystal structure** | Not characterized by diffraction (no XRD or SAED provided in main text) |
| **Ordering status** | **Cannot be determined from available data** |
| **Evidence** | Only TEM and EDS mapping showing homogeneous P distribution (Fig. S13) |
| **Conclusion** | **Insufficient data** – no diffraction information to assess ordering |

---

## Discussion of Ordering in the Context of the Paper

The paper does **not** report any ordered structures, superlattices, or intermetallic phases. Key observations supporting the disordered nature of the metallic HEA:

1. **Synthesis conditions favor disorder:** The laser synthesis involves ultra-fast heating (100 μs to peak) and rapid cooling (10⁷ K/s), which kinetically traps the high-entropy disordered state, suppressing diffusion-driven ordering that would require longer timescales.

2. **No superlattice reflections:** For an FCC-based ordered structure (e.g., L1₂ or L1₀), characteristic superlattice reflections would appear at positions like (100), (110), or (210) in SAED or XRD. None are observed.

3. **Equimolar composition:** At equimolar CrMnFeCoNi, the configurational entropy (ΔS_conf = R·ln(5) ≈ 13.38 J/mol·K) strongly favors a disordered solid solution over any ordered configuration.

4. **Homogeneous elemental distribution:** EDS mapping at the nanoscale shows no chemical clustering or periodic compositional modulation, which would be expected if ordering were present.

---

## Conclusion

| Alloy | Ordered? | High Entropy Intermetallic? | Basis of Determination |
|-------|----------|-----------------------------|------------------------|
| **CrMnFeCoNi** | **No** – disordered FCC solid solution | **No** | XRD (only FCC (111) peak), SAED (only fundamental FCC reflections), homogeneous EDS |
| **CrMnFeCoNi oxide** | Not determinable (no diffraction data) | Not determinable | Insufficient characterization |
| **CrMnFeCoNi sulfide** | Not determinable (no diffraction data) | Not determinable | Insufficient characterization |
| **CrMnFeCoNi phosphide** | Not determinable (no diffraction data) | Not determinable | Insufficient characterization |

**Therefore:** The only fully characterized alloy (CrMnFeCoNi) forms a **disordered FCC solid solution**, not a High Entropy Intermetallic. The oxide, sulfide, and phosphide derivatives lack diffraction data to assess ordering status, and they are not studied as ""pre-oxidation alloys"" but rather synthesized directly in their final compound state.","```json
{
  ""CrMnFeCoNi"": {
    ""chemical_formula"": ""CoCrFeMnNi"",
    ""composition"": {
      ""Co"": 20,
      ""Cr"": 20,
      ""Fe"": 20,
      ""Mn"": 20,
      ""Ni"": 20
    },
    ""number_of_elements"": 5,
    ""crystallographic_phases"": [
      {
        ""phase_type"": ""solid solution"",
        ""chemical_formula"": ""CoCrFeMnNi"",
        ""crystallographic_state"": ""crystalline"",
        ""structure"": ""face-centered cubic"",
        ""space_group"": ""Fm-3m (inferred from FCC indexing)"",
        ""detection_method"": ""XRD and SAED"",
        ""details"": ""Single-phase FCC solid solution. XRD shows (111) peak at 43°. SAED shows rings indexed to (111), (220), (311) with d-spacings of 0.21 nm, 1.94 nm, and 1.75 nm. Homogeneous elemental distribution confirmed by EDS mapping.""
      }
    ],
    ""precipitates"": [
      {
        ""chemical_formula"": ""C (graphene shell)"",
        ""detection_method"": ""HR-TEM"",
        ""details"": ""Several graphene layers partially embrace the HEA nanoparticles, forming a graphene shell encapsulation. This is a carbon interfacial structure, not an alloy precipitate.""
      }
    ],
    ""synthesis_or_calculation"": {
      ""type"": ""experimental"",
      ""method"": ""Laser solid-phase synthesis on laser-induced graphene (LIG) support"",
      ""parameters"": {
        ""laser_wavelength_nm"": 1064,
        ""laser_pulse_width_ns"": 30,
        ""laser_power_W"": ""15, 40, 65"",
        ""laser_fluence_mJ_per_cm2"": ""58.9, 69.9, 96.8"",
        ""pulse_repetition_rate_kHz"": 10,
        ""scanning_rate_mm_per_s"": 2000,
        ""beam_diameter_um"": 430,
        ""atmosphere"": ""Argon"",
        ""precursor_concentration_mM"": ""1, 5, 10, 15, 20"",
        ""precursor_immersion_time_h"": 8,
        ""precursor_drying"": ""80 °C vacuum, 1 h"",
        ""production_rate_g_per_h"": 29.6,
        ""peak_surface_temperature_K"": ""1960 (measured), 2381 (simulated)"",
        ""cooling_rate_K_per_s"": ""10^7 (simulated)""
      }
    },
    ""theoretical_details"": {
      ""type"": ""thermal simulation (mechanism understanding only, not material prediction)"",
      ""method"": ""Finite Element Analysis using ABAQUS 2018"",
      ""parameters"": {
        ""model"": ""2D thermal-mechanical coupled transient model"",
        ""geometry"": ""5.00 × 5.00 × 0.25 mm³"",
        ""laser_source"": ""Gaussian spatial distribution"",
        ""laser_absorptivity"": 0.56,
        ""simulated_fluences_mJ_per_cm2"": ""58.9, 69.9, 96.8"",
        ""heating_time_to_peak_us"": 100,
        ""cooling_rate_simulated_K_per_s"": ""10^7""
      }
    },
    ""special_conditions"": ""Composition deviation from equimolar: Fe, Co, Ni contents higher than Cr and Mn due to partial Mn vaporization (Mn has lowest boiling point of 2334 K among the five elements). Graphene shell encapsulation forms during laser synthesis. No partial ordering observed."",
    ""phase_classification"": ""Single Solid Solution""
  },
  ""CrMnFeCoNi oxide"": {
    ""chemical_formula"": ""CoCrFeMnNiO"",
    ""composition"": {
      ""Co"": 20,
      ""Cr"": 20,
      ""Fe"": 20,
      ""Mn"": 20,
      ""Ni"": 20,
      ""O"": ""not specified (homogeneously mixed)""
    },
    ""number_of_elements"": 6,
    ""crystallographic_phases"": [
      {
        ""phase_type"": ""high-entropy oxide (not explicitly characterized by diffraction)"",
        ""chemical_formula"": ""CoCrFeMnNiO"",
        ""crystallographic_state"": ""crystalline (implied by TEM analysis)"",
        ""structure"": ""not reported"",
        ""space_group"": ""not reported"",
        ""detection_method"": ""TEM and EDS"",
        ""details"": ""Homogeneous mixing of oxygen with quinary elements confirmed by EDS mapping (Fig. S13). Authors suggest severe lattice distortion may occur due to non-metallic atom incorporation. No XRD or SAED data provided.""
      }
    ],
    ""precipitates"": [],
    ""synthesis_or_calculation"": {
      ""type"": ""experimental"",
      ""method"": ""Laser solid-phase synthesis (extension of metallic HEA method, specific precursor modifications not detailed in main text)"",
      ""parameters"": {
        ""same_laser_setup"": ""as CrMnFeCoNi metallic HEA (1064 nm, 30 ns pulse, Ar atmosphere)"",
        ""precursor_modification"": ""not specified in main text""
      }
    },
    ""theoretical_details"": ""None"",
    ""special_conditions"": ""Synthesized directly in final oxidized state, not an oxidation product of pre-existing metallic alloy. No ordering assessment possible due to lack of diffraction data."",
    ""phase_classification"": ""Single Solid Solution""
  },
  ""CrMnFeCoNi sulfide"": {
    ""chemical_formula"": ""CoCrFeMnNiS"",
    ""composition"": {
      ""Co"": 20,
      ""Cr"": 20,
      ""Fe"": 20,
      ""Mn"": 20,
      ""Ni"": 20,
      ""S"": ""not specified (homogeneously mixed)""
    },
    ""number_of_elements"": 6,
    ""crystallographic_phases"": [
      {
        ""phase_type"": ""high-entropy sulfide (not explicitly characterized by diffraction)"",
        ""chemical_formula"": ""CoCrFeMnNiS"",
        ""crystallographic_state"": ""crystalline (implied by TEM analysis)"",
        ""structure"": ""not reported"",
        ""space_group"": ""not reported"",
        ""detection_method"": ""TEM and EDS"",
        ""details"": ""Homogeneous mixing of sulfur with quinary elements confirmed by EDS mapping (Fig. S13). Authors suggest severe lattice distortion may occur due to non-metallic atom incorporation. No XRD or SAED data provided.""
      }
    ],
    ""precipitates"": [],
    ""synthesis_or_calculation"": {
      ""type"": ""experimental"",
      ""method"": ""Laser solid-phase synthesis (extension of metallic HEA method, specific precursor modifications not detailed in main text)"",
      ""parameters"": {
        ""same_laser_setup"": ""as CrMnFeCoNi metallic HEA (1064 nm, 30 ns pulse, Ar atmosphere)"",
        ""precursor_modification"": ""not specified in main text""
      }
    },
    ""theoretical_details"": ""None"",
    ""special_conditions"": ""Synthesized directly in final sulfide state. No ordering assessment possible due to lack of diffraction data."",
    ""phase_classification"": ""Single Solid Solution""
  },
  ""CrMnFeCoNi phosphide"": {
    ""chemical_formula"": ""CoCrFeMnNiP"",
    ""composition"": {
      ""Co"": 20,
      ""Cr"": 20,
      ""Fe"": 20,
      ""Mn"": 20,
      ""Ni"": 20,
      ""P"": ""not specified (homogeneously mixed)""
    },
    ""number_of_elements"": 6,
    ""crystallographic_phases"": [
      {
        ""phase_type"": ""high-entropy phosphide (not explicitly characterized by diffraction)"",
        ""chemical_formula"": ""CoCrFeMnNiP"",
        ""crystallographic_state"": ""crystalline (implied by TEM analysis)"",
        ""structure"": ""not reported"",
        ""space_group"": ""not reported"",
        ""detection_method"": ""TEM and EDS"",
        ""details"": ""Homogeneous mixing of phosphorus with quinary elements confirmed by EDS mapping (Fig. S13). Authors suggest severe lattice distortion may occur due to non-metallic atom incorporation. No XRD or SAED data provided.""
      }
    ],
    ""precipitates"": [],
    ""synthesis_or_calculation"": {
      ""type"": ""experimental"",
      ""method"": ""Laser solid-phase synthesis (extension of metallic HEA method, specific precursor modifications not detailed in main text)"",
      ""parameters"": {
        ""same_laser_setup"": ""as CrMnFeCoNi metallic HEA (1064 nm, 30 ns pulse, Ar atmosphere)"",
        ""precursor_modification"": ""not specified in main text""
      }
    },
    ""theoretical_details"": ""None"",
    ""special_conditions"": ""Synthesized directly in final phosphide state. No ordering assessment possible due to lack of diffraction data."",
    ""phase_classification"": ""Single Solid Solution""
  }
}
```",True
parsed_output-10.1039-D6DD00105J.pdf.md,parsed_output-10.1039-D6DD00105J.pdf.md,"Based on my analysis of the paper, I have identified the following high-entropy alloys that are the primary subjects of the study (excluding those mentioned only in the introduction or cited references):

1. **AlNbTiZr** (4 elements)
   - Formula: AlNbTiZr

2. **MoNbTaTiVWZr** (7 elements)
   - Formula: MoNbTaTiVWZr

**Additional alloy systems derived from these parent alloys:**

3. **AlNbTiZr** (D₄ alloy family, n=3 sub-space - ternary compositions)
   - Formula: AlNbTiZr

4. **MoNbTaTiVWZr** (D₇ alloy family, n=5 sub-space - 5-component)
   - Formula: MoNbTaTiVWZr

5. **MoNbTaTiVWZr** (D₇ alloy family, n=6 sub-space - 6-component)
   - Formula: MoNbTaTiVWZr

6. **Al-Nb dominant compositions** (internal cross-composition ablation, Al+Nb mole fraction > 0.5)
   - Formula: AlNbTiZr

7. **Ti-Zr dominant compositions** (internal cross-composition ablation, Ti+Zr mole fraction > 0.5)
   - Formula: AlNbTiZr

Note: The paper does not specify sub-formulas for the individual sub-spaces (e.g., specific 5-component or 6-component formulas like MoNbTaTiV or MoNbTaTiVW). The parent formulas fully describe the alloy families. The D₄ system spans $(H = 6,545)$ compositions including elemental, binary, ternary, and quaternary compositions, while the D₇ system spans $(H = 12,012)$ compositions across 5, 6, and 7-component alloys.","Based on my analysis of the paper, here is the crystallographic information for the high-entropy alloys identified:

---

### 1. AlNbTiZr (D₄ system)
- **Chemical formula:** AlNbTiZr (and its elemental, binary, ternary, and quaternary sub-compositions spanning α,β,γ,δ ∈ {0,4,…,128} with α+β+γ+δ=128)
- **Crystallographic state:** Single-phase solid solution (modeled)
- **Structure:** Body-Centered Cubic (BCC)
- **Space group:** Im-3m (No. 229) — for the BCC lattice
- **Phase nature:** Disordered random solid solution, modeled via Special Quasirandom Structures (SQS)
- **Precipitates:** None reported; the study explicitly assumes single-phase disordered solid solutions

---

### 2. MoNbTaTiVWZr (D₇ system)
- **Chemical formula:** MoNbTaTiVWZr (spanning 5-, 6-, and 7-component compositions)
- **Crystallographic state:** Single-phase solid solution (modeled)
- **Structure:** Body-Centered Cubic (BCC)
- **Space group:** Im-3m (No. 229)
- **Phase nature:** Disordered random solid solution, modeled via SQS
- **Precipitates:** None reported

---

### Important caveats regarding phases:

1. **The paper does not perform experimental phase characterization** — it is purely computational.

2. **All structures are modeled as single-phase BCC solid solutions** using Special Quasirandom Structures (SQS), generated with the Alloy Theoretic Automated Toolkit (ATAT) via sqsgenerator.

3. **The lattice parameter is uniform and common** for all SQS structures in the initial (unrelaxed) state, determined via Vegard's Law. The paper does not specify the exact lattice constant value numerically, but references relaxed lattice parameters scaling from ~12.8 Å to ~14.2 Å for the relaxed supercells (128-atom BCC SQS).

4. **No intermetallic compounds or precipitates are discussed.** The paper explicitly states the framework is ""designed for composition-averaged properties of single-phase disordered BCC solid solutions"" and is ""not expected to capture properties governed by local chemical order, short-range order, segregation, magnetic ordering, defects, or finite-temperature configurational sampling.""

5. **Relaxation effects:** In the ablation study, structures relaxed via VASP and MACE show lattice parameter variation (12.8–14.2 Å), confirming the BCC structure persists, but the paper does not report any phase transformations or precipitation during relaxation.

---

### Summary table:

| Alloy System | Elements | Crystallographic State | Structure | Space Group | Phase Nature | Precipitates |
|---|---|---|---|---|---|---|
| AlNbTiZr (D₄) | 4 (Al, Nb, Ti, Zr) | Single-phase solid solution | BCC | Im-3m (229) | Disordered (SQS) | None reported |
| MoNbTaTiVWZr (D₇) | 7 (Mo, Nb, Ta, Ti, V, W, Zr) | Single-phase solid solution | BCC | Im-3m (229) | Disordered (SQS) | None reported |

---

**Key clarification:** The paper does not report any experiments (XRD, TEM, SEM) that would reveal precipitates or secondary phases. All phase information derives from the computational SQS modeling approach, which assumes ideal BCC solid solutions without any ordering, segregation, or precipitation.","Based on my thorough analysis of the paper, here is the detailed breakdown of how the materials were studied:

---

## Overall Approach: **Purely Theoretical/Computational**

This study is **entirely computational** — no experimental synthesis, characterization, or thermo-mechanical processing was performed. The paper describes a machine learning framework for predicting bulk modulus and alloy formation energy of refractory high-entropy alloys (HEAs).

---

## Theoretical Prediction Methods

### 1. Pseudo-Density Construction (Feature Generation)
- **Method:** Non-interacting valence electron density (pseudo-density), constructed via **single-shot superposition of isolated atom valence electron densities**
- **No self-consistent field (SCF) iteration** — bypasses the computationally expensive electronic relaxation
- **Key parameters:**
  - Pseudopotentials: Optimized Norm-Conserving Vanderbilt (ONCV) from SPMS library
  - Exchange-correlation functional: PBE (GGA)
  - Voxel size: λ = 0.2 Å
  - Computational cost: ~30 seconds per sample
  - Scaling: O(N_grid) per structure

### 2. Structure Generation
- **Method:** Special Quasirandom Structures (SQS) generated via ATAT using sqsgenerator
- **Key parameters:**
  - 128-atom BCC supercells
  - Uniform lattice constant determined via **Vegard's Law** (no equilibrium geometry optimization)
  - All SQS structures share the same lattice parameter initially

### 3. Feature Engineering
- **Two-point spatial autocorrelations** (f_r) computed via Fast Fourier Transform (FFT) on the pseudo-density grid
- **Dimensionality reduction:** Principal Component Analysis (PCA)
  - First 3 principal components retained (~40.5% total variance)
  - PC1: ~36% variance (mean charge density)
  - PC2: ~2.5% variance
  - PC3: ~2% variance
  - PC4–50: each <0.5%

### 4. Machine Learning Model
- **Method:** Gaussian Process Regression (GPR)
- **Kernel:** Automatic Relevance Determination Squared Exponential (ARDSE)
- **Hyperparameter optimization:** Adam optimizer, 200 epochs, learning rate = 0.1
- **Acquisition function:** Relative uncertainty I(x) = |σ(x)/μ(x)|
- **Active learning:** 4 random seed samples, then iterative acquisition

### 5. Ground-Truth Data (DFT Labels)
- **Method:** Converged DFT calculations (from Barry et al., refs 44, 46)
- **Properties computed:**
  - Bulk modulus (all D₄ and D₇ systems)
  - Alloy formation energy (D₄ only)

---

## Experimental Synthesis

**None performed.** The paper contains no experimental synthesis details whatsoever.

---

## Summary of Theoretical Parameters

| Parameter | D₄ System | D₇ System |
|---|---|---|
| Composition space | Al₍α₎Nb₍β₎Ti₍γ₎Zr₍δ₎, α+β+γ+δ=128 | Mo₍α₎Nb₍β₎Ta₍γ₎Ti₍δ₎V₍ε₎W₍ζ₎Zr₍η₎, α+…+η=128 |
| Composition grid | α,β,γ,δ ∈ {0,4,…,128} | α,…,η ∈ {0,15,23,30,38,…,105,128} |
| Total compositions | 6,545 (all); 4,495 (quaternary only) | 12,012 |
| Crystal structure | BCC (single-phase solid solution) | BCC (single-phase solid solution) |
| Supercell | 128 atoms (SQS) | 128 atoms (SQS) |
| Lattice constant | Uniform (Vegard's Law), initial state | Uniform (Vegard's Law), initial state |
| Relaxed lattice range | ~12.8–14.2 Å (for relaxation ablation) | Not reported |
| Model features | 3 PC scores (pseudo-density autocorrelations) | 3 PC scores (pseudo-density autocorrelations) |
| Training samples (in-domain) | 10 (active, bulk modulus); 18 (formation energy) | 20 (few-shot augmentation) |
| Base model training | 200 samples (D₄ only) | — |

---

## Post-Processing

**None performed.** The paper does not describe any thermo-mechanical post-processing (annealing, quenching, rolling, etc.).

---

## Phases Across Stages

Since this is a purely computational study, the ""phases"" at each stage are:

| Stage | Structure/Phase | Notes |
|---|---|---|
| Initial SQS construction | Disordered BCC solid solution (uniform lattice) | Well-defined single-phase |
| Pseudo-density generation | BCC solid solution (no relaxation) | Feature generation only |
| DFT ground-truth calculation | BCC solid solution (relaxed) | Lattice constants vary 12.8–14.2 Å (from ablation study) |
| ML prediction | BCC solid solution | Property mapping only |

---

## Key Clarifications

1. **No experimental validation** — the study relies entirely on DFT-computed ground truths
2. **No synthesis parameters** (temperature, pressure, time) — not applicable
3. **No heat treatment or mechanical processing** — not applicable
4. **No experimental phase identification** (XRD, SEM, TEM) — not applicable
5. The paper acknowledges this limitation: *""The framework is explicitly scoped to bulk modulus and formation enthalpy prediction for single-phase disordered BCC solid solutions""* and extension to experimental validation ""remains an open direction for future validation.""

---

## Conclusion

This is a **purely theoretical/computational study** combining:
- **First-principles-informed descriptors** (pseudo-density from ONCV pseudopotentials)
- **Statistical learning** (PCA + GPR + Bayesian active learning)
- **Validation against converged DFT** (ground-truth labels from Barry et al.)

No experimental synthesis, characterization, or post-processing was performed at any stage.","Based on my thorough analysis of the paper, I can provide a definitive answer regarding partially ordered structures:

---

## Answer: **No — No High Entropy Intermetallic Formation**

None of the alloys discussed in this paper form partially ordered structures or High Entropy Intermetallics. 

---

### Evidence from the Paper

1. **Explicit assumption of disordered solid solution:**
   - All structures were modeled as **single-phase disordered BCC solid solutions** using Special Quasirandom Structures (SQS)
   - The SQS method is specifically designed to mimic **random, fully disordered** solid solutions

2. **Explicit exclusion of ordering phenomena:**
   The paper states clearly:
   > *""The framework is explicitly scoped to bulk modulus and formation enthalpy prediction for single-phase disordered BCC solid solutions""*
   
   And further clarifies it is:
   > *""not expected to capture properties governed by local chemical order, short-range order, segregation, magnetic ordering, defects, or finite-temperature configurational sampling.""*

3. **No intermetallic phases reported:**
   - No B2, L1₂, D0₂₂, σ-phase, Laves phases, or other ordered/intermetallic structures were mentioned
   - All compositions (Al-Nb-Ti-Zr and Mo-Nb-Ta-Ti-V-W-Zr) were treated as fully random solid solutions

---

### Alloy Classification Summary

| Alloy System | Structure Type | Ordering | Classification |
|---|---|---|---|
| AlNbTiZr (D₄) | BCC (disordered) | None | Single-phase random solid solution |
| MoNbTaTiVWZr (D₇) | BCC (disordered) | None | Single-phase random solid solution |
| 5-component D₇ sub-space | BCC (disordered) | None | Single-phase random solid solution |
| 6-component D₇ sub-space | BCC (disordered) | None | Single-phase random solid solution |

---

### Not Applicable Sections

- **Oxidation process:** The paper does not study oxidation. It focuses on bulk modulus and alloy formation energy prediction. No pre/post-oxidation alloy states are discussed.
- **Experimental ordering:** No experimental synthesis or characterization (XRD, TEM, etc.) was performed, so no experimentally observed ordering could be detected.

---

### Conclusion

The entire study is conducted under the explicit assumption of **fully disordered, single-phase BCC solid solutions**. No partially ordered structures, High Entropy Intermetallics, or any form of chemical ordering were identified or modeled for any alloy in this work.","```json
{
  ""AlNbTiZr"": {
    ""chemical_formula"": ""AlNbTiZr"",
    ""composition"": {
      ""Al"": ""variable (0-128)"",
      ""Nb"": ""variable (0-128)"",
      ""Ti"": ""variable (0-128)"",
      ""Zr"": ""variable (0-128)""
    },
    ""number_of_elements"": 4,
    ""crystallographic_phases"": [
      {
        ""phase_type"": ""solid solution"",
        ""chemical_formula"": ""AlNbTiZr"",
        ""crystallographic_state"": ""crystalline (modeled)"",
        ""structure"": ""body-centered cubic (BCC)"",
        ""space_group"": ""Im-3m (No. 229)"",
        ""detection_method"": ""Computational (SQS modeling)"",
        ""details"": ""Single-phase disordered solid solution modeled via Special Quasirandom Structures (SQS); 128-atom supercell with uniform lattice constant via Vegard's Law; no relaxation in primary framework""
      }
    ],
    ""precipitates"": [],
    ""synthesis_or_calculation"": {
      ""type"": ""theoretical"",
      ""method"": ""Pseudo-density descriptor + Gaussian Process Regression (GPR) with Bayesian active learning"",
      ""parameters"": {
        ""pseudopotential"": ""ONCV from SPMS library"",
        ""exchange_correlation"": ""PBE (GGA)"",
        ""voxel_size"": ""0.2 Å"",
        ""descriptor"": ""3 principal components (PC1~36%, PC2~2.5%, PC3~2% variance)"",
        ""kernel"": ""ARDSE"",
        ""optimizer"": ""Adam (200 epochs, learning rate 0.1)"",
        ""training_samples_bulk_modulus"": 10,
        ""training_samples_formation_energy"": 18,
        ""total_compositions"": 6545,
        ""ground_truth"": ""Converged DFT (Barry et al.)""
      }
    },
    ""special_conditions"": ""Composition space: AlαNbβTiγZrδ with α,β,γ,δ ∈ {0,4,...,128}, α+β+γ+δ=128; includes elemental, binary, ternary, quaternary compositions"",
    ""phase_classification"": ""Single Solid Solution""
  },
  ""AlNbTiZr_AlNbDominant"": {
    ""chemical_formula"": ""AlNbTiZr"",
    ""composition"": {
      ""Al"": "">25% (combined Al+Nb >50%)"",
      ""Nb"": "">25% (combined Al+Nb >50%)"",
      ""Ti"": ""<25%"",
      ""Zr"": ""<25%""
    },
    ""number_of_elements"": 4,
    ""crystallographic_phases"": [
      {
        ""phase_type"": ""solid solution"",
        ""chemical_formula"": ""AlNbTiZr"",
        ""crystallographic_state"": ""crystalline (modeled)"",
        ""structure"": ""body-centered cubic (BCC)"",
        ""space_group"": ""Im-3m (No. 229)"",
        ""detection_method"": ""Computational (SQS modeling)"",
        ""details"": ""Disordered BCC solid solution; training subset for internal cross-composition ablation (Al+Nb mole fraction > 0.5)""
      }
    ],
    ""precipitates"": [],
    ""synthesis_or_calculation"": {
      ""type"": ""theoretical"",
      ""method"": ""GPR with Bayesian active learning (training subset)"",
      ""parameters"": {
        ""training_samples"": 30,
        ""validation"": ""Tested on Ti+Zr-dominant subset (NMAE=2.39%, R²=0.808)"",
        ""descriptor"": ""3 PC scores from pseudo-density autocorrelations""
      }
    },
    ""special_conditions"": ""Cross-group ablation: trained exclusively on Al+Nb-dominant compositions, tested on disjoint Ti+Zr-dominant compositions"",
    ""phase_classification"": ""Single Solid Solution""
  },
  ""AlNbTiZr_TiZrDominant"": {
    ""chemical_formula"": ""AlNbTiZr"",
    ""composition"": {
      ""Al"": ""<25%"",
      ""Nb"": ""<25%"",
      ""Ti"": "">25% (combined Ti+Zr >50%)"",
      ""Zr"": "">25% (combined Ti+Zr >50%)""
    },
    ""number_of_elements"": 4,
    ""crystallographic_phases"": [
      {
        ""phase_type"": ""solid solution"",
        ""chemical_formula"": ""AlNbTiZr"",
        ""crystallographic_state"": ""crystalline (modeled)"",
        ""structure"": ""body-centered cubic (BCC)"",
        ""space_group"": ""Im-3m (No. 229)"",
        ""detection_method"": ""Computational (SQS modeling)"",
        ""details"": ""Disordered BCC solid solution; disjoint test subset for internal cross-composition ablation (Ti+Zr mole fraction > 0.5)""
      }
    ],
    ""precipitates"": [],
    ""synthesis_or_calculation"": {
      ""type"": ""theoretical"",
      ""method"": ""Evaluated as held-out test set (not trained on)"",
      ""parameters"": {
        ""test_metrics"": ""NMAE=2.39%, R²=0.808 (at 30 training samples on Al+Nb side)"",
        ""stable_metrics"": ""NMAE≈1.6-1.7%, R²≈0.89 (from 20 training samples onward)""
      }
    },
    ""special_conditions"": ""Cross-group ablation: evaluated as disjoint test set, no direct compositional overlap with training data"",
    ""phase_classification"": ""Single Solid Solution""
  },
  ""MoNbTaTiVWZr_5Component"": {
    ""chemical_formula"": ""MoNbTaTiVWZr"",
    ""composition"": {
      ""Mo"": ""variable"",
      ""Nb"": ""variable"",
      ""Ta"": ""variable"",
      ""Ti"": ""variable"",
      ""V"": ""variable"",
      ""W"": ""variable"",
      ""Zr"": ""variable""
    },
    ""number_of_elements"": 5,
    ""crystallographic_phases"": [
      {
        ""phase_type"": ""solid solution"",
        ""chemical_formula"": ""MoNbTaTiVWZr"",
        ""crystallographic_state"": ""crystalline (modeled)"",
        ""structure"": ""body-centered cubic (BCC)"",
        ""space_group"": ""Im-3m (No. 229)"",
        ""detection_method"": ""Computational (SQS modeling)"",
        ""details"": ""Disordered BCC solid solution; 5-component sub-space of D₇; tested via few-shot domain adaptation with 20 actively selected samples""
      }
    ],
    ""precipitates"": [],
    ""synthesis_or_calculation"": {
      ""type"": ""theoretical"",
      ""method"": ""Zero-shot transfer from D₄-trained model + few-shot augmentation with 20 active D₇ samples"",
      ""parameters"": {
        ""base_model_training"": ""200 samples from D₄ (AlNbTiZr)"",
        ""augmentation_samples"": 20,
        ""test_samples"": 3675,
        ""metrics"": ""R²=0.85, NMAE=5.54%, MAE=9.20 GPa"",
        ""ground_truth"": ""Converged DFT (Barry et al.)""
      }
    },
    ""special_conditions"": ""Contains Mo, Ta, V, W absent from training data (D₄); intra-family transfer within refractory BCC alloy class"",
    ""phase_classification"": ""Single Solid Solution""
  },
  ""MoNbTaTiVWZr_6Component"": {
    ""chemical_formula"": ""MoNbTaTiVWZr"",
    ""composition"": {
      ""Mo"": ""variable"",
      ""Nb"": ""variable"",
      ""Ta"": ""variable"",
      ""Ti"": ""variable"",
      ""V"": ""variable"",
      ""W"": ""variable"",
      ""Zr"": ""variable""
    },
    ""number_of_elements"": 6,
    ""crystallographic_phases"": [
      {
        ""phase_type"": ""solid solution"",
        ""chemical_formula"": ""MoNbTaTiVWZr"",
        ""crystallographic_state"": ""crystalline (modeled)"",
        ""structure"": ""body-centered cubic (BCC)"",
        ""space_group"": ""Im-3m (No. 229)"",
        ""detection_method"": ""Computational (SQS modeling)"",
        ""details"": ""Disordered BCC solid solution; 6-component sub-space of D₇; tested via few-shot domain adaptation with 20 actively selected samples""
      }
    ],
    ""precipitates"": [],
    ""synthesis_or_calculation"": {
      ""type"": ""theoretical"",
      ""method"": ""Zero-shot transfer from D₄-trained model + few-shot augmentation with 20 active D₇ samples"",
      ""parameters"": {
        ""base_model_training"": ""200 samples from D₄ (AlNbTiZr)"",
        ""augmentation_samples"": 20,
        ""test_samples"": 882,
        ""metrics"": ""R²=0.82, NMAE=4.16%, MAE=7.01 GPa"",
        ""ground_truth"": ""Converged DFT (Barry et al.)""
      }
    },
    ""special_conditions"": ""Contains Mo, Ta, V, W absent from training data (D₄); intra-family transfer within refractory BCC alloy class"",
    ""phase_classification"": ""Single Solid Solution""
  },
  ""MoNbTaTiVWZr_7Component"": {
    ""chemical_formula"": ""MoNbTaTiVWZr"",
    ""composition"": {
      ""Mo"": ""variable"",
      ""Nb"": ""variable"",
      ""Ta"": ""variable"",
      ""Ti"": ""variable"",
      ""V"": ""variable"",
      ""W"": ""variable"",
      ""Zr"": ""variable""
    },
    ""number_of_elements"": 7,
    ""crystallographic_phases"": [
      {
        ""phase_type"": ""solid solution"",
        ""chemical_formula"": ""MoNbTaTiVWZr"",
        ""crystallographic_state"": ""crystalline (modeled)"",
        ""structure"": ""body-centered cubic (BCC)"",
        ""space_group"": ""Im-3m (No. 229)"",
        ""detection_method"": ""Computational (SQS modeling)"",
        ""details"": ""Disordered BCC solid solution; 7-component full D₇ domain; tested via few-shot domain adaptation with 20 actively selected samples""
      }
    ],
    ""precipitates"": [],
    ""synthesis_or_calculation"": {
      ""type"": ""theoretical"",
      ""method"": ""Zero-shot transfer from D₄-trained model + few-shot augmentation with 20 active D₇ samples"",
      ""parameters"": {
        ""base_model_training"": ""200 samples from D₄ (AlNbTiZr)"",
        ""augmentation_samples"": 20,
        ""test_samples"": 49,
        ""metrics"": ""R²=0.68, NMAE=2.87%, MAE=4.89 GPa"",
        ""total_compositions_D7"": 12012,
        ""ground_truth"": ""Converged DFT (Barry et al.)""
      }
    },
    ""special_conditions"": ""Contains Mo, Ta, V, W absent from training data (D₄); intra-family transfer within refractory BCC alloy class; coverage: 43.2% (±1σ), 78.8% (±2σ)"",
    ""phase_classification"": ""Single Solid Solution""
  },
  ""MoNbTaTiVWZr_Q1LowUnseen"": {
    ""chemical_formula"": ""MoNbTaTiVWZr"",
    ""composition"": {
      ""unseen_elements_fraction"": ""<25% (Mo+Ta+V+W)"",
      ""shared_elements"": ""Nb, Ti, Zr dominant""
    },
    ""number_of_elements"": 7,
    ""crystallographic_phases"": [
      {
        ""phase_type"": ""solid solution"",
        ""chemical_formula"": ""MoNbTaTiVWZr"",
        ""crystallographic_state"": ""crystalline (modeled)"",
        ""structure"": ""body-centered cubic (BCC)"",
        ""space_group"": ""Im-3m (No. 229)"",
        ""detection_method"": ""Computational (SQS modeling)"",
        ""details"": ""Disordered BCC solid solution; Q1 quartile (lowest unseen-element fraction f_unseen)""
      }
    ],
    ""precipitates"": [],
    ""synthesis_or_calculation"": {
      ""type"": ""theoretical"",
      ""method"": ""Zero-shot and few-shot prediction (quartile analysis)"",
      ""parameters"": {
        ""zero_shot_NMAE"": ""10.17%"",
        ""few_shot_NMAE"": ""8.67% (Q1-restricted augmentation)"",
        ""augmentation_note"": ""All 20 active samples fall in Q1 (highest relative uncertainty)""
      }
    },
    ""special_conditions"": ""Q1 compositions occupy transitional region of joint PC manifold; largest chemical gradient between D₄ and D₇"",
    ""phase_classification"": ""Single Solid Solution""
  },
  ""MoNbTaTiVWZr_Q4HighUnseen"": {
    ""chemical_formula"": ""MoNbTaTiVWZr"",
    ""composition"": {
      ""unseen_elements_fraction"": "">75% (Mo+Ta+V+W)"",
      ""novel_elements"": ""Mo, Ta, V, W dominant""
    },
    ""number_of_elements"": 7,
    ""crystallographic_phases"": [
      {
        ""phase_type"": ""solid solution"",
        ""chemical_formula"": ""MoNbTaTiVWZr"",
        ""crystallographic_state"": ""crystalline (modeled)"",
        ""structure"": ""body-centered cubic (BCC)"",
        ""space_group"": ""Im-3m (No. 229)"",
        ""detection_method"": ""Computational (SQS modeling)"",
        ""details"": ""Disordered BCC solid solution; Q4 quartile (highest unseen-element fraction f_unseen)""
      }
    ],
    ""precipitates"": [],
    ""synthesis_or_calculation"": {
      ""type"": ""theoretical"",
      ""method"": ""Zero-shot and few-shot prediction (quartile analysis)"",
      ""parameters"": {
        ""zero_shot_NMAE"": ""3.86%"",
        ""few_shot_NMAE"": ""4.32%"",
        ""note"": ""Superior accuracy despite chemical novelty; d-electron autocorrelation signature coherently distinct""
      }
    },
    ""special_conditions"": ""Q4 compositions dominated by elements entirely absent from D₄ training data; best prediction accuracy among quartiles"",
    ""phase_classification"": ""Single Solid Solution""
  },
  ""AlNbTiZr_Relaxed_VASP"": {
    ""chemical_formula"": ""AlNbTiZr"",
    ""composition"": {
      ""Al"": ""variable"",
      ""Nb"": ""variable"",
      ""Ti"": ""variable"",
      ""Zr"": ""variable""
    },
    ""number_of_elements"": 4,
    ""crystallographic_phases"": [
      {
        ""phase_type"": ""solid solution (relaxed)"",
        ""chemical_formula"": ""AlNbTiZr"",
        ""crystallographic_state"": ""crystalline (modeled, fully relaxed)"",
        ""structure"": ""body-centered cubic (BCC)"",
        ""space_group"": ""Im-3m (No. 229)"",
        ""detection_method"": ""Computational (VASP relaxation)"",
        ""details"": ""Fully relaxed (ionic coordinates + cell volume via VASP); lattice parameters vary 12.8-14.2 Å; Zr-rich compositions most expanded""
      }
    ],
    ""precipitates"": [],
    ""synthesis_or_calculation"": {
      ""type"": ""theoretical"",
      ""method"": ""DFT relaxation (VASP)"",
      ""parameters"": {
        ""relaxation"": ""Full optimization of ionic coordinates and cell volume"",
        ""lattice_parameter_range"": ""12.8-14.2 Å"",
        ""note"": ""Manifold fractures into disjoint hyper-branched topology due to volumetric non-uniformity""
      }
    },
    ""special_conditions"": ""Used in ablation study to demonstrate that relaxation fractures the PCA manifold; not used in primary prediction framework"",
    ""phase_classification"": ""Single Solid Solution""
  },
  ""AlNbTiZr_Relaxed_MACE"": {
    ""chemical_formula"": ""AlNbTiZr"",
    ""composition"": {
      ""Al"": ""variable"",
      ""Nb"": ""variable"",
      ""Ti"": ""variable"",
      ""Zr"": ""variable""
    },
    ""number_of_elements"": 4,
    ""crystallographic_phases"": [
      {
        ""phase_type"": ""solid solution (relaxed)"",
        ""chemical_formula"": ""AlNbTiZr"",
        ""crystallographic_state"": ""crystalline (modeled, fully relaxed)"",
        ""structure"": ""body-centered cubic (BCC)"",
        ""space_group"": ""Im-3m (No. 229)"",
        ""detection_method"": ""Computational (MACE relaxation)"",
        ""details"": ""Fully relaxed via MACE machine-learned potential; similar manifold fracturing as VASP-relaxed structures""
      }
    ],
    ""precipitates"": [],
    ""synthesis_or_calculation"": {
      ""type"": ""theoretical"",
      ""method"": ""Machine-learned force field relaxation (MACE)"",
      ""parameters"": {
        ""relaxation"": ""Full optimization of ionic coordinates and cell volume"",
        ""note"": ""Used in comparative ablation; same manifold fracturing behavior as VASP""
      }
    },
    ""special_conditions"": ""Comparative relaxation study; demonstrates that volumetric dilation from relaxation is responsible for manifold fracturing regardless of relaxation method"",
    ""phase_classification"": ""Single Solid Solution""
  }
}
```",True
