,article,pdf_url,prompt1,prompt2,prompt3,prompt4,prompt5,context_missread_bug,reference,source,URL,Article title,Authors,Doi,compound
0,10.1016-j.jmrt.2024.11.250.txt,10.1016-j.jmrt.2024.11.250.txt,"Based on the paper, the high-entropy alloys discussed (excluding those in the introduction or cited references) are the four variations of the (FeCoNiNb)₉₈₋₂ₓ(TaCr)ₓAl₂ system. These are the primary experimental alloys in the study.

Number of elements: All alloys have **8 elements**: Al, Co, Cr, Fe, Nb, Ni, Ta, and one additional metal from the (TaCr) addition (though ""x"" represents combined TaCr addition, the elements are Ta and Cr individually).

Note on alphabetical sorting: The elements are Al, Co, Cr, Fe, Nb, Ni, Ta. Alphabetically sorted by element symbols: Al, Co, Cr, Fe, Nb, Ni, Ta.

Here are the 4 essential alloys from the paper with their full chemical formulas:

1. **(TaCr)₀ alloy** (x = 0):
   Formula: Al₂Co₂₄.₅Cr₀Fe₂₄.₅Nb₂₄.₅Ni₂₄.₅Ta₀
   - But simplified, since Cr and Ta are 0, and the base is (FeCoNiNb)₉₈Al₂: Al₂Co₂₄.₅Fe₂₄.₅Nb₂₄.₅Ni₂₄.₅ (without Cr and Ta).
   - Number of elements: 6 (Al, Co, Fe, Nb, Ni)
   - Full formula: Al₂Co₂₄.₅Fe₂₄.₅Nb₂₄.₅Ni₂₄.₅

2. **(TaCr)₆ alloy** (x = 6):
   - x = 6, so (FeCoNiNb)₉₈₋₁₂(TaCr)₆Al₂ = (FeCoNiNb)₈₆(TaCr)₆Al₂
   - Each of Fe, Co, Ni, Nb: 86/4 = 21.5 at.%
   - Ta and Cr: each 3 at.% (since TaCr is 6 at.% combined, approximately 3 each)
   - Number of elements: 8 (Al, Co, Cr, Fe, Nb, Ni, Ta)
   - Full formula: Al₂Co₂₁.₅Cr₃Fe₂₁.₅Nb₂₁.₅Ni₂₁.₅Ta₃

3. **(TaCr)₁₀ alloy** (x = 10):
   - x = 10, so (FeCoNiNb)₉₈₋₂₀(TaCr)₁₀Al₂ = (FeCoNiNb)₇₈(TaCr)₁₀Al₂
   - Each of Fe, Co, Ni, Nb: 78/4 = 19.5 at.%
   - Ta and Cr: each 5 at.% (since TaCr is 10 at.% combined, approximately 5 each)
   - Number of elements: 8 (Al, Co, Cr, Fe, Nb, Ni, Ta)
   - Full formula: Al₂Co₁₉.₅Cr₅Fe₁₉.₅Nb₁₉.₅Ni₁₉.₅Ta₅

4. **(TaCr)₁₄ alloy** (x = 14):
   - x = 14, so (FeCoNiNb)₉₈₋₂₈(TaCr)₁₄Al₂ = (FeCoNiNb)₇₀(TaCr)₁₄Al₂
   - Each of Fe, Co, Ni, Nb: 70/4 = 17.5 at.%
   - Ta and Cr: each 7 at.% (since TaCr is 14 at.% combined, approximately 7 each)
   - Number of elements: 8 (Al, Co, Cr, Fe, Nb, Ni, Ta)
   - Full formula: Al₂Co₁₇.₅Cr₇Fe₁₇.₅Nb₁₇.₅Ni₁₇.₅Ta₇

---

**Summary Table:**

| Alloy Designation | x value | Number of Elements | Chemical Formula (alphabetically sorted by symbol) |
|---|---|---|---|
| (TaCr)₀ | 0 | 6 | Al₂Co₂₄.₅Fe₂₄.₅Nb₂₄.₅Ni₂₄.₅ |
| (TaCr)₆ | 6 | 8 | Al₂Co₂₁.₅Cr₃Fe₂₁.₅Nb₂₁.₅Ni₂₁.₅Ta₃ |
| (TaCr)₁₀ | 10 | 8 | Al₂Co₁₉.₅Cr₅Fe₁₉.₅Nb₁₉.₅Ni₁₉.₅Ta₅ |
| (TaCr)₁₄ | 14 | 8 | Al₂Co₁₇.₅Cr₇Fe₁₇.₅Nb₁₇.₅Ni₁₇.₅Ta₇ |

**Note on uncertainties:**
- The paper states the nominal compositions, but exact atomic percentages of Ta and Cr within the ""TaCr"" addition are not explicitly separated in the text. I assumed equal partitioning (e.g., x = 6 means 3 at.% Ta and 3 at.% Cr). The paper treats ""TaCr"" as a combined addition but not the individual ratios.
- The formulas use decimal atomic percentages; the original paper presents them as (FeCoNiNb)₉₈₋₂ₓ(TaCr)ₓAl₂ without specifying each element's exact proportion beyond the base being equimolar in Fe, Co, Ni, Nb.","Based on the paper's analysis, all four alloys exhibit the same two primary phases. Below is a detailed breakdown for each alloy, with crystallographic information as reported or inferred from the paper and standard references.

---

### 1. **(TaCr)₀ alloy** (x = 0) — Al₂Co₂₄.₅Fe₂₄.₅Nb₂₄.₅Ni₂₄.₅

| Phase | Nature | Chemical Formula (approx.) | Crystallographic State | Structure | Space Group | Notes |
|---|---|---|---|---|---|---|
| FCC solid solution | Solid solution (matrix phase) | (Fe, Co, Ni) rich, with dissolved Nb and Al | Crystalline (FCC) | Face-centered cubic | Fm-3m (No. 225) | Continuous eutectic lamellae with Laves phase |
| Laves phase | Intermetallic compound | Multi-component: (Fe, Co, Ni)₂(Nb) type, also containing Al | Crystalline (hexagonal) | C14 Laves (hexagonal) | P6₃/mmc (No. 194) | Volume fraction: 30.2% (from Table 1) |

- **Precipitates not visible in XRD but evident in micrography:** No additional precipitates reported. The eutectic structure is fully resolved in SEM (Fig. 2a) and TEM (Fig. 3), showing alternating FCC and Laves lamellae.

---

### 2. **(TaCr)₆ alloy** (x = 6) — Al₂Co₂₁.₅Cr₃Fe₂₁.₅Nb₂₁.₅Ni₂₁.₅Ta₃

| Phase | Nature | Chemical Formula (approx.) | Crystallographic State | Structure | Space Group | Notes |
|---|---|---|---|---|---|---|
| FCC solid solution | Solid solution (matrix phase) | (Fe, Co, Ni, Cr) rich, with dissolved Nb, Ta, Al | Crystalline (FCC) | Face-centered cubic | Fm-3m (No. 225) | Eutectic structure partially disrupted; primary Laves phase appears |
| Laves phase | Intermetallic compound | Multi-component: (Fe, Co, Ni, Cr)₂(Nb, Ta) type | Crystalline (hexagonal) | C14 Laves (hexagonal) | P6₃/mmc (No. 194) | Volume fraction: 54.3% (from Table 1) |

- **Precipitates not visible in XRD but evident in micrography:** The addition of Ta and Cr promotes bulk primary Laves phase (Fig. 2b). FCC phase remains as eutectic matrix, but the lamellar spacing decreases. No nanoscale precipitates reported.

---

### 3. **(TaCr)₁₀ alloy** (x = 10) — Al₂Co₁₉.₅Cr₅Fe₁₉.₅Nb₁₉.₅Ni₁₉.₅Ta₅

| Phase | Nature | Chemical Formula (approx.) | Crystallographic State | Structure | Space Group | Notes |
|---|---|---|---|---|---|---|
| FCC solid solution | Solid solution (matrix phase) | (Fe, Co, Ni, Cr) rich, with dissolved Nb, Ta, Al | Crystalline (FCC) | Face-centered cubic | Fm-3m (No. 225) | Eutectic structure refined; primary Laves phase coarsened |
| Laves phase | Intermetallic compound | Multi-component: (Fe, Co, Ni, Cr)₂(Nb, Ta) type | Crystalline (hexagonal) | C14 Laves (hexagonal) | P6₃/mmc (No. 194) | Volume fraction: 60.3% (from Table 1) |

- **Precipitates not visible in XRD but evident in micrography:** TEM (Fig. 3a–c) confirms the coexistence of FCC (point 1) and Laves (point 2) via SAED. The SAED patterns index to FCC and C14 Laves structures, respectively. No other precipitates reported before oxidation.

---

### 4. **(TaCr)₁₄ alloy** (x = 14) — Al₂Co₁₇.₅Cr₇Fe₁₇.₅Nb₁₇.₅Ni₁₇.₅Ta₇

| Phase | Nature | Chemical Formula (approx.) | Crystallographic State | Structure | Space Group | Notes |
|---|---|---|---|---|---|---|
| FCC solid solution | Solid solution (matrix phase) | (Fe, Co, Ni, Cr) rich, with dissolved Nb, Ta, Al | Crystalline (FCC) | Face-centered cubic | Fm-3m (No. 225) | FCC phase is minor; large primary Laves dominate |
| Laves phase | Intermetallic compound | Multi-component: (Fe, Co, Ni, Cr)₂(Nb, Ta) type | Crystalline (hexagonal) | C14 Laves (hexagonal) | P6₃/mmc (No. 194) | Volume fraction: 76.6% (from Table 1) |

- **Precipitates not visible in XRD but evident in micrography:** SEM (Fig. 2d) shows coarse primary Laves phase with refined eutectic regions. No additional precipitates reported before oxidation.

---

### Post-Oxidation Phases (for context, from Section 3.3)

After oxidation at 900 °C for 84 h, the following phases form on/within the alloys (detected via XRD, SEM-EDS, and TEM-SAED):

| Oxide Phase | Alloys Where Detected | Structure (if known) | Space Group (if known) |
|---|---|---|---|
| Fe₄O₃ (reported; likely Fe₃O₄, magnetite) | All alloys (outer layer) | Spinel (cubic) | Fd-3m (No. 227) |
| Cr₂O₃ (chromia) | (TaCr)₆, (TaCr)₁₀, (TaCr)₁₄ | Corundum (rhombohedral/hexagonal) | R-3c (No. 167) |
| CrTaO₄ | (TaCr)₆, (TaCr)₁₀, (TaCr)₁₄ | Rutile-type (tetragonal) | P4₂/mnm (No. 136) |
| CrNbO₄ | (TaCr)₆, (TaCr)₁₀, (TaCr)₁₄ | Rutile-type (tetragonal, isostructural with CrTaO₄) | P4₂/mnm (No. 136) |
| Al₂O₃ | All alloys (internal oxidation) | α-Al₂O₃ (corundum) | R-3c (No. 167) |
| Ta₂O₅ | Detected in TEM only (not XRD) | Orthorhombic (β-Ta₂O₅) | P2₁2₁2₁ (No. 19) or Cmmm (No. 65) — not specified in paper |
| Nb₂O₅ | Implied as intermediate (not directly detected) | Various polymorphs | Not specified in paper |

---

### Key Uncertainties / Notes

1. **FCC space group:** The paper confirms FCC phase via XRD and SAED but does not explicitly state the space group. Fm-3m is the standard for disordered FCC metals and is assumed.
2. **Laves phase structure:** The paper states ""Laves phase"" but does not specify the polytype (C14, C15, or C36). Based on typical Fe₂Nb-type Laves in FeCoNiNb alloys and the hexagonal SAED patterns implied in Fig. 3, C14 (hexagonal, P6₃/mmc) is the most likely and assumed here.
3. **Fe₄O₃ notation:** The paper uses ""Fe₄O₃"" (which is non-stoichiometric). This is likely an error or a shorthand for Fe₃O₄ (magnetite). I have noted this discrepancy.
4. **Post-oxidation internal oxides:** Al₂O₃ is found as internal oxide particles in the alloy matrix (via EDS mapping, Fig. 8), but not as a continuous protective layer due to low Al content. Nb₂O₅ and Ta₂O₅ are proposed as intermediates that react with Cr₂O₃ to form CrNbO₄ and CrTaO₄, respectively; they are not detected by XRD because they are fully consumed.
5. **No amorphous phases** are reported in any alloy before or after oxidation.","Based on the paper, the materials were primarily **experimentally synthesized and characterized**, with a **supplementary theoretical component** (first-principles calculations) used only to validate and explain the oxidation mechanism—not to predict the alloy design. Below is a detailed breakdown.

---

## 1. Theoretical Prediction/Calculation

**Method:** First-principles calculations (Density Functional Theory, DFT) were used to calculate the **formation energy (Ef)** and **binding energy (E₀)** of the oxides formed during oxidation (Section 4, Fig. 10a).

**Specifics:**
- Oxides calculated: Cr₂O₃, Ta₂O₅, Nb₂O₅, CrTaO₄, CrNbO₄, Al₂O₃ (crystal structures shown in Fig. S4, supplementary material).
- **Formation energy (Ef):** Negative values for all oxides confirm their thermodynamic stability. Lower Ef = stronger phase formation ability.
- **Binding energy (E₀):** More negative E₀ = more stable structure.
- **Key finding:** CrTaO₄ and CrNbO₄ are more stable and easier to form than Cr₂O₃ alone, supporting the observed composite oxide layer.

**Purpose:** This was **not** used to predict alloy design, but to **confirm the experimentally observed oxidation mechanism**—specifically, why CrTaO₄ and CrNbO₄ form preferentially and why Nb₂O₅/Ta₂O₅ are not detected (they are consumed as intermediates).

**Phases/structures from this stage:** The DFT results confirmed the stability hierarchy of oxides, but did not predict the alloy's solid-state phases (FCC + Laves).

---

## 2. Experimental Synthesis

**Method:** **Vacuum arc melting**

**Details:**
- **Starting materials:** Commercially pure Al, Co, Cr, Ni, Fe, Ti, Si (99.9 wt%). Note: Ti and Si are mentioned in the experimental section but are not in the nominal alloy composition; this appears to be a typographical error—likely the intent was ""Ta"" and ""Cr"" (based on the alloy system). The paper lists ""Ti, and Si (99.9 wt%)"" which is inconsistent with the alloy design.
- **Alloy compositions:** (FeCoNiNb)₉₈₋₂ₓ(TaCr)ₓAl₂ with x = 0, 6, 10, 14.
- **Melting process:** Arc-melted in a vacuum arc furnace.
- **Remelting:** Each sample was remelted **5 times** to ensure compositional homogeneity.
- **Cooling:** The paper does not specify a cooling rate; typical arc-melted button ingots cool rapidly on a water-cooled copper hearth (estimate: ~10²–10³ K/s).

**Phases obtained after synthesis:**
- All four alloys: **FCC solid solution + Laves phase** (hexagonal C14-type, as inferred).
- (TaCr)₀: Fully eutectic (FCC + Laves lamellae), Laves volume fraction = 30.2%.
- (TaCr)₆: Eutectic + primary Laves, fraction = 54.3%.
- (TaCr)₁₀: Eutectic + coarser primary Laves, fraction = 60.3%.
- (TaCr)₁₄: Dominant primary Laves, fraction = 76.6%.

---

## 3. Sample Preparation (Pre-Testing)

This is **not** post-processing in the metallurgical sense (no annealing/rolling), but standard specimen preparation:

| Step | Details |
|---|---|
| Cutting | Rectangular (10 × 10 × 3 mm) for oxidation; cylindrical (R4 × 6 mm) for compression |
| Grinding | 1200# silicon carbide grit paper |
| Cleaning | Ultrasonic bath in alcohol, then drying |

**No thermo-mechanical post-processing** (no annealing, quenching, rolling, or aging) was performed on any samples after casting.

---

## 4. Oxidation Testing (In-Situ High-Temperature Exposure)

This is an **experimental treatment** that altered the microstructure (forming oxide scales):

**Parameters:**
- Temperature: **900 °C**
- Atmosphere: **Static air**
- Duration: 2, 4, 6, 12, 24, 36, 48, 60, 72, 84 h
- Cooling: Natural cooling in furnace (not specified in detail; typical muffle furnace cooling)

**Phases formed during oxidation (all alloys):**
- **(TaCr)₀:** Outer Fe₄O₃ (likely Fe₃O₄) layer + inner Nb₂O₅ layer; severe cracking/spallation.
- **(TaCr)₆, (TaCr)₁₀, (TaCr)₁₄:** Three-layer oxide structure:
  - Outer: Fe₄O₃ (porous, non-protective)
  - Intermediate: Cr₂O₃ (dense, protective)
  - Inner: (Nb,Ta)CrO₄ composite oxide layer (CrTaO₄ + CrNbO₄)
  - Internal: Al₂O₃ particles (formed via internal oxidation through Laves phase channels)

**TEM analysis (TaCr)₁₀ after 84 h oxidation:**
- Confirmed presence of (Nb,Ta)CrO₄, Al₂O₃, Ta₂O₅ (residual), and FCC matrix (Fig. 9d–g).

---

## 5. Mechanical Testing (Compression)

**Parameters:**
- Equipment: Electronic universal testing machine (WDW-100)
- Strain rate: 1 × 10⁻³ s⁻¹
- Temperature: Room temperature
- Specimen: Cylindrical (R4 × 6 mm)

**Results:** Yield strength ≈ 1.5 GPa at ~8% strain for all alloys—minimal variation despite large Laves phase fraction changes.

---

## Summary Table: Approach & Parameters

| Stage | Approach | Method/Parameters | Phases Obtained |
|---|---|---|---|
| **Theoretical** | DFT (first-principles) | Formation/binding energies of oxides at 900 °C | CrTaO₄, CrNbO₄ most stable; Nb₂O₅/Ta₂O₅ are intermediates |
| **Synthesis** | Vacuum arc melting | Remelted 5×; no controlled cooling rate specified | FCC + Laves (C14-type); Laves fraction 30–77% |
| **Post-processing** | None (thermo-mechanical) | — | As-cast structure retained |
| **Oxidation** | High-temp exposure | 900 °C in air, up to 84 h | Oxide scales: Fe₃O₄ / Cr₂O₃ / (Nb,Ta)CrO₄; internal Al₂O₃ |
| **Mechanical test** | Compression | RT, 1×10⁻³ s⁻¹ | No phase change; yield ~1.5 GPa |

---

## Key Uncertainties / Discrepancies Noted

1. **Experimental section** lists ""Ti, and Si (99.9 wt%)"" as starting materials, but the alloy composition contains **Ta and Cr**. This is almost certainly a typographical error; no Ti or Si appears in any EDS or XRD results.
2. **Fe₄O₃** notation in the paper is chemically unusual (Fe₄O₃ does not exist as a stable oxide). The authors likely mean **Fe₃O₄** (magnetite), which is consistent with the spinel morphology described.
3. **Cooling rate** after arc melting is not stated. This is a critical parameter for eutectic microstructure refinement, but the paper focuses on compositional effects rather than cooling rate.
4. **No post-casting homogenization** was performed, so the as-cast segregation is inherent in the reported microstructures.
5. **DFT** was used only for oxide stability, **not** for phase prediction of the alloy itself. The alloy design was purely empirical (elemental additions).","Based on the paper's analysis of the **initial as-cast state** (before oxidation), **none of the four alloys form a partially ordered structure or High Entropy Intermetallic compound**. Below is the detailed justification.

---

## Classification of As-Cast Alloys

| Alloy | Phases Present (As-Cast) | Ordered Structure? | Classification |
|---|---|---|---|
| (TaCr)₀ | Disordered FCC + C14 Laves | No | Dual-phase: Solid Solution + Intermetallic (Laves) |
| (TaCr)₆ | Disordered FCC + C14 Laves | No | Dual-phase: Solid Solution + Intermetallic (Laves) |
| (TaCr)₁₀ | Disordered FCC + C14 Laves | No | Dual-phase: Solid Solution + Intermetallic (Laves) |
| (TaCr)₁₄ | Disordered FCC + C14 Laves | No | Dual-phase: Solid Solution + Intermetallic (Laves) |

---

## Detailed Analysis

### 1. FCC Phase (Matrix)
- **Structure:** Face-centered cubic (FCC), as confirmed by XRD (Fig. 1) and SAED (Fig. 3b).
- **Ordering:** The paper reports **no superlattice reflections** or L1₂/B2-type ordering in the FCC phase. The XRD patterns show only fundamental FCC peaks, indicating a **disordered solid solution**.
- **Chemical nature:** Multi-component solid solution of Fe, Co, Ni, with dissolved Cr, Nb, Ta, and Al. The elements are randomly distributed on the FCC lattice sites.
- **Conclusion:** **Not an intermetallic** — it is a true disordered solid solution.

### 2. Laves Phase
- **Structure:** Hexagonal C14-type Laves phase (P6₃/mmc), inferred from SAED patterns and typical Fe₂Nb-type Laves in this alloy family.
- **Stoichiometry:** Approximately A₂B, where A = (Fe, Co, Ni, Cr) and B = (Nb, Ta). However, the paper explicitly states: *""The Laves phase in the alloy is a multi-component complex rather than a simple binary intermetallic compound""* (Section 3.1, based on EDS analysis in Table S1/S2).
- **Nature:** The Laves phase is a **fully ordered intermetallic compound** with a fixed crystal structure (C14). It is NOT a ""partially ordered"" structure — it is completely crystallographically ordered by definition of the Laves phase topology.
- **High Entropy Intermetallic?** The term ""High Entropy Intermetallic"" (HEI) typically refers to a single-phase intermetallic compound where 5+ elements occupy the same sublattice in near-equimolar proportions. In this case:
  - The Laves phase is a **stoichiometric compound** (A₂B type), not a multi-principal-element intermetallic.
  - The A-site is occupied by multiple elements (Fe, Co, Ni, Cr), but these are **not near-equimolar**; Fe and Co dominate.
  - The B-site is occupied by Nb and Ta, which are not equimolar either.
  - Therefore, it does **not** meet the definition of a High Entropy Intermetallic.

### 3. Absence of B2/L1₂/L1₀ Ordered Phases
- Despite Al addition (2 at.%), the paper reports **no B2 (FeAl-type) or L1₂ (Ni₃Al-type) ordering** in the FCC phase.
- Al remains dissolved in the FCC solid solution and the Laves phase; it does not precipitate as an ordered phase in the as-cast state.
- This is consistent with the low Al content (2 at.%) being insufficient to drive ordering.

---

## Key Evidence from the Paper

1. **XRD (Fig. 1):** Only FCC and Laves peaks are detected; no superlattice reflections characteristic of B2, L1₂, or other ordered phases.
2. **TEM/SAED (Fig. 3):** The selected area diffraction patterns index to (1) disordered FCC [point 1, Fig. 3b] and (2) C14 Laves [point 2, Fig. 3c]. No additional diffraction spots indicating partial ordering.
3. **EDS analysis (Table S1, S2):** Confirms elemental partitioning between FCC and Laves phases, but does not suggest any short-range or long-range chemical ordering beyond the inherent Laves structure.

---

## Conclusion

| Alloy | High Entropy Intermetallic? | Reason |
|---|---|---|
| (TaCr)₀ | No | FCC is disordered solid solution; Laves is conventional binary-type intermetallic (A₂B) |
| (TaCr)₆ | No | Same as above |
| (TaCr)₁₀ | No | Same as above |
| (TaCr)₁₄ | No | Same as above |

**All four alloys in their as-cast state are dual-phase composites of:**
- A **disordered FCC solid solution** (not an intermetallic)
- A **C14 Laves phase** (an ordered intermetallic, but not ""high-entropy"" in the sense of multi-principal-element sublattice occupancy)

**No partially ordered structure (e.g., B2, L1₂, L1₀, or an in-situ High Entropy Intermetallic) is formed** in any of the alloys prior to oxidation. The term ""High Entropy Intermetallic"" is not applicable to any phase in this system.","```json
{
  ""(TaCr)0"": {
    ""chemical_formula"": ""Al2Co24.5Fe24.5Nb24.5Ni24.5"",
    ""composition"": {
      ""Al"": 2,
      ""Co"": 24.5,
      ""Fe"": 24.5,
      ""Nb"": 24.5,
      ""Ni"": 24.5
    },
    ""number_of_elements"": 5,
    ""crystallographic_phases"": [
      {
        ""phase_type"": ""solid solution"",
        ""chemical_formula"": ""(Fe,Co,Ni,Nb,Al)"",
        ""crystallographic_state"": ""crystalline"",
        ""structure"": ""face-centered cubic"",
        ""space_group"": ""Fm-3m (No. 225)"",
        ""detection_method"": ""XRD, TEM/SAED"",
        ""details"": ""Disordered FCC solid solution matrix phase; eutectic lamellar structure with Laves phase""
      },
      {
        ""phase_type"": ""intermetallic compound"",
        ""chemical_formula"": ""(Fe,Co,Ni)2(Nb)"",
        ""crystallographic_state"": ""crystalline"",
        ""structure"": ""C14 Laves phase (hexagonal)"",
        ""space_group"": ""P63/mmc (No. 194)"",
        ""detection_method"": ""XRD, TEM/SAED, SEM-EDS"",
        ""details"": ""Multi-component Laves phase; volume fraction 30.2%""
      }
    ],
    ""precipitates"": [],
    ""synthesis_or_calculation"": {
      ""type"": ""experimental"",
      ""method"": ""vacuum arc melting"",
      ""parameters"": {
        ""remelting"": ""5 times"",
        ""atmosphere"": ""vacuum"",
        ""cooling"": ""not specified (water-cooled copper hearth, typical for arc melting)""
      }
    },
    ""theoretical_details"": null,
    ""special_conditions"": ""As-cast initial state; no post-processing; fully eutectic structure"",
    ""phase_classification"": ""Mixed Solution""
  },
  ""(TaCr)6"": {
    ""chemical_formula"": ""Al2Co21.5Cr3Fe21.5Nb21.5Ni21.5Ta3"",
    ""composition"": {
      ""Al"": 2,
      ""Co"": 21.5,
      ""Cr"": 3,
      ""Fe"": 21.5,
      ""Nb"": 21.5,
      ""Ni"": 21.5,
      ""Ta"": 3
    },
    ""number_of_elements"": 7,
    ""crystallographic_phases"": [
      {
        ""phase_type"": ""solid solution"",
        ""chemical_formula"": ""(Fe,Co,Ni,Cr,Nb,Ta,Al)"",
        ""crystallographic_state"": ""crystalline"",
        ""structure"": ""face-centered cubic"",
        ""space_group"": ""Fm-3m (No. 225)"",
        ""detection_method"": ""XRD, SEM-EDS"",
        ""details"": ""Disordered FCC solid solution; eutectic structure with refined lamellar spacing""
      },
      {
        ""phase_type"": ""intermetallic compound"",
        ""chemical_formula"": ""(Fe,Co,Ni,Cr)2(Nb,Ta)"",
        ""crystallographic_state"": ""crystalline"",
        ""structure"": ""C14 Laves phase (hexagonal)"",
        ""space_group"": ""P63/mmc (No. 194)"",
        ""detection_method"": ""XRD, SEM-EDS"",
        ""details"": ""Multi-component Laves phase; primary Laves phase appears; volume fraction 54.3%""
      }
    ],
    ""precipitates"": [],
    ""synthesis_or_calculation"": {
      ""type"": ""experimental"",
      ""method"": ""vacuum arc melting"",
      ""parameters"": {
        ""remelting"": ""5 times"",
        ""atmosphere"": ""vacuum"",
        ""cooling"": ""not specified (water-cooled copper hearth, typical for arc melting)""
      }
    },
    ""theoretical_details"": null,
    ""special_conditions"": ""As-cast initial state; no post-processing; eutectic structure partially disrupted by primary Laves phase"",
    ""phase_classification"": ""Mixed Solution""
  },
  ""(TaCr)10"": {
    ""chemical_formula"": ""Al2Co19.5Cr5Fe19.5Nb19.5Ni19.5Ta5"",
    ""composition"": {
      ""Al"": 2,
      ""Co"": 19.5,
      ""Cr"": 5,
      ""Fe"": 19.5,
      ""Nb"": 19.5,
      ""Ni"": 19.5,
      ""Ta"": 5
    },
    ""number_of_elements"": 7,
    ""crystallographic_phases"": [
      {
        ""phase_type"": ""solid solution"",
        ""chemical_formula"": ""(Fe,Co,Ni,Cr,Nb,Ta,Al)"",
        ""crystallographic_state"": ""crystalline"",
        ""structure"": ""face-centered cubic"",
        ""space_group"": ""Fm-3m (No. 225)"",
        ""detection_method"": ""XRD, TEM/SAED, SEM-EDS"",
        ""details"": ""Disordered FCC solid solution; confirmed by SAED (Fig. 3b); refined eutectic lamellae""
      },
      {
        ""phase_type"": ""intermetallic compound"",
        ""chemical_formula"": ""(Fe,Co,Ni,Cr)2(Nb,Ta)"",
        ""crystallographic_state"": ""crystalline"",
        ""structure"": ""C14 Laves phase (hexagonal)"",
        ""space_group"": ""P63/mmc (No. 194)"",
        ""detection_method"": ""XRD, TEM/SAED, SEM-EDS"",
        ""details"": ""Multi-component Laves phase; primary Laves phase coarsened; volume fraction 60.3%""
      }
    ],
    ""precipitates"": [],
    ""synthesis_or_calculation"": {
      ""type"": ""experimental"",
      ""method"": ""vacuum arc melting"",
      ""parameters"": {
        ""remelting"": ""5 times"",
        ""atmosphere"": ""vacuum"",
        ""cooling"": ""not specified (water-cooled copper hearth, typical for arc melting)""
      }
    },
    ""theoretical_details"": {
      ""method"": ""First-principles DFT calculations"",
      ""parameters"": {
        ""calculated_properties"": ""Formation energy (Ef) and binding energy (E0) of oxides"",
        ""oxides_calculated"": [""Cr2O3"", ""Ta2O5"", ""Nb2O5"", ""CrTaO4"", ""CrNbO4"", ""Al2O3""],
        ""temperature_assumed"": ""900 °C"",
        ""purpose"": ""To validate experimentally observed protective oxide layer formation (CrTaO4, CrNbO4)""
      }
    },
    ""special_conditions"": ""As-cast initial state; no post-processing; used for detailed TEM characterization of both matrix and Laves phase; selected for post-oxidation TEM analysis"",
    ""phase_classification"": ""Mixed Solution""
  },
  ""(TaCr)14"": {
    ""chemical_formula"": ""Al2Co17.5Cr7Fe17.5Nb17.5Ni17.5Ta7"",
    ""composition"": {
      ""Al"": 2,
      ""Co"": 17.5,
      ""Cr"": 7,
      ""Fe"": 17.5,
      ""Nb"": 17.5,
      ""Ni"": 17.5,
      ""Ta"": 7
    },
    ""number_of_elements"": 7,
    ""crystallographic_phases"": [
      {
        ""phase_type"": ""solid solution"",
        ""chemical_formula"": ""(Fe,Co,Ni,Cr,Nb,Ta,Al)"",
        ""crystallographic_state"": ""crystalline"",
        ""structure"": ""face-centered cubic"",
        ""space_group"": ""Fm-3m (No. 225)"",
        ""detection_method"": ""XRD, SEM-EDS"",
        ""details"": ""Disordered FCC solid solution; minor phase present in refined eutectic regions""
      },
      {
        ""phase_type"": ""intermetallic compound"",
        ""chemical_formula"": ""(Fe,Co,Ni,Cr)2(Nb,Ta)"",
        ""crystallographic_state"": ""crystalline"",
        ""structure"": ""C14 Laves phase (hexagonal)"",
        ""space_group"": ""P63/mmc (No. 194)"",
        ""detection_method"": ""XRD, SEM-EDS"",
        ""details"": ""Multi-component Laves phase; dominant phase; coarse primary Laves; volume fraction 76.6%""
      }
    ],
    ""precipitates"": [],
    ""synthesis_or_calculation"": {
      ""type"": ""experimental"",
      ""method"": ""vacuum arc melting"",
      ""parameters"": {
        ""remelting"": ""5 times"",
        ""atmosphere"": ""vacuum"",
        ""cooling"": ""not specified (water-cooled copper hearth, typical for arc melting)""
      }
    },
    ""theoretical_details"": null,
    ""special_conditions"": ""As-cast initial state; no post-processing; highest Laves phase fraction; surface oxide scale incomplete after oxidation (but this applies to post-oxidation state, not initial)"",
    ""phase_classification"": ""Mixed Solution""
  }
}
```",True,10.1016-j.jmrt.2024.11.250,elsevier,https://www.sciencedirect.com/science/article/pii/S2238785424027789,Influences of Ti and Mo alloying on the microstructure and properties of laser cladding for CoCrFeNi high-entropy alloys,"Guofu Lian, Jianghuai Yang, Changrong Chen, Xu Huang , Meiyan Feng",https://doi.org/10.1016/j.jmrt.2024.11.250,
1,parsed_output-10.1038-s41467-026-72958-9.pdf.md,parsed_output-10.1038-s41467-026-72958-9.pdf.md,"Based on my analysis of the paper, here are the high-entropy alloys (HEAs) explicitly synthesized and discussed in the experimental results (excluding those mentioned only in the introduction or as references from other work):

**1. RuRhPdIrPt (5 elements)**
- Formula: IrPdPtRhRu
- This is the primary model HEA system used throughout the paper, synthesized on carbon, TiO₂, carbon nanotubes, graphene, UiO-66 MOF, Fe-N-C, and mesoporous silica supports.

**2. PdOsIrPtAu (5 elements)**
- Formula: AuIrOsPdPt
- Synthesized on Fe-N-C support and mesoporous silica support.

**3. RuRhPdIrPtW (5 elements)**
- Formula: IrPdPtRhRuW
- Elemental W was incorporated into the RuRhPdIrPt lattice, confirmed by elemental mapping showing homogeneous distribution.

**4. RuRhPdIrPtCe (5 elements)**
- Formula: CeIrPdPtRhRu
- Synthesized via post-treatment of flame-synthesized RuRhPdIrPt-CeO₂/carbon in H₂ at 900 °C for 6 hours.

**5. RuRhPdIrPtGa (5 elements)**
- Formula: GaIrPdPtRhRu
- Ga was incorporated as described in Supplementary Fig. 45, demonstrating the non-equilibrium method suppresses diffusion and prevents particle growth for low-melting-point immiscible elements.

**6. 10-element RuRhPdIrPtFeCoNiCuW/carbon (10 elements)**
- Formula: CoCuFeIrNiPdPtRhRuW
- Successfully fabricated with homogeneous mixing of all 10 constituent elements verified by HAADF-STEM elemental mapping.

**7. RuPdOsIrPt (5 elements)**
- Formula: IrOsPdPtRu
- This specific composition (not the same as #1, confirmed by molar ratio Ru:Pd:Os:Ir:Pt = 1.09:1.48:1.00:1.50:1.93) was used as the HOR electrocatalyst on graphene support, with an average diameter of 2.48 ± 0.51 nm.

**8. RuRhPdIrPtW (6 elements)**
- Formula: IrPdPtRhRuW
- This is listed separately in the paper as a distinct HEA system where W causes significant lattice distortion and defects, leading to more dispersed species. The paper refers to it as ""RuRhPdIrPtW HEA"" after post-treatment in H₂ at 900 °C for 6 h.

**9. RuRhPdIrPtCe (6 elements)**
- Formula: CeIrPdPtRhRu
- Despite having the same elemental set as #4, this is the post-reduced form confirming single-phase metallic FCC structure after H₂ treatment. It's listed separately by the paper's presentation.

(Note: The paper also mentions additional HEA systems involving Ce, La, Mg, and Zr incorporation, but these are described as targets or possibilities rather than fully demonstrated compositions with complete data; therefore, they are excluded from this list.)

---

**Additional notes on the alloy formulas:**
- No variable-proportion alloys (e.g., with x values like Nbx) were presented in this paper—all HEAs reported were near-equiatomic multi-element systems.
- The formulas above are alphabetically sorted as requested.","Based on the paper's characterization data (XRD, AC-STEM, and elemental mapping), here is the crystallographic analysis for each identified HEA:

---

**1. RuRhPdIrPt (5 elements)** — *Formula: IrPdPtRhRu*

| Property | Detail |
|----------|--------|
| Phase | Single-phase FCC solid solution |
| Structure | Face-centered cubic |
| Space group | *Fm-3m* (No. 225) |
| XRD evidence | Single set of FCC peaks matching Pt (PDF #001-1190), no secondary phases |
| Additional observations | AC-STEM confirms crystalline lattice with (111) spacing of 2.24 Å; no precipitates detected |

---

**2. PdOsIrPtAu (5 elements)** — *Formula: AuIrOsPdPt*

| Property | Detail |
|----------|--------|
| Phase | Single-phase FCC solid solution |
| Structure | Face-centered cubic |
| Space group | *Fm-3m* (No. 225) |
| XRD evidence | Single-phase FCC pattern; no oxide or intermetallic peaks |
| Additional observations | Elemental maps confirm atomic-level homogeneity; no phase separation observed |

---

**3. RuRhPdIrPtW (5 elements, flame-synthesized)** — *Formula: IrPdPtRhRuW*

| Property | Detail |
|----------|--------|
| Phase | Single-phase FCC solid solution (with significant lattice distortion) |
| Structure | Face-centered cubic (distorted) |
| Space group | *Fm-3m* (No. 225) — nominal, with local distortions |
| XRD evidence | Decreased crystallinity observed (Supplementary Fig. 37); lattice parameter largely unchanged |
| Additional observations | AC-STEM reveals significant lattice distortion, internal cavities, defects, and particles on the verge of splitting; W incorporation disrupts the ordered arrangement of metal atoms |

---

**4. RuRhPdIrPtCe (5 elements, post-reduced)** — *Formula: CeIrPdPtRhRu*

| Property | Detail |
|----------|--------|
| Phase | Single-phase metallic FCC solid solution |
| Structure | Face-centered cubic |
| Space group | *Fm-3m* (No. 225) |
| XRD evidence | Single-phase FCC pattern after post-treatment in H₂ at 900 °C for 6 h (Supplementary Fig. 46) |
| Additional observations | FCC crystal lattice confirmed by AC-STEM; slight lattice parameter deviations from RuRhPdIrPt attributed to atomic radius differences of Ce |

---

**5. RuRhPdIrPtGa (5 elements)** — *Formula: GaIrPdPtRhRu*

| Property | Detail |
|----------|--------|
| Phase | Single-phase FCC solid solution |
| Structure | Face-centered cubic |
| Space group | *Fm-3m* (No. 225) |
| XRD evidence | FCC structure implied (consistent with other HEA systems; detailed XRD in Supplementary Fig. 45) |
| Additional observations | Ga acts as an immiscible element that inhibits particle growth; non-equilibrium method suppresses Ga-induced coalescence |

---

**6. RuRhPdIrPtFeCoNiCuW (10 elements)** — *Formula: CoCuFeIrNiPdPtRhRuW*

| Property | Detail |
|----------|--------|
| Phase | Single-phase FCC solid solution (with local disorder) |
| Structure | Face-centered cubic |
| Space group | *Fm-3m* (No. 225) |
| XRD evidence | Single-phase FCC structure; no phase separation or oxide peaks reported |
| Additional observations | HAADF-STEM elemental maps show homogeneous mixing of all 10 elements; EXAFS confirms metallic bonding (high d-orbital occupancy); local lattice distortions expected due to atomic size mismatches |

---

**7. RuPdOsIrPt (5 elements, HOR catalyst)** — *Formula: IrOsPdPtRu*

| Property | Detail |
|----------|--------|
| Phase | Single-phase FCC solid solution |
| Structure | Face-centered cubic |
| Space group | *Fm-3m* (No. 225) |
| XRD evidence | Single-phase FCC crystalline (Supplementary Fig. 59) |
| Additional observations | EXAFS shows Ru-M peaks broader and partially split versus commercial RuPt, indicating pronounced local lattice deformation from the high-entropy configuration; Ru–M bond lengths elongated (2.689–2.701 Å) versus RuPt (2.668–2.699 Å) |

---

**8. RuRhPdIrPtW (6 elements, post-treated at 900 °C in H₂)** — *Formula: IrPdPtRhRuW*

| Property | Detail |
|----------|--------|
| Phase | Single-phase FCC solid solution (highly disordered) |
| Structure | Face-centered cubic (distorted) |
| Space group | *Fm-3m* (No. 225, nominal) |
| XRD evidence | Decreased crystallinity with no significant lattice parameter change |
| Additional observations | AC-STEM reveals significant number of defects, internal cavities, and particles in intermediate states between nanoparticles and nanoclusters; suggests formation of amorphous particles, nanoclusters, or even single atoms in addition to crystalline HEA NPs |

---

**9. RuRhPdIrPtCe (6 elements, post-reduced, distinct presentation)** — *Formula: CeIrPdPtRhRu*

| Property | Detail |
|----------|--------|
| Phase | Single-phase metallic FCC structure |
| Structure | Face-centered cubic |
| Space group | *Fm-3m* (No. 225) |
| XRD evidence | Single metallic FCC phase (Supplementary Fig. 46); no CeO₂ or Ce-containing oxide peaks remain after H₂ reduction |
| Additional observations | FCC lattice confirmed by AC-STEM; slight lattice parameter deviations from baseline RuRhPdIrPt due to Ce incorporation |

---

**Summary of general crystallographic observations:**

- **All HEAs** reported in this paper crystallize in a **single-phase FCC solid solution** (space group *Fm-3m*, No. 225).
- **No intermetallic compounds** or **ordered phases** were detected in any system via XRD.
- **No oxide phases** were observed in the supported HEA samples, confirming the effectiveness of the in-situ reducing flame environment.
- **Precipitates not visible in XRD but evident in micrography:**
  - In the **RuRhPdIrPtW** system (both flame-synthesized and post-treated), AC-STEM revealed **amorphous particles, nanoclusters, and potential single-atom species** that would not produce distinct XRD peaks.
  - In the **support-free** flame-synthesized HEA (Supplementary Fig. 4a), **phase separation between RuRhPdIrPt HEA and (RuRhPdIrPt)O high-entropy oxide** was observed — this was only possible to distinguish via electron microscopy since the oxide may form an amorphous or poorly crystalline phase.
  - In some support-loaded samples, a **few anomalously larger particles** were observed via TEM, attributed to uneven support distribution in the precursor suspension; these are the same FCC phase but larger in size.","Based on a thorough analysis of the paper, all HEAs were **experimentally synthesized** using a novel non-equilibrium reducing flame aerosol process. Additionally, the paper employed **theoretical prediction (DFT calculations)** to explain and guide the experimental design, particularly regarding surface energies, elemental reducibility, and catalytic mechanisms. Below is the detailed breakdown for each identified HEA:

---

## 1. RuRhPdIrPt (5 elements) — Formula: IrPdPtRhRu

**Theoretical Prediction:**
- **Method:** Density Functional Theory (DFT) — VASP with PBE exchange-correlation functional
- **Key parameters:**
  - Plane wave energy cutoff: 520 eV
  - Spin-polarized calculations with ferromagnetic initial magnetic moments
  - 125-atom Special Quasi-random Structure (SQS) generated via ATAT
  - Calculated weighted average (111) surface energy: 1.96 J/m²
  - Bulk enthalpy of mixing: 0.02 eV/atom
  - Configurational entropy contribution at 800 °C: 0.14 eV/atom (kBT·ln(n) with n = 5)

**Experimental Synthesis:**
- **Method:** Non-equilibrium reducing flame aerosol process (single-step, continuous)
- **Precursors:** RuCl₃•H₂O, RhCl₃•H₂O, PdCl₂, IrCl₃•3H₂O, PtCl₄ dissolved in aqueous solution with SDS
- **Flame conditions:** H₂:O₂:N₂ = 15:3.5:6 (standard liters per minute)
- **Supports:** Ketjenblack carbon (40 wt.% and 80 wt.% metal:carbon loadings), TiO₂ nanocrystals, carbon nanotubes, graphene, UiO-66 MOF, Fe-N-C, and mesoporous silica (15 wt.% metal:SiO₂)
- **Formation time:** Milliseconds; heating/cooling rates ~10⁵–10⁶ K/s
- **Droplet size:** Few micrometers (sonic-velocity shear atomization)
- **Evaporation temperature:** ~700 °C
- **Quenching:** Cold N₂ downstream

**Post-processing:** None required for this system. The product was collected directly.

**Phase evolution:**
- Precursors (aqueous metal salts) → In-situ reduction by H₂ → Single-phase FCC solid solution (Fm-3m, No. 225)
- No intermediate oxide phases observed on supported samples

---

## 2. PdOsIrPtAu (5 elements) — Formula: AuIrOsPdPt

**Theoretical Prediction:**
- **Method:** DFT — same parameters as above
- **Key parameters:**
  - 125-atom SQS for PdPtIrOsAu FCC structure
  - Calculated average (111) surface energy: 1.35 J/m²
  - Bulk enthalpy of mixing: 0.19 eV/atom (high, yet entropy overcomes)
  - Configurational entropy (same as above): 0.14 eV/atom at 800 °C

**Experimental Synthesis:**
- **Method:** Same non-equilibrium reducing flame aerosol process
- **Precursors:** PdCl₂, OsCl₃•3H₂O, IrCl₃•3H₂O, PtCl₄, AuCl₃
- **Supports:** Fe-N-C (40 wt.% loading) and in-situ formed mesoporous silica (15 wt.% metal:SiO₂)
- **Flame conditions:** Same as above (H₂:O₂:N₂ = 15:3.5:6)

**Post-processing:** None required.

**Phase evolution:** Aqueous precursors → Direct reduction → Single-phase FCC solid solution

---

## 3. RuRhPdIrPtW (5 elements, flame-synthesized) — Formula: IrPdPtRhRuW

**Theoretical Prediction:**
- **Method:** DFT calculations of oxygen desorption energies and reduction thermodynamics
- **Key parameters:**
  - Substituted a surface metal atom with W in the RuRhPdIrPt (111) SQS surface
  - ΔG of reduction reaction for W: +0.15 eV (vacuum) → −0.5 ± 0.3 eV (on HEA surface)
  - Demonstrates the HEA surface catalytically promotes W reduction (breaking M–O bonds)
  - All 25 surface sites sampled for substitution to obtain average energies

**Experimental Synthesis:**
- **Method:** Same flame aerosol process
- **Precursors:** RuCl₃, RhCl₃, PdCl₂, IrCl₃, PtCl₄ + Ammonium tungsten oxide (NH₄)₆H₂W₁₂O₄₀•H₂O
- **Support:** Ketjenblack carbon

**Post-processing:**
- **Subset:** One sample underwent post-treatment in H₂ at 900 °C for 6 hours
- **Purpose:** To assess structural evolution and stability of W-containing HEA
- **Result:** Significant lattice distortion, defects, internal cavities, and particles on the verge of splitting into nanoclusters/single atoms

**Phase evolution:**
- As-synthesized: Single-phase FCC (with slight crystallinity decrease)
- After H₂ post-treatment: FCC retained but with pronounced disorder; evidence of amorphous particles and nanoclusters (visible only in AC-STEM)

---

## 4. RuRhPdIrPtCe (5 elements, post-reduced) — Formula: CeIrPdPtRhRu

**Theoretical Prediction:**
- **Method:** DFT calculation of Ce oxide reduction on HEA surface
- **Key parameters:**
  - ΔG of Ce oxide reduction: +2.38 eV (vacuum) → −1.0 ± 0.3 eV (on HEA (111) surface)
  - Confirms that HEA surface significantly promotes reduction of high-oxidation-potential elements
  - Entropic stabilization (ΔG = ΔH − TΔS) supports incorporation at elevated temperatures

**Experimental Synthesis:**
- **Stage 1 (Flame synthesis):** RuRhPdIrPt + Ce(NO₃)₃•6H₂O precursor on carbon support
  - Result: RuRhPdIrPt-CeO₂/carbon composite (Ce remained as oxide)
- **Stage 2 (Post-treatment):** H₂ heating at 900 °C for 6 hours

**Post-processing:** H₂ reduction at 900 °C, 6 h, flowing H₂ atmosphere

**Phase evolution:**
- After flame synthesis: RuRhPdIrPt FCC + amorphous/crystalline CeO₂ (oxide phase separate)
- After H₂ post-treatment: Single-phase metallic FCC (Ce incorporated into lattice); no CeO₂ peaks remain in XRD

---

## 5. RuRhPdIrPtGa (5 elements) — Formula: GaIrPdPtRhRu

**Theoretical Prediction:**
- **Method:** Given, not explicitly calculated—rationalized via non-equilibrium kinetics
- **Key parameter:** Suppression of diffusion prevents Ga-induced particle coalescence (Ga typically yields 20–100 nm particles; flame method keeps particles below ~5 nm)

**Experimental Synthesis:**
- **Method:** Same flame aerosol process
- **Precursor:** Ga(NO₃)₃•H₂O added to Ru, Rh, Pd, Ir, Pt salts
- **Support:** Carbon (details in Supplementary Fig. 45)

**Post-processing:** None reported.

**Phase evolution:** Aqueous precursors → Direct reduction → Single-phase FCC with suppressed particle growth

---

## 6. RuRhPdIrPtFeCoNiCuW (10 elements) — Formula: CoCuFeIrNiPdPtRhRuW

**Theoretical Prediction:**
- Not specifically predicted; synthesized to demonstrate compositional space extension

**Experimental Synthesis:**
- **Method:** Same non-equilibrium flame aerosol process
- **Precursors:** RuCl₃, RhCl₃, PdCl₂, IrCl₃, PtCl₄, FeCl₂•4H₂O, CoCl₂•6H₂O, NiCl₂, CuCl₂•2H₂O, ammonium tungsten oxide
- **Support:** Carbon (40 wt.% loading implied)
- **Flame conditions:** Same as above

**Post-processing:** None required (direct synthesis successful)

**Phase evolution:** Aqueous precursors → Direct reduction → Single-phase FCC solid solution with homogeneous mixing of all 10 elements (confirmed by HAADF-STEM and EXAFS)

---

## 7. RuPdOsIrPt (5 elements, HOR catalyst) — Formula: IrOsPdPtRu

**Theoretical Prediction:**
- **Method:** DFT calculations (extensive)
  - Four-layer 64-atom SQS slabs for both RuPdOsIrPt and PtRu reference
  - Adsorption energies of *H, *OH, *H₂O calculated at FCC hollow (H) and atop (OH, H₂O) sites
  - Free energy diagrams for HOR constructed by averaging over all non-equivalent configurations
  - Key results: RDS energy barrier = 0.16 eV (HEA) vs. 0.19 eV (RuPt)
  - Enhanced OHBE (stronger *OH binding) and weaker H₂OBE on HEA surface
  - PDOS analysis: Pd/Pt as electron donors (favorable for *H), Ir/Ru/Os as electron acceptors (favorable for *OH)

**Experimental Synthesis:**
- **Method:** Same flame aerosol process
- **Precursors:** RuCl₃, PdCl₂, OsCl₃•3H₂O, IrCl₃, PtCl₄
- **Support:** Graphene (from HydroGraph)
- **Composition:** Molar ratio Ru:Pd:Os:Ir:Pt = 1.09:1.48:1.00:1.50:1.93
- **Average particle size:** 2.48 ± 0.51 nm

**Post-processing:** None (used as-synthesized for electrocatalysis)

**Phase evolution:** Aqueous precursors → Direct reduction → Single-phase FCC with local lattice distortions (confirmed by EXAFS showing broader, split Ru–M peaks)

---

## 8. RuRhPdIrPtW (6 elements, post-treated) — Formula: IrPdPtRhRuW

(Detailed above under #3; this entry represents the post-treated subset.)

- **Post-processing:** H₂ at 900 °C for 6 h
- **Result:** FCC retained; significant defect formation, internal cavities, and splitting into dispersed species; decreased crystallinity confirmed via XRD

---

## 9. RuRhPdIrPtCe (6 elements, distinct presentation) — Formula: CeIrPdPtRhRu

(Detailed above under #4)

---

## Summary of Processing Stages for All HEAs:

| HEA System | Theoretical Prediction | Flame Synthesis | Post-Processing | Final Phase |
|------------|----------------------|-----------------|-----------------|-------------|
| RuRhPdIrPt | Yes (DFT) | Yes | None | FCC SS |
| PdOsIrPtAu | Yes (DFT) | Yes | None | FCC SS |
| RuRhPdIrPtW | Yes (DFT) | Yes | Optional (H₂, 900 °C, 6h) | FCC SS (distorted) |
| RuRhPdIrPtCe | Yes (DFT) | Yes (CeO₂ formed) | **Required** (H₂, 900 °C, 6h) | FCC SS |
| RuRhPdIrPtGa | No (rationalized) | Yes | None | FCC SS |
| RuRhPdIrPtFeCoNiCuW | No | Yes | None | FCC SS |
| RuPdOsIrPt | Yes (DFT) | Yes | None | FCC SS |
| **All systems** | DFT used where applicable | Flame aerosol (in-situ reducing) | Treatment applied **only to W and Ce systems** | Single-phase FCC |

**Key note:** Post-processing (H₂ annealing at 900 °C for 6 h) was applied **only to the W-containing and Ce-containing samples** to achieve or study element incorporation. All other HEA systems were used directly after flame synthesis without further thermal treatment.","Based on a thorough analysis of the paper, **none of the identified high-entropy alloys form a partially ordered structure or High Entropy Intermetallic (HEI) phase**. All systems are reported to form single-phase, fully disordered FCC solid solutions.

---

## Detailed Assessment of Ordering for Each HEA:

| # | Alloy (Alphabetical Formula) | Structure | Ordered? | Classification | Key Evidence |
|---|------------------------------|-----------|----------|----------------|--------------|
| 1 | IrPdPtRhRu | FCC solid solution | No | Disordered HEA (not HEI) | XRD shows single FCC pattern matching Pt (PDF #001-1190); no superlattice reflections or ordered peaks observed |
| 2 | AuIrOsPdPt | FCC solid solution | No | Disordered HEA (not HEI) | Single-phase FCC; no evidence of ordering from XRD or elemental mapping |
| 3 | IrPdPtRhRuW (flame) | FCC solid solution (distorted) | No | Disordered HEA (not HEI) | Decreased crystallinity; significant lattice distortion; no ordered superlattice peaks reported |
| 4 | CeIrPdPtRhRu | FCC solid solution | No | Disordered HEA (not HEI) | Single metallic FCC phase; slight lattice parameter deviation only; no ordering |
| 5 | GaIrPdPtRhRu | FCC solid solution | No | Disordered HEA (not HEI) | Consistent with other FCC HEAs; no ordering reported |
| 6 | CoCuFeIrNiPdPtRhRuW | FCC solid solution | No | Disordered HEA (not HEI) | Single-phase FCC with local disorder from atomic size mismatches; no superlattice peaks |
| 7 | IrOsPdPtRu | FCC solid solution | No | Disordered HEA (not HEI) | Single-phase FCC; EXAFS shows broad/split Ru-M peaks indicating **local lattice distortion** but **not** chemical ordering |
| 8 | IrPdPtRhRuW (post-treated) | FCC solid solution (highly disordered) | No | Disordered HEA (not HEI) | Significant defects; particles verging on splitting into nanoclusters/single atoms; no ordering |
| 9 | CeIrPdPtRhRu (post-reduced) | FCC solid solution | No | Disordered HEA (not HEI) | Same as #4; single metallic FCC |

---

## Key Points Supporting Disordered Classification:

1. **XRD Evidence:** All XRD patterns reported in the paper show only fundamental FCC reflections (111, 200, 220, 311, 222) without any **superlattice reflections** (e.g., 100, 110, 210) that would indicate B2, L1₀, L1₂, or other ordered intermetallic structures.

2. **Elemental Distribution:** HAADF-STEM elemental maps for all systems (including the 10-element CoCuFeIrNiPdPtRhRuW) confirm **random, homogeneous mixing** of all constituent elements at the atomic level, which is characteristic of a disordered solid solution rather than an ordered intermetallic.

3. **EXAFS Analysis:** For the RuPdOsIrPt HOR catalyst (IrOsPdPtRu), EXAFS revealed:
   - Ru–M bond lengths of 2.689–2.701 Å (elongated vs. RuPt reference at 2.668–2.699 Å)
   - Broadened and partially split Ru–M peaks
   - These features indicate **local lattice distortions** and **asymmetric coordination environments** but do **not** indicate chemical ordering—they are consistent with a random arrangement of dissimilar atoms causing local strain.

4. **DFT Modeling:** The theoretical calculations used **Special Quasi-random Structures (SQS)** — which are specifically designed to mimic disordered random solid solutions—not ordered supercells. This confirms the theoretical framework assumes and validates a disordered structure.

5. **Configuration Entropy:** The paper emphasizes that the entropy of mixing (ΔS_config = k_B·ln(n) ≈ 0.14 eV/atom at 800 °C for 5-component systems) is the thermodynamic driving force stabilizing the **disordered** solid solution against phase separation or ordering.

6. **Structural Description:** The paper consistently describes the phases as ""solid solutions"" where ""multiple elements randomly occupy sites in a single crystallographic lattice""—this is the definition of a disordered HEA, not an intermetallic.

---

## Regarding Oxidation State:

The question asks to exclude alloys after oxidation. In this paper:
- **Initial state consideration:** All HEAs discussed above are in their **metallic, as-synthesized (pre-oxidation)** state—they are the initial alloys, not oxidation products.
- **Oxide phases observed:** 
  - In the **support-free** flame-synthesized sample, phase separation between RuRhPdIrPt HEA and (RuRhPdIrPt)O high-entropy oxide was observed (Supplementary Fig. 4a). This oxide is a **separate phase**, not a product of ordering within the alloy itself.
  - In the **RuRhPdIrPt-CeO₂** intermediate (before H₂ post-treatment), CeO₂ existed as a distinct oxide phase separate from the metallic HEA nanoparticles.
  - These oxide phases are **not** considered part of the alloy's crystallographic structure and are excluded from the ordering assessment above.
- **Sintering during electrocatalysis:** After HOR operation, the commercial RuPt/C showed particle agglomeration and sintering, but the HEA catalyst (IrOsPdPtRu) showed minimal degradation—no oxidation-induced structural changes to the HEA phase were reported.

---

## Conclusion:

**No High Entropy Intermetallic (HEI) phases were identified** in this study. All alloys formed fully **disordered single-phase FCC solid solutions** (space group *Fm-3m*, No. 225), stabilized by configurational entropy and kinetic trapping under non-equilibrium flame synthesis conditions. The paper's theoretical framework (SQS-based DFT) and all experimental characterization (XRD, AC-STEM, EXAFS) consistently support the disordered solid solution classification.","```json
{
  ""RuRhPdIrPt"": {
    ""chemical_formula"": ""IrPdPtRhRu"",
    ""number_of_elements"": 5,
    ""crystallographic_phases"": [
      {
        ""phase_type"": ""solid solution"",
        ""chemical_formula"": ""IrPdPtRhRu"",
        ""crystallographic_state"": ""crystalline"",
        ""structure"": ""face-centered cubic"",
        ""space_group"": ""Fm-3m (No. 225)"",
        ""detection_method"": ""XRD, AC-STEM"",
        ""details"": ""Single-phase FCC; (111) d-spacing 2.24 Å; no secondary phases""
      }
    ],
    ""precipitates"": [],
    ""synthesis_or_calculation"": {
      ""type"": ""experimental"",
      ""method"": ""Non-equilibrium reducing flame aerosol process"",
      ""parameters"": {
        ""flame_ratio_H2_O2_N2"": ""15:3.5:6"",
        ""precursors"": ""RuCl3, RhCl3, PdCl2, IrCl3, PtCl4 in aqueous solution"",
        ""supports"": ""Ketjenblack carbon, TiO2, CNT, graphene, UiO-66, Fe-N-C, mesoporous silica"",
        ""loading"": ""40 wt% (carbon), 80 wt% (high loading), 15 wt% (silica)"",
        ""temperature"": ""~700°C (droplet evaporation)"",
        ""residence_time"": ""milliseconds"",
        ""cooling_rate"": ""10^5-10^6 K/s"",
        ""quenching"": ""Cold N2 downstream""
      }
    },
    ""theoretical_details"": {
      ""type"": ""DFT"",
      ""method"": ""VASP, PBE functional, 125-atom SQS"",
      ""parameters"": {
        ""energy_cutoff"": ""520 eV"",
        ""surface_energy_111"": ""1.96 J/m²"",
        ""enthalpy_of_mixing"": ""0.02 eV/atom"",
        ""configurational_entropy"": ""0.14 eV/atom at 800°C""
      }
    },
    ""special_conditions"": ""None"",
    ""phase_classification"": ""Single Solid Solution""
  },
  ""PdOsIrPtAu"": {
    ""chemical_formula"": ""AuIrOsPdPt"",
    ""number_of_elements"": 5,
    ""crystallographic_phases"": [
      {
        ""phase_type"": ""solid solution"",
        ""chemical_formula"": ""AuIrOsPdPt"",
        ""crystallographic_state"": ""crystalline"",
        ""structure"": ""face-centered cubic"",
        ""space_group"": ""Fm-3m (No. 225)"",
        ""detection_method"": ""XRD, HAADF-STEM"",
        ""details"": ""Single-phase FCC; homogeneous mixing confirmed by elemental mapping""
      }
    ],
    ""precipitates"": [],
    ""synthesis_or_calculation"": {
      ""type"": ""experimental"",
      ""method"": ""Non-equilibrium reducing flame aerosol process"",
      ""parameters"": {
        ""flame_ratio_H2_O2_N2"": ""15:3.5:6"",
        ""precursors"": ""PdCl2, OsCl3, IrCl3, PtCl4, AuCl3 in aqueous solution"",
        ""supports"": ""Fe-N-C (40 wt%), mesoporous silica (15 wt%)"",
        ""temperature"": ""~700°C"",
        ""residence_time"": ""milliseconds""
      }
    },
    ""theoretical_details"": {
      ""type"": ""DFT"",
      ""method"": ""VASP, PBE, 125-atom SQS"",
      ""parameters"": {
        ""energy_cutoff"": ""520 eV"",
        ""surface_energy_111"": ""1.35 J/m²"",
        ""enthalpy_of_mixing"": ""0.19 eV/atom"",
        ""configurational_entropy"": ""0.14 eV/atom at 800°C""
      }
    },
    ""special_conditions"": ""None"",
    ""phase_classification"": ""Single Solid Solution""
  },
  ""RuRhPdIrPtW_flame"": {
    ""chemical_formula"": ""IrPdPtRhRuW"",
    ""number_of_elements"": 6,
    ""crystallographic_phases"": [
      {
        ""phase_type"": ""solid solution"",
        ""chemical_formula"": ""IrPdPtRhRuW"",
        ""crystallographic_state"": ""crystalline (distorted)"",
        ""structure"": ""face-centered cubic"",
        ""space_group"": ""Fm-3m (No. 225, nominal)"",
        ""detection_method"": ""XRD, AC-STEM"",
        ""details"": ""Decreased crystallinity; significant lattice distortion; no superlattice peaks""
      }
    ],
    ""precipitates"": [
      {
        ""chemical_formula"": ""None"",
        ""detection_method"": ""AC-STEM"",
        ""details"": ""Amorphous regions and nanoclusters observed not visible in XRD""
      }
    ],
    ""synthesis_or_calculation"": {
      ""type"": ""experimental"",
      ""method"": ""Non-equilibrium reducing flame aerosol process"",
      ""parameters"": {
        ""flame_ratio_H2_O2_N2"": ""15:3.5:6"",
        ""precursors"": ""RuCl3, RhCl3, PdCl2, IrCl3, PtCl4, (NH4)6H2W12O40 in aqueous solution"",
        ""support"": ""Ketjenblack carbon"",
        ""temperature"": ""~700°C"",
        ""residence_time"": ""milliseconds""
      }
    },
    ""theoretical_details"": {
      ""type"": ""DFT"",
      ""method"": ""VASP, PBE; W substituted into SQS (111) surface"",
      ""parameters"": {
        ""energy_cutoff"": ""520 eV"",
        ""reduction_dG_vacuum"": ""+0.15 eV"",
        ""reduction_dG_on_HEA"": ""-0.5 ± 0.3 eV"",
        ""surface_sites_sampled"": ""25""
      }
    },
    ""special_conditions"": ""As-synthesized state; W disrupts lattice ordering"",
    ""phase_classification"": ""Single Solid Solution""
  },
  ""RuRhPdIrPtW_post_treated"": {
    ""chemical_formula"": ""IrPdPtRhRuW"",
    ""number_of_elements"": 6,
    ""crystallographic_phases"": [
      {
        ""phase_type"": ""solid solution"",
        ""chemical_formula"": ""IrPdPtRhRuW"",
        ""crystallographic_state"": ""crystalline (highly disordered)"",
        ""structure"": ""face-centered cubic"",
        ""space_group"": ""Fm-3m (No. 225, nominal)"",
        ""detection_method"": ""XRD, AC-STEM"",
        ""details"": ""Severe lattice distortion; internal cavities; particles verging on splitting""
      }
    ],
    ""precipitates"": [
      {
        ""chemical_formula"": ""None"",
        ""detection_method"": ""AC-STEM"",
        ""details"": ""Nanoclusters, amorphous particles, and potential single atoms formed""
      }
    ],
    ""synthesis_or_calculation"": {
      ""type"": ""experimental"",
      ""method"": ""Flame aerosol + H2 post-treatment"",
      ""parameters"": {
        ""flame_ratio_H2_O2_N2"": ""15:3.5:6"",
        ""post_treatment"": ""H2 at 900°C for 6 hours"",
        ""precursors"": ""Same as RuRhPdIrPtW_flame"",
        ""support"": ""Ketjenblack carbon""
      }
    },
    ""theoretical_details"": {
      ""type"": ""DFT"",
      ""method"": ""Same as RuRhPdIrPtW_flame"",
      ""parameters"": {
        ""energy_cutoff"": ""520 eV""
      }
    },
    ""special_conditions"": ""Post-treated subset only; H2 annealing at 900°C for 6h"",
    ""phase_classification"": ""Single Solid Solution""
  },
  ""RuRhPdIrPtCe_post_reduced"": {
    ""chemical_formula"": ""CeIrPdPtRhRu"",
    ""number_of_elements"": 6,
    ""crystallographic_phases"": [
      {
        ""phase_type"": ""solid solution"",
        ""chemical_formula"": ""CeIrPdPtRhRu"",
        ""crystallographic_state"": ""crystalline"",
        ""structure"": ""face-centered cubic"",
        ""space_group"": ""Fm-3m (No. 225)"",
        ""detection_method"": ""XRD, AC-STEM"",
        ""details"": ""Single metallic FCC; slight lattice parameter deviation from RuRhPdIrPt; no CeO2 peaks remain""
      }
    ],
    ""precipitates"": [],
    ""synthesis_or_calculation"": {
      ""type"": ""experimental"",
      ""method"": ""Flame aerosol + H2 post-treatment"",
      ""parameters"": {
        ""flame_ratio_H2_O2_N2"": ""15:3.5:6"",
        ""precursors"": ""RuCl3, RhCl3, PdCl2, IrCl3, PtCl4, Ce(NO3)3 in aqueous solution"",
        ""support"": ""Ketjenblack carbon"",
        ""post_treatment"": ""H2 at 900°C for 6 hours"",
        ""initial_product"": ""RuRhPdIrPt-CeO2/carbon (Ce as oxide)""
      }
    },
    ""theoretical_details"": {
      ""type"": ""DFT"",
      ""method"": ""VASP, PBE; Ce substituted into SQS (111) surface"",
      ""parameters"": {
        ""energy_cutoff"": ""520 eV"",
        ""reduction_dG_vacuum"": ""+2.38 eV"",
        ""reduction_dG_on_HEA"": ""-1.0 ± 0.3 eV""
      }
    },
    ""special_conditions"": ""Requires post-treatment; initial CeO2 phase separate before reduction"",
    ""phase_classification"": ""Single Solid Solution""
  },
  ""RuRhPdIrPtGa"": {
    ""chemical_formula"": ""GaIrPdPtRhRu"",
    ""number_of_elements"": 6,
    ""crystallographic_phases"": [
      {
        ""phase_type"": ""solid solution"",
        ""chemical_formula"": ""GaIrPdPtRhRu"",
        ""crystallographic_state"": ""crystalline"",
        ""structure"": ""face-centered cubic"",
        ""space_group"": ""Fm-3m (No. 225)"",
        ""detection_method"": ""XRD (Supplementary Fig. 45)"",
        ""details"": ""Single FCC phase; Ga incorporation suppresses particle growth""
      }
    ],
    ""precipitates"": [],
    ""synthesis_or_calculation"": {
      ""type"": ""experimental"",
      ""method"": ""Non-equilibrium reducing flame aerosol process"",
      ""parameters"": {
        ""flame_ratio_H2_O2_N2"": ""15:3.5:6"",
        ""precursors"": ""RuCl3, RhCl3, PdCl2, IrCl3, PtCl4, Ga(NO3)3 in aqueous solution"",
        ""support"": ""Carbon (Supplementary Fig. 45)""
      }
    },
    ""theoretical_details"": {
      ""type"": ""None"",
      ""method"": ""Rationalized via non-equilibrium kinetics"",
      ""parameters"": {
        ""note"": ""Ga typically causes 20-100 nm particles; flame method keeps particles small""
      }
    },
    ""special_conditions"": ""Low-melting-point immiscible element; suppresses diffusion-driven growth"",
    ""phase_classification"": ""Single Solid Solution""
  },
  ""RuRhPdIrPtFeCoNiCuW_10element"": {
    ""chemical_formula"": ""CoCuFeIrNiPdPtRhRuW"",
    ""number_of_elements"": 10,
    ""crystallographic_phases"": [
      {
        ""phase_type"": ""solid solution"",
        ""chemical_formula"": ""CoCuFeIrNiPdPtRhRuW"",
        ""crystallographic_state"": ""crystalline"",
        ""structure"": ""face-centered cubic"",
        ""space_group"": ""Fm-3m (No. 225)"",
        ""detection_method"": ""XRD, HAADF-STEM, EXAFS"",
        ""details"": ""Single FCC; homogeneous 10-element mixing; high d-orbital occupancy (metallic)""
      }
    ],
    ""precipitates"": [],
    ""synthesis_or_calculation"": {
      ""type"": ""experimental"",
      ""method"": ""Non-equilibrium reducing flame aerosol process"",
      ""parameters"": {
        ""flame_ratio_H2_O2_N2"": ""15:3.5:6"",
        ""precursors"": ""RuCl3, RhCl3, PdCl2, IrCl3, PtCl4, FeCl2, CoCl2, NiCl2, CuCl2, (NH4)6H2W12O40"",
        ""support"": ""Ketjenblack carbon"",
        ""loading"": ""40 wt%""
      }
    },
    ""theoretical_details"": {
      ""type"": ""None"",
      ""method"": ""Not specifically predicted; demonstrated compositional space extension""
    },
    ""special_conditions"": ""Demonstrates extreme compositional versatility"",
    ""phase_classification"": ""Single Solid Solution""
  },
  ""RuPdOsIrPt_HOR"": {
    ""chemical_formula"": ""IrOsPdPtRu"",
    ""number_of_elements"": 5,
    ""crystallographic_phases"": [
      {
        ""phase_type"": ""solid solution"",
        ""chemical_formula"": ""IrOsPdPtRu"",
        ""crystallographic_state"": ""crystalline"",
        ""structure"": ""face-centered cubic"",
        ""space_group"": ""Fm-3m (No. 225)"",
        ""detection_method"": ""XRD, EXAFS"",
        ""details"": ""Single FCC; EXAFS shows broadened/split Ru-M peaks indicating local lattice distortion (not chemical ordering); Ru-M bond 2.689-2.701 Å""
      }
    ],
    ""precipitates"": [],
    ""synthesis_or_calculation"": {
      ""type"": ""experimental"",
      ""method"": ""Non-equilibrium reducing flame aerosol process"",
      ""parameters"": {
        ""flame_ratio_H2_O2_N2"": ""15:3.5:6"",
        ""precursors"": ""RuCl3, PdCl2, OsCl3, IrCl3, PtCl4"",
        ""support"": ""Graphene (HydroGraph)"",
        ""composition_ratio"": ""Ru:Pd:Os:Ir:Pt = 1.09:1.48:1.00:1.50:1.93"",
        ""particle_size"": ""2.48 ± 0.51 nm""
      }
    },
    ""theoretical_details"": {
      ""type"": ""DFT"",
      ""method"": ""VASP, PBE, 64-atom SQS slabs (4-layer)"",
      ""parameters"": {
        ""energy_cutoff"": ""520 eV"",
        ""RDS_energy_barrier"": ""0.16 eV (vs 0.19 eV for PtRu)"",
        ""adsorption_sites"": ""FCC hollow (*H), atop (*OH, *H2O)"",
        ""PDOS_analysis"": ""Pd/Pt electron donors; Ir/Ru/Os electron acceptors""
      }
    },
    ""special_conditions"": ""Used as HOR electrocatalyst; enhanced stability (13% ECSA loss vs 48% for PtRu after 10000 cycles)"",
    ""phase_classification"": ""Single Solid Solution""
  },
  ""Support_Free_RuRhPdIrPt"": {
    ""chemical_formula"": ""IrPdPtRhRu"",
    ""number_of_elements"": 5,
    ""crystallographic_phases"": [
      {
        ""phase_type"": ""solid solution"",
        ""chemical_formula"": ""IrPdPtRhRu"",
        ""crystallographic_state"": ""crystalline"",
        ""structure"": ""face-centered cubic"",
        ""space_group"": ""Fm-3m (No. 225)"",
        ""detection_method"": ""XRD, TEM (Supplementary Fig. 4a)"",
        ""details"": ""Large particles; phase separation observed""
      },
      {
        ""phase_type"": ""oxide"",
        ""chemical_formula"": ""(RuRhPdIrPt)O"",
        ""crystallographic_state"": ""crystalline"",
        ""structure"": ""high-entropy oxide (likely rock-salt or fluorite)"",
        ""space_group"": ""Not specified"",
        ""detection_method"": ""TEM (Supplementary Fig. 4a)"",
        ""details"": ""High-entropy oxide phase separate from metallic HEA""
      }
    ],
    ""precipitates"": [],
    ""synthesis_or_calculation"": {
      ""type"": ""experimental"",
      ""method"": ""Non-equilibrium reducing flame aerosol process (without support)"",
      ""parameters"": {
        ""flame_ratio_H2_O2_N2"": ""15:3.5:6"",
        ""precursors"": ""RuCl3, RhCl3, PdCl2, IrCl3, PtCl4"",
        ""support"": ""None (support-free)""
      }
    },
    ""theoretical_details"": {
      ""type"": ""DFT"",
      ""method"": ""Same as RuRhPdIrPt""
    },
    ""special_conditions"": ""Shows importance of heterogeneous nucleation; support-free leads to larger particles and phase separation"",
    ""phase_classification"": ""Mixed Solution""
  }
}
```",True,10.1038-s41467-026-72958-9,springer,https://link.springer.com/article/10.1038/s41467-026-72958-9,Non-equilibrium reducing flame aerosol process to create supported high-entropy alloy nanoparticles. ,"Liu, S., Liang, J., Kaufman, J.L. et al. ",https://doi.org/10.1038/s41467-026-72958-9,
2,parsed_output-d6ra03618j.pdf.md,parsed_output-d6ra03618j.pdf.md,"Based on my analysis of the paper, I can identify the high-entropy alloys that are the primary subjects of this study. The paper focuses exclusively on one HEA composition, with variations only in processing methods (which do not change the chemical formula).

**Main HEA discussed in the experimental section:**

1. **FeCoNiCuAl** (equiatomic, nominal composition)
   - Number of elements: 5
   - Alphabetically sorted formula: AlCoCuFeNi
   - Processing variations: 
     - BM-200 (ball-milled at 200 rpm)
     - BM-280 (ball-milled at 280 rpm)
     - GA-FP (gas-atomized, fine particle)
     - GA-CP (gas-atomized, coarse particle)
   - All four variants share the same chemical formula: AlCoCuFeNi

**Note on variable-containing formulas:** No variable stoichiometry (such as Alx, Nbx, etc.) is used in this paper. The alloy is explicitly described as ""nominal equiatomic composition,"" meaning each of the 5 elements is present in equal atomic proportions (approximately 20 at.% each).

**Summary table of the essential alloy(s):**

| # | Alloy | Elements | Alphabetically Sorted Formula | Notes |
|---|-------|----------|------------------------------|-------|
| 1 | FeCoNiCuAl (BM-200) | 5 | AlCoCuFeNi | Ball-milled at 200 rpm |
| 2 | FeCoNiCuAl (BM-280) | 5 | AlCoCuFeNi | Ball-milled at 280 rpm |
| 3 | FeCoNiCuAl (GA-FP) | 5 | AlCoCuFeNi | Gas-atomized, fine particles |
| 4 | FeCoNiCuAl (GA-CP) | 5 | AlCoCuFeNi | Gas-atomized, coarse particles |

All four variants are the **same alloy** (FeCoNiCuAl) with identical chemical composition; the designations BM-200, BM-280, GA-FP, and GA-CP refer solely to different fabrication routes and particle size distributions, not to compositional differences.

**Key quantitative data points for the primary alloy (AlCoCuFeNi):**
- Nominal composition: equiatomic (1:1:1:1:1 atomic ratio)
- Crystal structure: dual-phase (BCC + FCC) with B2 ordered phase
- Raw material purity: >99.9% for each element
- Prepared via arc melting → melt-spinning → ball milling (90 min, 200 or 280 rpm)
- Ball-to-material weight ratio: 20:1 (steel balls of 8 mm and 6 mm diameter)","Based on the XRD analysis presented in the paper, I will now provide the crystallographic phase information for the single HEA composition (AlCoCuFeNi) and its four processing variants.

---

## Crystallographic Phases of AlCoCuFeNi (FeCoNiCuAl) HEA Powders

All four powder variants (BM-200, BM-280, GA-FP, GA-CP) exhibit **identical phase constitution** according to XRD analysis, differing only in peak broadening and relative phase intensity.

---

### 1. Phase 1: BCC Solid Solution (Disordered Body-Centered Cubic)

| Property | Detail |
|----------|--------|
| **Chemical formula** | AlCoCuFeNi (BCC solid solution, approximate equiatomic) |
| **Crystallographic state** | Crystalline (disordered solid solution) |
| **Structure** | Body-Centered Cubic (BCC) |
| **Space group** | *Im̅3m* (No. 229) |
| **Indexed planes** | (110), (200), (211), (220) |

**Notes:**
- This is a disordered substitutional solid solution where all five elements (Al, Co, Cu, Fe, Ni) randomly occupy the BCC lattice sites.
- It represents the primary high-entropy solid-solution phase obtained after processing.

---

### 2. Phase 2: B2 Ordered Phase (Ordered BCC Intermetallic-like)

| Property | Detail |
|----------|--------|
| **Chemical formula** | Likely (Al, Ni)-rich ordered phase (B2-type) |
| **Crystallographic state** | Crystalline (ordered superstructure) |
| **Structure** | Ordered Body-Centered Cubic (CsCl-type, B2) |
| **Space group** | *Pm̅3m* (No. 221) |
| **Indexed planes** | (100) – superstructure reflection |

**Notes:**
- The (100) superstructure peak is characteristic of B2 ordering, typical in Al-containing HEAs where Al and Ni preferentially occupy alternating sublattice sites.
- The B2 phase forms as nanoscale ordered domains within the disordered BCC matrix.
- The paper explicitly states ""detectable B2-type ordered phase"" alongside BCC and FCC phases.

---

### 3. Phase 3: FCC Solid Solution (Disordered Face-Centered Cubic)

| Property | Detail |
|----------|--------|
| **Chemical formula** | AlCoCuFeNi (FCC solid solution, approximate equiatomic) |
| **Crystallographic state** | Crystalline (disordered solid solution) |
| **Structure** | Face-Centered Cubic (FCC) |
| **Space group** | *Fm̅3m* (No. 225) |
| **Indexed planes** | (111), (200), (220), (311) |

**Notes:**
- This is a second disordered solid-solution phase coexisting with the BCC phase.
- The paper notes that the relative intensity of the FCC phase is **more pronounced in the ball-milled powders (BM-200, BM-280)** compared to the gas-atomized powders, indicating a shift in phase fraction due to mechanical deformation.
- This could be related to the deformation-induced phase transformation (martensitic-like transformation) or to preferential refinement of the FCC phase during mechanical milling.

---

### 4. Nanoscale/Amorphous Surface Phase (Post-Reaction)

| Property | Detail |
|----------|--------|
| **Chemical formula** | Mixed metastable metal oxides and high-entropy oxide domains (e.g., Fe₂O₃, Co₃O₄, NiO, CuO, Al₂O₃, or complex mixed oxides) |
| **Crystallographic state** | Nanocrystalline (partially amorphous) |
| **Structure** | Various (oxide structures not indexed in XRD due to low content) |
| **Space group** | Not determined |

**Notes:**
- This phase is **not detected by XRD** (Fig. 4a shows no new diffraction peaks after reaction), because the quantities are below the XRD detection limit and/or the crystallite sizes are extremely small.
- TEM/HRTEM (Fig. 6a–b) clearly reveals **defined lattice fringes with distinct interplanar spacings** on the reacted BM-280 surface, confirming nanocrystalline phases formed in situ.
- The paper states these are ""complex nanophase mixtures... comprising metastable metal oxides and high-entropy oxide domains.""
- This oxide layer is **surface-confined** — the XRD peaks remain unchanged after reaction because the reaction consumes only surface atoms without altering the bulk lattice structure.

---

### 5. Nanoparticles Within Nanoporous Structure (Post-Reaction, BM-280 only)

| Property | Detail |
|----------|--------|
| **Chemical formula** | Not explicitly determined (likely Fe/Co/Ni/Cu oxides or oxyhydroxides) |
| **Crystallographic state** | Nanocrystalline |
| **Structure** | Nanoparticles (5–20 nm scale, approximate from HRTEM) |
| **Space group** | Not determined |

**Notes:**
- SEM (Fig. 5i–j) shows a high density of nanoparticles densely adhered to the pore walls and interiors of the nanoporous structure in **reacted BM-280 only**.
- The paper attributes the enhanced catalytic performance of BM-280 to this **in situ-generated hierarchical active interface**.
- Exact composition and crystal structure of these nanoparticles are not specified in the paper.

---

## Phase Comparison Across Processing Routes

| Processing Method | BCC | B2 | FCC | Additional phases | XRD Peak Character |
|-------------------|-----|----|-----|-------------------|-------------------|
| **BM-280** (ball-milled, 280 rpm) | ✓ | ✓ | ✓ (more intense) | Surface oxides (post-reaction) | Broadened peaks (low crystallinity, fine grains) |
| **BM-200** (ball-milled, 200 rpm) | ✓ | ✓ | ✓ (more intense) | Surface oxides (post-reaction) | Broadened peaks (low crystallinity, fine grains) |
| **GA-FP** (gas-atomized, fine) | ✓ | ✓ | ✓ (less intense) | Thin, fluffy oxide layer (post-reaction) | Sharp peaks (high crystallinity) |
| **GA-CP** (gas-atomized, coarse) | ✓ | ✓ | ✓ (less intense) | Minimal surface reaction | Sharp peaks (high crystallinity) |

---

## Summary of Key Observations

1. **All three crystalline phases (BCC + B2 + FCC)** are present in all four powder variants without exception.
2. **The B2 phase** is an ordered derivative of the disordered BCC phase, giving rise to the (100) superstructure reflection.
3. **Ball milling broadens XRD peaks** (smaller crystallite size, more lattice strain) and **increases the FCC-to-BCC intensity ratio**, indicating a phase-fraction shift.
4. **A nanoscale oxide/amorphous passivation layer** forms on the surface of both ball-milled and gas-atomized powders during catalysis, but is **far more pronounced and beneficial** on BM-280.
5. **The nanoporous structure with embedded nanoparticles** observed on reacted BM-280 is not visible in XRD (amorphous or nanocrystalline below detection limit) but is clearly evident in SEM/TEM micrographs.

---

## Explicit Uncertainty Statement

The paper does **not** provide:
- Exact lattice parameters for any phase.
- Quantitative phase fractions (e.g., from Rietveld refinement).
- Precise chemical composition of the B2 phase (stoichiometry is inferred as AlNi-rich based on general HEA literature, but not directly measured).
- Space group confirmation via selected-area electron diffraction (SAED); space groups listed above are inferred from standard crystallographic assignments for BCC/FCC/B2 structures.
- Composition of the in situ-formed nanoparticles (oxide identity not resolved).","Based on a thorough analysis of the paper, the FeCoNiCuAl (AlCoCuFeNi) HEA powders were **exclusively synthesized experimentally**. There is **no theoretical prediction** (such as Density Functional Theory, Phase Field modeling, CALPHAD, or machine learning) used in this study. The paper focuses on experimental fabrication, characterization, and catalytic performance evaluation.

Here are the detailed experimental synthesis routes and post-processing steps:

---

## 1. Theoretical Prediction
**Not applicable.** The paper does not report any computational or theoretical modeling. The alloy composition (equiatomic FeCoNiCuAl) was selected based on prior literature and the known propensity of this system to form dual-phase solid solutions.

---

## 2. Experimental Synthesis (Multi-step route)

### Stage 1: Arc Melting (Ingot Preparation)

| Parameter | Value |
|-----------|-------|
| **Method** | Arc melting under gettered argon atmosphere |
| **Raw materials** | Fe, Co, Ni, Cu, Al (each >99.9% purity) |
| **Nominal composition** | Equiatomic (1:1:1:1:1) |
| **Product** | FeCoNiCuAl alloy ingot |
| **Resulting structure** | Dual-phase (BCC + FCC) with B2 ordering (from XRD of final products) |
| **Temperature** | Not specified (arc melting typically exceeds 2000 °C) |
| **Time** | Not specified |
| **Atmosphere** | Argon (gettered) |

**Phase evolution:** The as-cast ingot is expected to form a coarse dendritic structure with BCC + FCC phases and possible elemental segregation (typical of arc-melted HEAs), though this was not explicitly characterized in the paper.

---

### Stage 2: Single-Roller Melt-Spinning (Ribbon Formation)

| Parameter | Value |
|-----------|-------|
| **Method** | Single-roller melt-spinning |
| **Atmosphere** | Argon protection |
| **Product** | Brittle HEA ribbons |
| **Cooling rate** | Not specified (typical melt-spinning: 10⁴–10⁶ K/s) |
| **Temperature** | Not specified (above melting point of alloy) |
| **Resulting structure** | Rapidly solidified ribbons with refined microstructure, homogenized composition |

**Phase evolution:** Melt-spinning induces rapid solidification, which:
- Suppresses elemental segregation
- Refines grain size (to micron or sub-micron scale)
- May alter phase fractions (increases FCC content) and promote B2 ordering
- Creates a brittle ribbon suitable for subsequent ball milling

---

### Stage 3: Mechanical Ball Milling (Powder Production)

| Parameter | BM-200 | BM-280 |
|-----------|--------|--------|
| **Method** | Mechanical ball milling | Mechanical ball milling |
| **Duration** | 90 min | 90 min |
| **Rotational speed** | 200 rpm | 280 rpm |
| **Ball-to-material ratio** | 20:1 | 20:1 |
| **Ball diameter** | 8 mm + 6 mm (mixed) | 8 mm + 6 mm (mixed) |
| **Ball material** | Steel | Steel |
| **Atmosphere** | Not specified (likely argon or air) | Not specified (likely argon or air) |
| **Product** | BM-200 HEA powders | BM-280 HEA powders |

**Resulting structure:**
- **BM-200:** Fine irregular powder particles; XRD shows broadened peaks → lower crystallinity, refined crystallite size, increased lattice strain
- **BM-280:** Finer powder than BM-200; XRD shows the most broadened peaks → smallest crystallite size, highest defect density, largest residual stress
- Both ball-milled powders show **increased FCC phase fraction** compared to gas-atomized counterparts (due to deformation-induced phase transformation or preferential FCC refinement)

**Phase evolution during ball milling:**
- Ribbons fracture into fine powders due to brittleness
- Severe plastic deformation introduces:
  - Dislocations and vacancies
  - Lattice strain (residual stress)
  - Grain refinement (nano-crystallite formation)
  - Possible partial amorphization at surfaces
  - Phase transformation from BCC → FCC (indicated by increased FCC peak intensity)

---

### Stage 4: Gas Atomization (Comparative Samples – Commercial)

| Parameter | GA-FP | GA-CP |
|-----------|-------|-------|
| **Method** | Gas atomization (commercial, purchased) | Gas atomization (commercial, purchased) |
| **Supplier** | Beijing Yijin New Material Technology Co., Ltd | Beijing Yijin New Material Technology Co., Ltd |
| **Particle size** | ""FP"" = fine powder (smaller) | ""CP"" = coarse powder (larger) |
| **Structure** | Spherical particles, smooth surfaces | Spherical particles, smooth surfaces |
| **Resulting structure** | BCC + FCC + B2, sharp XRD peaks (high crystallinity) | BCC + FCC + B2, sharp XRD peaks (high crystallinity) |

**Note:** Gas-atomized powders were used as **as-received** without any post-treatment. The ""FP"" and ""CP"" designations refer to particle size fractions (fine vs. coarse), both having identical chemical composition.

---

## 3. Post-Processing (Thermo-Mechanical)

### Summary of All Post-Processing Performed

| Post-Processing Step | Applied To | Parameters |
|----------------------|------------|------------|
| **None (as-synthesized)** | GA-FP, GA-CP | – |
| **Severe plastic deformation (from ball milling)** | BM-200, BM-280 | Intrinsic to synthesis (90 min, 200 or 280 rpm, 20:1 BPR) |
| **Heat treatment / annealing** | **None applied** | – |
| **Quenching** | **None applied** (melt-spinning is rapid solidification, not quench-annealing) | – |
| **Rolling / forging** | **None applied** | – |
| **Pre-reaction aging** | **None applied** | – |

**Key point:** The paper does **not** report any separate thermo-mechanical post-processing step (annealing, quenching, rolling, forging, or aging). The only ""processing"" beyond synthesis is:
1. The **inherent deformation** during ball milling (which serves as both synthesis and grain-refinement step)
2. The **catalytic reaction itself** (which induces in-situ surface restructuring, discussed below)

---

## 4. In-Situ Surface Restructuring During Catalysis (Reaction-Induced Modification)

Though not a conventional post-processing treatment, the **catalytic degradation reaction** (Section 2.3) induces significant surface changes on BM-280:

| Parameter | Value |
|-----------|-------|
| **Reaction conditions** | 0.5 g catalyst, 40 mg/L TC, 8.16 mmol/L H₂O₂, pH = 3, 60 mL solution |
| **Temperature** | 25 °C, 35 °C, or 45 °C |
| **Duration** | Up to 60 min |
| **Shaking speed** | 170 rpm (thermostatic water-bath shaker) |

**Resulting structural changes on BM-280 (observed post-reaction):**
- **Formation of nanoporous structure** on particle surfaces (Fig. 5e–h)
- **In-situ precipitation of high-density nanoparticles** within pores (Fig. 5i–j)
- **Formation of nanocrystalline surface phases** with distinct lattice fringes (Fig. 6a–b)
- **Surface oxidation**: transition from metallic (Fe⁰, Co⁰, Ni⁰) to oxidized states (Fe²⁺/Fe³⁺, Co²⁺/Co³⁺, Ni²⁺, Cu²⁺, Al³⁺) as confirmed by XPS (Fig. 4)
- **No change in bulk crystal structure** (XRD identical before/after — Fig. 4a)

**On GA-FP (post-reaction):**
- Only a ""tenuous fluffy"" corrosion layer forms (Fig. 5a–b)
- Much less surface restructuring
- Limited oxide formation (XPS shows smaller high-valence peaks)

---

## 5. Phase Evolution Summary Across Processing Stages

| Stage | Phase(s) Present | Key Structural Features |
|-------|------------------|------------------------|
| **After arc melting (ingot)** | BCC + FCC + B2 (expected) | Coarse grains, possible segregation (not directly characterized) |
| **After melt-spinning (ribbon)** | BCC + FCC + B2 | Refined grains, homogenized composition, brittle |
| **After ball milling (BM-200, BM-280)** | BCC + FCC + B2 | Broadened XRD peaks, nanocrystalline domains, high lattice strain, increased FCC fraction, rough/irregular surfaces |
| **After gas atomization (GA-FP, GA-CP)** | BCC + FCC + B2 | Sharp XRD peaks, coarse crystallites, spherical morphology, smooth surfaces |
| **After catalytic reaction (BM-280)** | BCC + FCC + B2 (bulk, unchanged) + nanocrystalline surface oxides/oxyhydroxides (new) | Nanoporous surface, high-density nanoparticles, high-valence metal oxides |
| **After catalytic reaction (GA-FP)** | BCC + FCC + B2 (bulk, unchanged) + thin surface oxide layer (new) | Thin/fluffy corrosion products, minimal restructuring |

---

## 6. Explicit Uncertainties and Missing Information

The paper **does not specify**:
- Arc melting temperature, time, or number of re-melts (typically 4–6 times for homogenization)
- Melt-spinning wheel speed, nozzle diameter, or ejection pressure
- Ball milling atmosphere (argon vs. air)
- Particle size distributions (quantitative D10/D50/D90 values)
- Crystallite sizes (from Scherrer equation) or lattice parameters
- Cooling rates during melt-spinning
- Whether any protective atmosphere was used during catalytic reactions

These parameters would be essential for reproducibility but are not reported in the manuscript.","Based on my analysis of the paper, I will now assess whether the FeCoNiCuAl (AlCoCuFeNi) HEA forms a partially ordered structure that should be classified as a High Entropy Intermetallic, focusing on the **initial state of the alloy before oxidation/catalysis**.

---

## Classification of FeCoNiCuAl (AlCoCuFeNi) — Initial State (Before Reaction)

### Crystalline Phase Identification

| Phase | Type | Ordering | Classification |
|-------|------|----------|----------------|
| **BCC solid solution** | Disordered substitutional solid solution | Disordered (random atomic occupancy on BCC lattice sites) | Conventional HEA solid solution |
| **FCC solid solution** | Disordered substitutional solid solution | Disordered (random atomic occupancy on FCC lattice sites) | Conventional HEA solid solution |
| **B2 ordered phase** | Ordered BCC superstructure (CsCl-type) | **Partially ordered** (Al/Ni preferentially occupy alternating sublattice sites within a BCC matrix) | **High Entropy Intermetallic (partially ordered)** |

---

### Detailed Assessment of the B2 Phase

**Does the alloy form a partially ordered structure?**  
**Yes.** The XRD patterns in Fig. 2(a–d) clearly show a **superstructure reflection at (100)** for all four powder variants (BM-200, BM-280, GA-FP, GA-CP) in their initial, unreacted state. This (100) peak is characteristic of B2 ordering and cannot be indexed to the disordered BCC structure (for which (100) is systematically absent due to body-centering extinction rules).

**Is the B2 phase a High Entropy Intermetallic?**  
**Yes, partially.** The B2 phase in this alloy is best described as a **partially ordered intermetallic phase embedded within a high-entropy solid solution**. However, a nuanced classification is required:

---

### Classification Rationale

| Criterion | Assessment |
|-----------|------------|
| **Is it a fully ordered intermetallic?** | **No** — The B2 phase is not a stoichiometric compound (like NiAl, FeAl, etc.) but rather a partially ordered derivative of the BCC solid solution. |
| **Is it disordered (pure HEA solid solution)?** | **No** — The presence of the (100) superlattice peak confirms partial ordering. |
| **Is it a High Entropy Intermetallic?** | **Partially** — It is more accurately described as a **B2-ordered high-entropy intermetallic domain** or a **partially ordered BCC high-entropy phase**. |

**Important nuance:** The paper describes the overall structure as a **""dual-phase solid-solution structure comprising both BCC and FCC phases, along with detectable B2-type ordered phase.""** This means:
- The majority phases are **disordered solid solutions** (BCC + FCC) — these are conventional HEA phases.
- The B2 phase exists as **nanoscale ordered domains** within the BCC matrix, not as a separate bulk intermetallic compound.
- The B2 phase is **not a stoichiometric intermetallic** (such as Ni₃Al or FeAl) but rather a **partially ordered high-entropy intermetallic** where Al and Ni show preferential site occupancy.

---

### Key Characteristics of the B2 Phase (Initial State)

| Property | Value |
|----------|-------|
| **Structure** | Ordered Body-Centered Cubic (CsCl-type) |
| **Space group** | *Pm̅3m* (No. 221) |
| **Superlattice reflection** | (100) — present in XRD |
| **Degree of ordering** | Not quantified (no long-range order parameter (S) reported) |
| **Site preference** | Al and Ni preferentially occupy alternating sublattice sites (inferred from literature on Al-containing HEAs; not measured in this study) |
| **Distribution** | Nanoscale ordered domains within BCC matrix |
| **Present in all four powder variants?** | **Yes** — BM-200, BM-280, GA-FP, GA-CP all show (100) reflection |
| **Stability during catalysis** | Bulk structure unchanged after reaction (XRD in Fig. 4a shows no new peaks or loss of B2 reflection) |

---

### Comparison of Phase Fractions (Initial State)

| Powder | BCC (disordered) | B2 (partially ordered) | FCC (disordered) |
|--------|------------------|------------------------|------------------|
| BM-280 | ✓ (strong) | ✓ (detectable) | ✓ (**more pronounced** intensity) |
| BM-200 | ✓ (strong) | ✓ (detectable) | ✓ (**more pronounced** intensity) |
| GA-FP | ✓ (strong) | ✓ (detectable) | ✓ (less intense) |
| GA-CP | ✓ (strong) | ✓ (detectable) | ✓ (less intense) |

**Observation:** The paper explicitly states that ""the relative intensity of the FCC phase is more pronounced in the ball-milled powders,"" indicating that **ball milling increases the FCC phase fraction** relative to gas atomization. The B2 phase remains detectable in all cases but its fraction relative to disordered BCC is not quantified.

---

### Conclusion

**Yes, the FeCoNiCuAl (AlCoCuFeNi) HEA forms a partially ordered structure** in its initial state before any oxidation or catalytic reaction. This alloy can be classified as containing:

1. **Disordered HEA solid solutions** (majority: BCC + FCC) — conventional HEA phases.
2. **B2-ordered high-entropy intermetallic domains** (minority: partially ordered) — this is the partially ordered component.

**Classification as High Entropy Intermetallic:**  
The B2 phase qualifies as a **partially ordered high-entropy intermetallic** — it is:

- **Not** a fully ordered stoichiometric intermetallic (like NiAl with fixed 50:50 composition)
- **Not** a completely disordered solid solution (due to the (100) superlattice reflection)
- **Rather** a partially ordered intermetallic phase where multiple elements (not just two) participate in the lattice, albeit with preferential Al-Ni site ordering

**Important caveat:** The paper does **not** quantify the degree of order (long-range order parameter S) or the exact composition of the B2 phase. The inference of Al-Ni site preference is based on general literature knowledge of Al-containing HEAs (e.g., AlCoCrFeNi systems), not on direct experimental evidence in this study. The B2 phase composition could involve all five elements to varying degrees.

---

### Summary Table

| Alloy (Initial State) | BCC Disordered | B2 Partially Ordered (High Entropy Intermetallic) | FCC Disordered | Overall Classification |
|-----------------------|----------------|---------------------------------------------------|----------------|------------------------|
| **FeCoNiCuAl (BM-200)** | ✓ | ✓ | ✓ | Dual-phase HEA + partially ordered intermetallic |
| **FeCoNiCuAl (BM-280)** | ✓ | ✓ | ✓ | Dual-phase HEA + partially ordered intermetallic |
| **FeCoNiCuAl (GA-FP)** | ✓ | ✓ | ✓ | Dual-phase HEA + partially ordered intermetallic |
| **FeCoNiCuAl (GA-CP)** | ✓ | ✓ | ✓ | Dual-phase HEA + partially ordered intermetallic |

**All four variants are identical in phase constitution** — they differ only in crystallite size, strain, phase fractions, and surface morphology due to processing history.","```json
{
  ""FeCoNiCuAl_BM200"": {
    ""chemical_formula"": ""AlCoCuFeNi"",
    ""composition"": {
      ""Al"": 20,
      ""Co"": 20,
      ""Cu"": 20,
      ""Fe"": 20,
      ""Ni"": 20
    },
    ""number_of_elements"": 5,
    ""crystallographic_phases"": [
      {
        ""phase_type"": ""solid solution"",
        ""chemical_formula"": ""AlCoCuFeNi"",
        ""crystallographic_state"": ""crystalline"",
        ""structure"": ""body-centered cubic"",
        ""space_group"": ""Im-3m"",
        ""detection_method"": ""XRD"",
        ""details"": ""Disordered BCC solid solution; peaks indexed to (110), (200), (211), (220); broadened peaks indicate fine crystallite size and lattice strain from ball milling""
      },
      {
        ""phase_type"": ""solid solution"",
        ""chemical_formula"": ""AlCoCuFeNi"",
        ""crystallographic_state"": ""crystalline"",
        ""structure"": ""face-centered cubic"",
        ""space_group"": ""Fm-3m"",
        ""detection_method"": ""XRD"",
        ""details"": ""Disordered FCC solid solution; peaks indexed to (111), (200), (220), (311); more pronounced intensity compared to gas-atomized powders, indicating increased FCC fraction from mechanical deformation""
      },
      {
        ""phase_type"": ""intermetallic (partially ordered)"",
        ""chemical_formula"": ""AlNi-rich (B2-type, approximate)"",
        ""crystallographic_state"": ""crystalline"",
        ""structure"": ""ordered body-centered cubic (CsCl-type, B2)"",
        ""space_group"": ""Pm-3m"",
        ""detection_method"": ""XRD"",
        ""details"": ""B2 ordered phase identified by (100) superlattice reflection; partially ordered high-entropy intermetallic domains within BCC matrix; Al and Ni preferentially occupy alternating sublattice sites (inferred from literature, not directly measured)""
      }
    ],
    ""precipitates"": [],
    ""synthesis_or_calculation"": {
      ""type"": ""experimental"",
      ""method"": ""arc melting → single-roller melt-spinning → mechanical ball milling"",
      ""parameters"": {
        ""arc_melting"": {
          ""atmosphere"": ""gettered argon"",
          ""raw_material_purity"": "">99.9% each element"",
          ""temperature"": ""not specified"",
          ""time"": ""not specified""
        },
        ""melt_spinning"": {
          ""atmosphere"": ""argon"",
          ""cooling_rate"": ""not specified (typical 10^4-10^6 K/s)"",
          ""wheel_speed"": ""not specified""
        },
        ""ball_milling"": {
          ""duration"": ""90 minutes"",
          ""rotational_speed"": ""200 rpm"",
          ""ball_to_material_ratio"": ""20:1"",
          ""ball_material"": ""steel"",
          ""ball_diameter"": ""8 mm and 6 mm mixed""
        }
      }
    },
    ""theoretical_details"": null,
    ""special_conditions"": ""Partially ordered B2 phase present in initial state before oxidation/catalysis; ball milling induces residual stress, high defect density, and increased FCC phase fraction"",
    ""phase_classification"": ""Mixed Solution""
  },
  ""FeCoNiCuAl_BM280"": {
    ""chemical_formula"": ""AlCoCuFeNi"",
    ""composition"": {
      ""Al"": 20,
      ""Co"": 20,
      ""Cu"": 20,
      ""Fe"": 20,
      ""Ni"": 20
    },
    ""number_of_elements"": 5,
    ""crystallographic_phases"": [
      {
        ""phase_type"": ""solid solution"",
        ""chemical_formula"": ""AlCoCuFeNi"",
        ""crystallographic_state"": ""crystalline"",
        ""structure"": ""body-centered cubic"",
        ""space_group"": ""Im-3m"",
        ""detection_method"": ""XRD"",
        ""details"": ""Disordered BCC solid solution; peaks indexed to (110), (200), (211), (220); broadest peaks among all variants, indicating smallest crystallite size and highest lattice strain from more intense ball milling""
      },
      {
        ""phase_type"": ""solid solution"",
        ""chemical_formula"": ""AlCoCuFeNi"",
        ""crystallographic_state"": ""crystalline"",
        ""structure"": ""face-centered cubic"",
        ""space_group"": ""Fm-3m"",
        ""detection_method"": ""XRD"",
        ""details"": ""Disordered FCC solid solution; peaks indexed to (111), (200), (220), (311); most pronounced FCC intensity among all variants, suggesting highest FCC fraction due to severe plastic deformation""
      },
      {
        ""phase_type"": ""intermetallic (partially ordered)"",
        ""chemical_formula"": ""AlNi-rich (B2-type, approximate)"",
        ""crystallographic_state"": ""crystalline"",
        ""structure"": ""ordered body-centered cubic (CsCl-type, B2)"",
        ""space_group"": ""Pm-3m"",
        ""detection_method"": ""XRD"",
        ""details"": ""B2 ordered phase identified by (100) superlattice reflection; partially ordered high-entropy intermetallic domains; remains present after catalytic reaction (XRD unchanged, Fig. 4a)""
      }
    ],
    ""precipitates"": [],
    ""synthesis_or_calculation"": {
      ""type"": ""experimental"",
      ""method"": ""arc melting → single-roller melt-spinning → mechanical ball milling"",
      ""parameters"": {
        ""arc_melting"": {
          ""atmosphere"": ""gettered argon"",
          ""raw_material_purity"": "">99.9% each element"",
          ""temperature"": ""not specified"",
          ""time"": ""not specified""
        },
        ""melt_spinning"": {
          ""atmosphere"": ""argon"",
          ""cooling_rate"": ""not specified"",
          ""wheel_speed"": ""not specified""
        },
        ""ball_milling"": {
          ""duration"": ""90 minutes"",
          ""rotational_speed"": ""280 rpm"",
          ""ball_to_material_ratio"": ""20:1"",
          ""ball_material"": ""steel"",
          ""ball_diameter"": ""8 mm and 6 mm mixed""
        }
      }
    },
    ""theoretical_details"": null,
    ""special_conditions"": ""Partially ordered B2 phase present in initial state before oxidation; highest residual stress and defect density among all variants; superior catalytic performance attributed to in-situ nanoporous structure formation and nanoscale active sites during reaction"",
    ""phase_classification"": ""Mixed Solution""
  },
  ""FeCoNiCuAl_GA_FP"": {
    ""chemical_formula"": ""AlCoCuFeNi"",
    ""composition"": {
      ""Al"": 20,
      ""Co"": 20,
      ""Cu"": 20,
      ""Fe"": 20,
      ""Ni"": 20
    },
    ""number_of_elements"": 5,
    ""crystallographic_phases"": [
      {
        ""phase_type"": ""solid solution"",
        ""chemical_formula"": ""AlCoCuFeNi"",
        ""crystallographic_state"": ""crystalline"",
        ""structure"": ""body-centered cubic"",
        ""space_group"": ""Im-3m"",
        ""detection_method"": ""XRD"",
        ""details"": ""Disordered BCC solid solution; sharp peaks indexed to (110), (200), (211), (220); high crystallinity and coarse crystallite size typical of gas atomization""
      },
      {
        ""phase_type"": ""solid solution"",
        ""chemical_formula"": ""AlCoCuFeNi"",
        ""crystallographic_state"": ""crystalline"",
        ""structure"": ""face-centered cubic"",
        ""space_group"": ""Fm-3m"",
        ""detection_method"": ""XRD"",
        ""details"": ""Disordered FCC solid solution; sharp peaks indexed to (111), (200), (220), (311); lower relative intensity compared to ball-milled powders""
      },
      {
        ""phase_type"": ""intermetallic (partially ordered)"",
        ""chemical_formula"": ""AlNi-rich (B2-type, approximate)"",
        ""crystallographic_state"": ""crystalline"",
        ""structure"": ""ordered body-centered cubic (CsCl-type, B2)"",
        ""space_group"": ""Pm-3m"",
        ""detection_method"": ""XRD"",
        ""details"": ""B2 ordered phase identified by (100) superlattice reflection; partially ordered high-entropy intermetallic domains; remains present after catalytic reaction (XRD unchanged, Fig. 4a)""
      }
    ],
    ""precipitates"": [],
    ""synthesis_or_calculation"": {
      ""type"": ""experimental"",
      ""method"": ""gas atomization (commercial, purchased as-received)"",
      ""parameters"": {
        ""supplier"": ""Beijing Yijin New Material Technology Co., Ltd"",
        ""particle_size"": ""fine fraction ('FP' designation)"",
        ""atmosphere"": ""not specified (typical inert gas)"",
        ""temperature"": ""not specified""
      }
    },
    ""theoretical_details"": null,
    ""special_conditions"": ""Partially ordered B2 phase present in initial state before oxidation; spherical morphology with smooth surfaces; post-reaction shows only thin fluffy corrosion layer; lower catalytic activity than ball-milled variants"",
    ""phase_classification"": ""Mixed Solution""
  },
  ""FeCoNiCuAl_GA_CP"": {
    ""chemical_formula"": ""AlCoCuFeNi"",
    ""composition"": {
      ""Al"": 20,
      ""Co"": 20,
      ""Cu"": 20,
      ""Fe"": 20,
      ""Ni"": 20
    },
    ""number_of_elements"": 5,
    ""crystallographic_phases"": [
      {
        ""phase_type"": ""solid solution"",
        ""chemical_formula"": ""AlCoCuFeNi"",
        ""crystallographic_state"": ""crystalline"",
        ""structure"": ""body-centered cubic"",
        ""space_group"": ""Im-3m"",
        ""detection_method"": ""XRD"",
        ""details"": ""Disordered BCC solid solution; sharp peaks indexed to (110), (200), (211), (220); high crystallinity, largest particle size among all variants""
      },
      {
        ""phase_type"": ""solid solution"",
        ""chemical_formula"": ""AlCoCuFeNi"",
        ""crystallographic_state"": ""crystalline"",
        ""structure"": ""face-centered cubic"",
        ""space_group"": ""Fm-3m"",
        ""detection_method"": ""XRD"",
        ""details"": ""Disordered FCC solid solution; sharp peaks indexed to (111), (200), (220), (311); lower relative intensity compared to ball-milled powders""
      },
      {
        ""phase_type"": ""intermetallic (partially ordered)"",
        ""chemical_formula"": ""AlNi-rich (B2-type, approximate)"",
        ""crystallographic_state"": ""crystalline"",
        ""structure"": ""ordered body-centered cubic (CsCl-type, B2)"",
        ""space_group"": ""Pm-3m"",
        ""detection_method"": ""XRD"",
        ""details"": ""B2 ordered phase identified by (100) superlattice reflection; partially ordered high-entropy intermetallic domains""
      }
    ],
    ""precipitates"": [],
    ""synthesis_or_calculation"": {
      ""type"": ""experimental"",
      ""method"": ""gas atomization (commercial, purchased as-received)"",
      ""parameters"": {
        ""supplier"": ""Beijing Yijin New Material Technology Co., Ltd"",
        ""particle_size"": ""coarse fraction ('CP' designation)"",
        ""atmosphere"": ""not specified (typical inert gas)"",
        ""temperature"": ""not specified""
      }
    },
    ""theoretical_details"": null,
    ""special_conditions"": ""Partially ordered B2 phase present in initial state before oxidation; spherical morphology with smooth surfaces; lowest specific surface area and lowest catalytic activity among all variants"",
    ""phase_classification"": ""Mixed Solution""
  }
}
```",True,d6ra03618j,rsc,https://pubs.rsc.org/ra/article/doi/10.1039/d6ra03618j/1285805/Enhanced-degradation-of-tetracycline-TC-by,Enhanced degradation of tetracycline (TC) by FeCoNiCuAl high-entropy alloy powders through ball milling,Hong Li;Lijuan Zhou;Hongjie Nie;Junwei Gui;Bowen Zhao,https://doi.org/10.1039/d6ra03618j,
3,parsed_output-10.1038-s41467-024-50009-5.pdf.md,parsed_output-10.1038-s41467-024-50009-5.pdf.md,"Based on my analysis of the paper, I have identified the following high entropy alloys (HEAs) that are experimentally synthesized and/or directly investigated in the results sections of the paper. I have excluded those mentioned only in the introduction or cited references.

The main catalyst is PdPtRuCuNi. In addition, the paper synthesizes a series of quaternary catalysts by removing one element at a time, as well as a ternary PdPtRu catalyst. The DFT calculations also use the specific composition Pd₂₁Pt₁₃Ru₂₀Cu₂₄Ni₂₂.

Here are the results, with elements alphabetically sorted in each formula:

1.  **CuNiPdPtRu** (Main catalyst, PdPtRuCuNi HEA)
    - Number of elements: 5
    - Chemical formula: CuNiPdPtRu
    - Compositional note: Atomic ratio approximately 21:13:20:24:22 for Pd, Pt, Ru, Cu, and Ni, respectively.

2.  **CuNiPdPtRu** (DFT model of the main catalyst)
    - Number of elements: 5
    - Chemical formula: Cu₂₄Ni₂₂Pd₂₁Pt₁₃Ru₂₀ (same elements, explicit stoichiometry used in calculations)

3.  **CuNiPtRu** (Quaternary catalyst without Pd)
    - Number of elements: 4
    - Chemical formula: CuNiPtRu

4.  **CuNiPdRu** (Quaternary catalyst without Pt)
    - Number of elements: 4
    - Chemical formula: CuNiPdRu

5.  **CuNiPdPt** (Quaternary catalyst without Ru)
    - Number of elements: 4
    - Chemical formula: CuNiPdPt

6.  **NiPdPtRu** (Quaternary catalyst without Cu)
    - Number of elements: 4
    - Chemical formula: NiPdPtRu

7.  **CuPdPtRu** (Quaternary catalyst without Ni)
    - Number of elements: 4
    - Chemical formula: CuPdPtRu

8.  **PdPtRu** (Ternary catalyst)
    - Number of elements: 3
    - Chemical formula: PdPtRu

**Note:** The paper does not report any alloys with variable stoichiometry (e.g., with x values). All listed alloys have fixed (or nominally equimolar or specifically measured) compositions. No variables like ""x"" were used in any of the formulas for the alloys synthesized or calculated in this study.","Based on the paper's characterization data, here is the crystallographic analysis for each identified high entropy alloy:

---

### 1. CuNiPdPtRu (Main HEA, PdPtRuCuNi)
- **Crystallographic state:** Single-phase crystalline solid solution
- **Structure:** Face-centered cubic (fcc)
- **Space group:** Fm-3m (225)
- **Evidence:** XRD shows two broad peaks at 2θ = 41.4° (111) and 47.4° (200), corresponding to fcc crystalline planes. HRTEM shows interplanar spacing of ~2.20 Å, consistent with fcc (111) planes.
- **Precipitates:** None reported. HAADF-STEM/EDS mapping shows homogeneous distribution of all five elements without phase segregation.

---

### 2. Cu₂₄Ni₂₂Pd₂₁Pt₁₃Ru₂₀ (DFT model of main HEA)
- **Crystallographic state:** Modeled as fcc solid solution (from DFT calculations)
- **Structure:** Face-centered cubic (fcc)
- **Space group:** Fm-3m (225)
- **Evidence:** The calculations use the experimental fcc lattice constant (average of 3.771 Å from five SQS models). This is a computational model, not experimentally characterized separately.
- **Precipitates:** N/A (computational)

---

### 3. CuNiPtRu (Quaternary without Pd)
- **Crystallographic state:** Single-phase fcc solid solution (assumed, based on supplementary characterization)
- **Structure:** Face-centered cubic (fcc)
- **Space group:** Fm-3m (225)
- **Evidence:** Supplementary Figures 9–19 provide XRD, TEM, and EDS data confirming single-phase alloy formation with homogeneous elemental distribution. Specific d-spacings are consistent with fcc.
- **Precipitates:** None reported in supplementary micrography.

---

### 4. CuNiPdRu (Quaternary without Pt)
- **Crystallographic state:** Single-phase fcc solid solution
- **Structure:** Face-centered cubic (fcc)
- **Space group:** Fm-3m (225)
- **Evidence:** XRD patterns in Supplementary Figures show fcc peaks with no additional reflections. EDS mapping confirms homogeneous mixing.
- **Precipitates:** None reported.

---

### 5. CuNiPdPt (Quaternary without Ru)
- **Crystallographic state:** Single-phase fcc solid solution
- **Structure:** Face-centered cubic (fcc)
- **Space group:** Fm-3m (225)
- **Evidence:** XRD shows fcc structure; TEM/EDS confirms uniform alloying.
- **Precipitates:** None reported.

---

### 6. NiPdPtRu (Quaternary without Cu)
- **Crystallographic state:** Single-phase fcc solid solution
- **Structure:** Face-centered cubic (fcc)
- **Space group:** Fm-3m (225)
- **Evidence:** XRD and TEM characterization (Supplementary Figures) confirm fcc single-phase.
- **Precipitates:** None reported.

---

### 7. CuPdPtRu (Quaternary without Ni)
- **Crystallographic state:** Single-phase fcc solid solution
- **Structure:** Face-centered cubic (fcc)
- **Space group:** Fm-3m (225)
- **Evidence:** XRD confirms fcc; EDS shows homogeneous distribution.
- **Precipitates:** None reported.

---

### 8. PdPtRu (Ternary catalyst)
- **Crystallographic state:** Single-phase fcc solid solution
- **Structure:** Face-centered cubic (fcc)
- **Space group:** Fm-3m (225)
- **Evidence:** Supplementary Figures 21–22 show XRD patterns consistent with fcc alloy, and TEM confirms nanoparticle formation with uniform composition.
- **Precipitates:** None reported.

---

### Summary Table

| # | Chemical Formula | # Elements | Phase Type | Structure | Space Group | Precipitates |
|---|---|---|---|---|---|---|
| 1 | CuNiPdPtRu | 5 | Solid solution | fcc | Fm-3m (225) | None |
| 2 | Cu₂₄Ni₂₂Pd₂₁Pt₁₃Ru₂₀ | 5 | Solid solution (DFT) | fcc | Fm-3m (225) | N/A |
| 3 | CuNiPtRu | 4 | Solid solution | fcc | Fm-3m (225) | None |
| 4 | CuNiPdRu | 4 | Solid solution | fcc | Fm-3m (225) | None |
| 5 | CuNiPdPt | 4 | Solid solution | fcc | Fm-3m (225) | None |
| 6 | NiPdPtRu | 4 | Solid solution | fcc | Fm-3m (225) | None |
| 7 | CuPdPtRu | 4 | Solid solution | fcc | Fm-3m (225) | None |
| 8 | PdPtRu | 3 | Solid solution | fcc | Fm-3m (225) | None |

---

### Additional Notes

- **All alloys** investigated in this paper form a **single-phase fcc solid solution** with no evidence of intermetallic compounds, amorphous phases, or secondary precipitates.
- **XRD limitations:** The paper notes the XRD peaks are broad, which is typical of nanocrystalline materials (~17.5 nm average particle size). No peaks corresponding to oxide phases or elemental segregation were observed, though XPS reveals minor surface oxidation (likely forming a thin oxide passivation layer, not a bulk precipitate).
- **Micrography:** HAADF-STEM/EDS mapping confirmed homogeneous elemental distribution in all alloys, ruling out nanoscale phase separation or precipitate formation that might not be visible in XRD.","Based on the paper, all eight HEAs were **experimentally synthesized** and characterized. In addition, one composition (the main catalyst) was also investigated **theoretically** using Density Functional Theory (DFT). Here is the detailed breakdown:

---

## 1. Theoretical Prediction (DFT) – for Cu₂₄Ni₂₂Pd₂₁Pt₁₃Ru₂₀ (main HEA)

| Parameter | Details |
|---|---|
| **Method** | Density Functional Theory (DFT) using Vienna Ab Initio Simulation Package (VASP) |
| **Exchange-correlation** | Perdew–Burke–Ernzerhof (PBE) form of generalized gradient approximation (GGA) |
| **Dispersion correction** | PBE-D3 with Becke–Johnson damping |
| **Plane wave cutoff** | 500 eV |
| **Electronic self-consistent convergence** | 10⁻⁵ eV |
| **k-point grid** | Monkhorst–Pack 2×3×1 for surface calculations |
| **Spin polarization** | Included for Cu and Ni atoms |
| **Surface slabs** | (111) surfaces, 4×4 unit cells, 4 atom layers (64 atoms), vacuum layer of 15 Å |
| **Structure generation** | 5 Special Quasi-random Structures (SQS) with 108 atoms each; Birch-Murnaghan 4th-order EOS fitting |
| **Lattice constant** | Average of 5 SQS models = 3.771 Å (fcc) |
| **Adsorption calculations** | 192 sites for phenylacetylene (PhA) on 6 slabs; 480 sites for H₂ (192 hollow + 288 bridge) |
| **Transition states** | Nudged Elastic Band (NEB) and Dimer methods |

**Phases/structure obtained from theory:** fcc solid-solution surface models with random elemental occupations. Not a prediction of new phases, but rather a model to explain experimental catalytic behavior (adsorption energies, reaction barriers).

---

## 2. Experimental Synthesis – All 8 HEAs

**Method:** Solvothermal synthesis using acetylacetone metal precursors and HNO₃-oxidized carbon nanofibers (CNFs) as support.

### Step 1: CNF Oxidation (Pre-treatment)
| Parameter | Value |
|---|---|
| **Oxidizing agent** | HNO₃ (65–68%) |
| **Ratio** | 1 g CNF in 100 mL HNO₃ |
| **Temperature** | 80 °C (reflux) |
| **Time** | 6 hours |
| **Separation** | Centrifugation at 8000 rpm, 10 min |
| **Washing/Drying** | Washed with deionized water; freeze-dried for 48 h |

### Step 2: Precursor Solution Preparation
| Parameter | Value |
|---|---|
| **Metal precursors** | Pd(acac)₂ (99%), Pt(acac)₂ (97%), Ru(acac)₃ (97%), Ni(acac)₂ (95%), Cu(acac)₂ (97%) |
| **Concentration** | Single metal concentration of 1×10⁻³ mol/L per precursor |
| **Solvent** | Ethanol:acetone (1:1 v/v) |
| **Support** | 2 mg CNFs in 7 mL precursor solution |
| **Mixing** | Stirring + ultrasonication for 8 h |

### Step 3: Solvothermal Synthesis
| Parameter | Value |
|---|---|
| **Reactor** | Teflon-lined stainless steel autoclave |
| **Temperature** | 220 °C |
| **Time** | 4 hours |
| **Cooling** | Furnace cooling to ambient temperature |
| **Separation** | Centrifugation at 5000 rpm, 10 min |
| **Washing** | Twice with ethanol and acetone |
| **Drying** | 60 °C for 6 h |

### Alloy Compositions Synthesized

| Alloy | Precursors Used | Nominal Composition |
|---|---|---|
| PdPtRuCuNi (main) | All 5 precursors | Pd:Pt:Ru:Cu:Ni ≈ 21:13:20:24:22 (ICP-OES measured) |
| PtRuCuNi | Pt, Ru, Cu, Ni precursors | Quaternary (no Pd) |
| PdRuCuNi | Pd, Ru, Cu, Ni precursors | Quaternary (no Pt) |
| PdPtCuNi | Pd, Pt, Cu, Ni precursors | Quaternary (no Ru) |
| PdPtRuNi | Pd, Pt, Ru, Ni precursors | Quaternary (no Cu) |
| PdPtRuCu | Pd, Pt, Ru, Cu precursors | Quaternary (no Ni) |
| PdPtRu | Pd, Pt, Ru precursors | Ternary (no Cu, Ni) |

**Phases/structure obtained from synthesis:** Single-phase fcc solid-solution nanoparticles (~17.5 ± 12.5 nm average size) supported on CNFs, nanocrystalline, with homogeneous elemental distribution. Minor surface oxides observed by XPS (from surface oxidation during handling).

---

## 3. Post-Processing

**Thermo-mechanical post-processing:** None of the as-synthesized catalysts underwent any additional annealing, quenching, rolling, or other thermo-mechanical treatment. The synthesis was complete after the solvothermal step and drying.

**However, the following treatments were applied to catalysts and composites for specific measurements:**

| Treatment | Purpose | Parameters | Alloys Affected |
|---|---|---|---|
| **Pre-baking before hydrogen uptake** | Remove adsorbed water vapor | Vacuum, 50 °C, ≥10 h | All catalyst/DEB composites tested |
| **H₂-TPD pre-treatment** | Remove adsorbed water for TPD analysis | 200 °C, 30 min, under Ar flow (50 mL·min⁻¹) | PdPtRuCuNi/CNFs and commercial Pd/C |
| **Microwave digestion** | ICP-OES sample preparation | Dissolved in HNO₃ via microwave digestion | All synthesized catalysts |
| **Catalyst recycling test** | Stability evaluation | 4 consecutive uses for toluene hydrogenation | PdPtRuCuNi/CNFs |

**Note:** These treatments were analytical/preparative procedures, not structural post-processing. None altered the alloy phase or structure. The fcc solid-solution phase remained stable throughout all testing.

---

## 4. Summary of Phase Evolution Across Stages

| Stage | Phase/Structure | Notes |
|---|---|---|
| **Theoretical (DFT)** | fcc solid solution (modeled) | Purely computational; used to rationalize catalytic performance |
| **After synthesis** | Single-phase fcc nanocrystalline solid solution | ~17.5 nm particles, homogeneous element distribution |
| **After any pre-treatment/testing** | Single-phase fcc solid solution (unchanged) | No phase transformation, no precipitation, no segregation observed |

---

## Key Uncertainties

- The paper does not specify the exact stoichiometric ratios of the quaternary and ternary catalysts (only states ""similar loadings"" to the main catalyst). Exact compositions are implied to be nominally equimolar from the precursor concentrations but are not explicitly tabulated in the main text.
- No post-synthesis annealing was performed; the catalysts were used as-prepared.","Based on my thorough analysis of the paper, **none of the identified high entropy alloys form a partially ordered structure or High Entropy Intermetallic compound.** All alloys exist exclusively as **disordered single-phase face-centered cubic (fcc) solid solutions.**

Here is the detailed classification for each alloy:

---

### Crystallographic Classification Summary

| # | Chemical Formula | Number of Elements | Structure | Ordered/Intermetallic? | Classification |
|---|---|---|---|---|---|
| 1 | CuNiPdPtRu (PdPtRuCuNi) | 5 | fcc solid solution | **No** – fully disordered | High Entropy Alloy (HEA) |
| 2 | Cu₂₄Ni₂₂Pd₂₁Pt₁₃Ru₂₀ (DFT model) | 5 | fcc solid solution | **No** – disordered (SQS models) | High Entropy Alloy (HEA) |
| 3 | CuNiPtRu | 4 | fcc solid solution | **No** – fully disordered | Medium/High Entropy Alloy |
| 4 | CuNiPdRu | 4 | fcc solid solution | **No** – fully disordered | Medium/High Entropy Alloy |
| 5 | CuNiPdPt | 4 | fcc solid solution | **No** – fully disordered | Medium/High Entropy Alloy |
| 6 | NiPdPtRu | 4 | fcc solid solution | **No** – fully disordered | Medium/High Entropy Alloy |
| 7 | CuPdPtRu | 4 | fcc solid solution | **No** – fully disordered | Medium/High Entropy Alloy |
| 8 | PdPtRu | 3 | fcc solid solution | **No** – fully disordered | Medium Entropy Alloy |

---

### Evidence Supporting Disordered Solid Solution Classification

1. **XRD Analysis:** All alloys exhibit only two broad peaks at 2θ ≈ 41.4° and 47.4°, corresponding to the (111) and (200) reflections of a single-phase fcc structure. **No superlattice reflections** (e.g., (100), (110), or (210) peaks characteristic of ordered structures like L1₀, L1₂, or B2) were observed in any XRD pattern.

2. **HRTEM/HAADF-STEM:** The high-resolution images show uniform lattice fringes with an interplanar spacing of ~2.20 Å, consistent with fcc (111) planes. No evidence of ordered domains, antiphase boundaries, or superlattice contrast was observed.

3. **EDS Elemental Mapping:** All five elements are homogeneously distributed within each nanoparticle, with no evidence of elemental segregation, clustering, or chemical ordering that would indicate an intermetallic phase.

4. **DFT Calculations:** The theoretical models used Special Quasi-random Structures (SQS) to approximate the fully disordered solid solution. This approach explicitly assumes a random elemental distribution, confirming that the alloy is treated as a disordered solid solution, not an ordered intermetallic.

5. **XPS/XANES Analysis:** The electronic structure analysis reveals shifts in binding energies consistent with alloying effects in a random solid solution, not with the formation of specific intermetallic phases with defined stoichiometry and long-range order.

6. **EXAFS Analysis:** The Fourier transforms of EXAFS show shortened Me–Me bond distances and reduced coordination numbers compared to pure metal foils, consistent with a disordered alloy with atomic-scale heterogeneity. No evidence of ordered coordination shells characteristic of intermetallics.

---

### Oxidation Considerations

Regarding the paper's focus on surface oxidation:

- **Initial state (as-synthesized, before any oxidation study):** XPS analysis reveals that a small number of metal oxides are present on the nanoparticle surfaces, likely originating from ambient surface oxidation upon exposure to air after synthesis. However, this surface oxidation does not represent a bulk phase transformation or the formation of an ordered intermetallic-oxide structure. The bulk of each nanoparticle remains a disordered fcc solid solution.
- **The paper does not report any dedicated oxidation studies** of the alloys. The surface oxides detected by XPS are incidental (from air exposure) and do not constitute a separate alloy phase. No alloy was deliberately oxidized for structural analysis.

---

### Conclusion

**None of the alloys in this study form a High Entropy Intermetallic compound.** All eight alloys (including the DFT model) are **disordered single-phase fcc solid solutions**, consistent with the conventional definition of high entropy alloys as random solid solutions. The paper does not report any partially ordered structures, intermetallic phases, or ordered superstructures in any of the synthesized catalysts.","```json
{
  ""CuNiPdPtRu"": {
    ""chemical_formula"": ""CuNiPdPtRu"",
    ""composition"": {
      ""Cu"": 24,
      ""Ni"": 22,
      ""Pd"": 21,
      ""Pt"": 13,
      ""Ru"": 20
    },
    ""number_of_elements"": 5,
    ""crystallographic_phases"": [
      {
        ""phase_type"": ""solid solution"",
        ""chemical_formula"": ""CuNiPdPtRu"",
        ""crystallographic_state"": ""crystalline"",
        ""structure"": ""face-centered cubic"",
        ""space_group"": ""Fm-3m"",
        ""detection_method"": ""XRD, HRTEM, SAED"",
        ""details"": ""Single-phase fcc solid solution. XRD peaks at 2θ = 41.4° (111) and 47.4° (200). HRTEM interplanar spacing ~2.20 Å. Homogeneous elemental distribution confirmed by EDS mapping.""
      }
    ],
    ""precipitates"": [],
    ""synthesis_or_calculation"": {
      ""type"": ""experimental"",
      ""method"": ""Solvothermal synthesis with acetylacetone precursors on HNO₃-oxidized carbon nanofibers"",
      ""parameters"": {
        ""precursors"": ""Pd(acac)₂, Pt(acac)₂, Ru(acac)₃, Cu(acac)₂, Ni(acac)₂"",
        ""precursor_concentration"": ""1×10⁻³ mol/L each"",
        ""solvent"": ""Ethanol:acetone (1:1 v/v)"",
        ""support_mass"": ""2 mg CNFs"",
        ""solution_volume"": ""7 mL"",
        ""mixing"": ""Ultrasonication for 8 h"",
        ""temperature"": ""220 °C"",
        ""time"": ""4 h"",
        ""autoclave"": ""Teflon-lined stainless steel"",
        ""cooling"": ""Furnace cooling to ambient"",
        ""centrifugation"": ""5000 rpm, 10 min"",
        ""washing"": ""Ethanol and acetone (2×)"",
        ""drying"": ""60 °C for 6 h""
      }
    },
    ""theoretical_details"": {
      ""type"": ""DFT"",
      ""method"": ""VASP with PAW method, PBE-GGA functional, PBE-D3 dispersion correction"",
      ""parameters"": {
        ""cutoff_energy"": ""500 eV"",
        ""electronic_convergence"": ""10⁻⁵ eV"",
        ""k-point_grid"": ""Monkhorst-Pack 2×3×1"",
        ""spin_polarization"": ""Cu and Ni"",
        ""lattice_constant"": ""3.771 Å (average of 5 SQS models)"",
        ""surface_slabs"": ""(111), 4×4 cells, 4 layers, 64 atoms, 15 Å vacuum"",
        ""adsorption_sites"": ""192 for PhA, 480 for H₂"",
        ""transition_state"": ""NEB and Dimer methods""
      }
    },
    ""special_conditions"": ""Minor surface oxidation detected by XPS (from air exposure), but bulk remains disordered fcc. No partial ordering observed. Homogeneous distribution verified by HAADF-STEM/EDS."",
    ""phase_classification"": ""Single Solid Solution""
  },
  ""Cu24Ni22Pd21Pt13Ru20"": {
    ""chemical_formula"": ""Cu₂₄Ni₂₂Pd₂₁Pt₁₃Ru₂₀"",
    ""composition"": {
      ""Cu"": 24,
      ""Ni"": 22,
      ""Pd"": 21,
      ""Pt"": 13,
      ""Ru"": 20
    },
    ""number_of_elements"": 5,
    ""crystallographic_phases"": [
      {
        ""phase_type"": ""solid solution (theoretical model)"",
        ""chemical_formula"": ""Cu₂₄Ni₂₂Pd₂₁Pt₁₃Ru₂₀"",
        ""crystallographic_state"": ""crystalline"",
        ""structure"": ""face-centered cubic"",
        ""space_group"": ""Fm-3m"",
        ""detection_method"": ""DFT (computational)"",
        ""details"": ""Modeled using Special Quasi-random Structures (SQS) with 108 atoms each, 5 configurations. Disordered solid solution. Used for adsorption energy and reaction barrier calculations.""
      }
    ],
    ""precipitates"": [],
    ""synthesis_or_calculation"": {
      ""type"": ""theoretical"",
      ""method"": ""Density Functional Theory (DFT)"",
      ""parameters"": {
        ""software"": ""VASP"",
        ""functional"": ""PBE-GGA with D3 dispersion"",
        ""cutoff_energy"": ""500 eV"",
        ""k-point_grid"": ""2×3×1"",
        ""surface"": ""(111) slabs, 4 layers, 64 atoms"",
        ""lattice_constant"": ""3.771 Å"",
        ""SQS_models"": ""5 configurations""
      }
    },
    ""theoretical_details"": null,
    ""special_conditions"": ""Computational model only; not experimentally isolated separately from CuNiPdPtRu. Represents the disordered fcc solid solution of the main catalyst."",
    ""phase_classification"": ""Single Solid Solution""
  },
  ""CuNiPtRu"": {
    ""chemical_formula"": ""CuNiPtRu"",
    ""composition"": {},
    ""number_of_elements"": 4,
    ""crystallographic_phases"": [
      {
        ""phase_type"": ""solid solution"",
        ""chemical_formula"": ""CuNiPtRu"",
        ""crystallographic_state"": ""crystalline"",
        ""structure"": ""face-centered cubic"",
        ""space_group"": ""Fm-3m"",
        ""detection_method"": ""XRD, TEM/EDS (Supplementary Figures 9-19)"",
        ""details"": ""Single-phase fcc solid solution. Synthesized by removing Pd from the main catalyst. Homogeneous elemental distribution confirmed.""
      }
    ],
    ""precipitates"": [],
    ""synthesis_or_calculation"": {
      ""type"": ""experimental"",
      ""method"": ""Solvothermal synthesis (same as main catalyst, without Pd precursor)"",
      ""parameters"": {
        ""precursors"": ""Pt(acac)₂, Ru(acac)₃, Cu(acac)₂, Ni(acac)₂"",
        ""precursor_concentration"": ""1×10⁻³ mol/L each"",
        ""solvent"": ""Ethanol:acetone (1:1 v/v)"",
        ""temperature"": ""220 °C"",
        ""time"": ""4 h"",
        ""drying"": ""60 °C for 6 h""
      }
    },
    ""theoretical_details"": null,
    ""special_conditions"": ""No partial ordering. Only alkynyl hydrogenation activity observed (not phenyl)."",
    ""phase_classification"": ""Single Solid Solution""
  },
  ""CuNiPdRu"": {
    ""chemical_formula"": ""CuNiPdRu"",
    ""composition"": {},
    ""number_of_elements"": 4,
    ""crystallographic_phases"": [
      {
        ""phase_type"": ""solid solution"",
        ""chemical_formula"": ""CuNiPdRu"",
        ""crystallographic_state"": ""crystalline"",
        ""structure"": ""face-centered cubic"",
        ""space_group"": ""Fm-3m"",
        ""detection_method"": ""XRD, TEM/EDS (Supplementary Figures 9-19)"",
        ""details"": ""Single-phase fcc solid solution. Synthesized by removing Pt from the main catalyst. Homogeneous elemental distribution confirmed.""
      }
    ],
    ""precipitates"": [],
    ""synthesis_or_calculation"": {
      ""type"": ""experimental"",
      ""method"": ""Solvothermal synthesis (same as main catalyst, without Pt precursor)"",
      ""parameters"": {
        ""precursors"": ""Pd(acac)₂, Ru(acac)₃, Cu(acac)₂, Ni(acac)₂"",
        ""precursor_concentration"": ""1×10⁻³ mol/L each"",
        ""solvent"": ""Ethanol:acetone (1:1 v/v)"",
        ""temperature"": ""220 °C"",
        ""time"": ""4 h"",
        ""drying"": ""60 °C for 6 h""
      }
    },
    ""theoretical_details"": null,
    ""special_conditions"": ""No partial ordering. Only alkynyl hydrogenation activity observed."",
    ""phase_classification"": ""Single Solid Solution""
  },
  ""CuNiPdPt"": {
    ""chemical_formula"": ""CuNiPdPt"",
    ""composition"": {},
    ""number_of_elements"": 4,
    ""crystallographic_phases"": [
      {
        ""phase_type"": ""solid solution"",
        ""chemical_formula"": ""CuNiPdPt"",
        ""crystallographic_state"": ""crystalline"",
        ""structure"": ""face-centered cubic"",
        ""space_group"": ""Fm-3m"",
        ""detection_method"": ""XRD, TEM/EDS (Supplementary Figures 9-19)"",
        ""details"": ""Single-phase fcc solid solution. Synthesized by removing Ru from the main catalyst. Homogeneous elemental distribution confirmed.""
      }
    ],
    ""precipitates"": [],
    ""synthesis_or_calculation"": {
      ""type"": ""experimental"",
      ""method"": ""Solvothermal synthesis (same as main catalyst, without Ru precursor)"",
      ""parameters"": {
        ""precursors"": ""Pd(acac)₂, Pt(acac)₂, Cu(acac)₂, Ni(acac)₂"",
        ""precursor_concentration"": ""1×10⁻³ mol/L each"",
        ""solvent"": ""Ethanol:acetone (1:1 v/v)"",
        ""temperature"": ""220 °C"",
        ""time"": ""4 h"",
        ""drying"": ""60 °C for 6 h""
      }
    },
    ""theoretical_details"": null,
    ""special_conditions"": ""No partial ordering. Partial phenyl hydrogenation observed (14H- and 20H-DEB products)."",
    ""phase_classification"": ""Single Solid Solution""
  },
  ""NiPdPtRu"": {
    ""chemical_formula"": ""NiPdPtRu"",
    ""composition"": {},
    ""number_of_elements"": 4,
    ""crystallographic_phases"": [
      {
        ""phase_type"": ""solid solution"",
        ""chemical_formula"": ""NiPdPtRu"",
        ""crystallographic_state"": ""crystalline"",
        ""structure"": ""face-centered cubic"",
        ""space_group"": ""Fm-3m"",
        ""detection_method"": ""XRD, TEM/EDS (Supplementary Figures 9-19)"",
        ""details"": ""Single-phase fcc solid solution. Synthesized by removing Cu from the main catalyst. Homogeneous elemental distribution confirmed.""
      }
    ],
    ""precipitates"": [],
    ""synthesis_or_calculation"": {
      ""type"": ""experimental"",
      ""method"": ""Solvothermal synthesis (same as main catalyst, without Cu precursor)"",
      ""parameters"": {
        ""precursors"": ""Pd(acac)₂, Pt(acac)₂, Ru(acac)₃, Ni(acac)₂"",
        ""precursor_concentration"": ""1×10⁻³ mol/L each"",
        ""solvent"": ""Ethanol:acetone (1:1 v/v)"",
        ""temperature"": ""220 °C"",
        ""time"": ""4 h"",
        ""drying"": ""60 °C for 6 h""
      }
    },
    ""theoretical_details"": null,
    ""special_conditions"": ""No partial ordering. Reduced reaction rate but maintained full DEB conversion."",
    ""phase_classification"": ""Single Solid Solution""
  },
  ""CuPdPtRu"": {
    ""chemical_formula"": ""CuPdPtRu"",
    ""composition"": {},
    ""number_of_elements"": 4,
    ""crystallographic_phases"": [
      {
        ""phase_type"": ""solid solution"",
        ""chemical_formula"": ""CuPdPtRu"",
        ""crystallographic_state"": ""crystalline"",
        ""structure"": ""face-centered cubic"",
        ""space_group"": ""Fm-3m"",
        ""detection_method"": ""XRD, TEM/EDS (Supplementary Figures 9-19)"",
        ""details"": ""Single-phase fcc solid solution. Synthesized by removing Ni from the main catalyst. Homogeneous elemental distribution confirmed.""
      }
    ],
    ""precipitates"": [],
    ""synthesis_or_calculation"": {
      ""type"": ""experimental"",
      ""method"": ""Solvothermal synthesis (same as main catalyst, without Ni precursor)"",
      ""parameters"": {
        ""precursors"": ""Pd(acac)₂, Pt(acac)₂, Ru(acac)₃, Cu(acac)₂"",
        ""precursor_concentration"": ""1×10⁻³ mol/L each"",
        ""solvent"": ""Ethanol:acetone (1:1 v/v)"",
        ""temperature"": ""220 °C"",
        ""time"": ""4 h"",
        ""drying"": ""60 °C for 6 h""
      }
    },
    ""theoretical_details"": null,
    ""special_conditions"": ""No partial ordering. Reduced reaction rate but maintained full DEB conversion."",
    ""phase_classification"": ""Single Solid Solution""
  },
  ""PdPtRu"": {
    ""chemical_formula"": ""PdPtRu"",
    ""composition"": {},
    ""number_of_elements"": 3,
    ""crystallographic_phases"": [
      {
        ""phase_type"": ""solid solution"",
        ""chemical_formula"": ""PdPtRu"",
        ""crystallographic_state"": ""crystalline"",
        ""structure"": ""face-centered cubic"",
        ""space_group"": ""Fm-3m"",
        ""detection_method"": ""XRD, TEM/EDS (Supplementary Figures 21-22)"",
        ""details"": ""Single-phase fcc solid solution. Ternary catalyst demonstrating the essential trio for full DEB hydrogenation. Achieves nearly 100% DEB conversion.""
      }
    ],
    ""precipitates"": [],
    ""synthesis_or_calculation"": {
      ""type"": ""experimental"",
      ""method"": ""Solvothermal synthesis (same as main catalyst, using only Pd, Pt, and Ru precursors)"",
      ""parameters"": {
        ""precursors"": ""Pd(acac)₂, Pt(acac)₂, Ru(acac)₃"",
        ""precursor_concentration"": ""1×10⁻³ mol/L each"",
        ""solvent"": ""Ethanol:acetone (1:1 v/v)"",
        ""temperature"": ""220 °C"",
        ""time"": ""4 h"",
        ""drying"": ""60 °C for 6 h""
      }
    },
    ""theoretical_details"": null,
    ""special_conditions"": ""No partial ordering. Pd, Pt, and Ru are identified as essential elements for phenyl group hydrogenation."",
    ""phase_classification"": ""Single Solid Solution""
  }
}
```",True,10.1038-s41467-024-50009-5,springer,https://link.springer.com/article/10.1038/s41467-024-50009-5,Ambient hydrogenation of solid aromatics enabled by a high entropy alloy nanocatalyst. ,"Jing, Z., Guo, Y., Wang, Q. et al. ",https://doi.org/10.1038/s41467-024-50009-5,
4,parsed_output-10.1007-s40820-026-02194-9.pdf.md,parsed_output-10.1007-s40820-026-02194-9.pdf.md,"Based on the paper provided, I will identify the high-entropy alloys (HEAs) explicitly discussed in the experimental results and analysis sections, excluding those mentioned only in the introduction or as references. 

The primary high-entropy material is a high-entropy perovskite oxide (HEPO), and the exsolved alloy is classified as a medium-entropy alloy. However, I will include the HEPO since the user's query asks for ""high entropy alloys"" in the context of the paper, and the exsolved alloy is a direct product of the high-entropy system.

Here are the identified alloys, alphabetically sorted within their formulas:

1. **Ni-Fe-Cu alloy (exsolved from SFMMCCN)**
   - Number of elements: 3 (Note: This is a medium-entropy alloy, not high-entropy)
   - Chemical formula: CuFeNi
   - Context: Exsolved nanoparticle alloy from the SFMMCCN perovskite matrix, confirmed by XPS and EDS.

2. **Sr₂Fe₁Mo₀.₂Mn₀.₂Cr₀.₂Cu₀.₂Ni₀.₂O₆₋δ (SFMMCCN)**
   - Number of elements (B-site cations): 6 (Fe, Mo, Mn, Cr, Cu, Ni) – The overall perovskite is classified as high-entropy (ΔSconfig = 1.60 R).
   - Chemical formula: Cr₀.₂Cu₀.₂FeMo₀.₂Mn₀.₂Ni₀.₂O₆₋δSr₂ (Alphabetically sorted: Cr, Cu, Fe, Mo, Mn, Ni, O, Sr)
   - Note: The B-site is the multi-cation site, with Fe at 1.0 and the others at 0.2 each.

3. **Sr₂Fe₁.₅Mo₀.₅O₆₋δ (SFM)** – Used as a comparison material
   - Number of elements (B-site cations): 2 (Fe, Mo) – Low-entropy
   - Chemical formula: Fe₁.₅Mo₀.₅O₆₋δSr₂

4. **Sr₂Fe₁Mo₀.₆Cu₀.₂Ni₀.₂O₆₋δ (SFMCN)** – Used as a comparison material
   - Number of elements (B-site cations): 4 (Fe, Mo, Cu, Ni) – Medium-entropy
   - Chemical formula: Cu₀.₂FeMo₀.₆Ni₀.₂O₆₋δSr₂

**Important Clarification:** The paper's primary high-entropy material is the **perovskite oxide SFMMCCN**, not an alloy in the traditional metallic HEA sense. The exsolved metallic nanoparticles (CuFeNi) are a **medium-entropy alloy** (ΔSconfig = 1.09 R). The paper does not discuss any other exsolved metallic alloys with five or more elements.

Since the query asks for ""each value of x"" and the formulas do not use a variable like Nbₓ, but rather fixed stoichiometric coefficients (e.g., 0.2), I have provided the full formulas directly as stated in the paper.

If you need only traditional metallic HEAs (≥5 elements), then none exist in this paper's experimental section; the only HEA is the oxide SFMMCCN.","Based on the paper provided, I will identify the crystallographic phases for the four materials discussed in the experimental section. It is important to clarify that **none of the metallic systems in this paper qualify as true high-entropy alloys (HEAs)** — the exsolved Ni-Fe-Cu alloy is a **medium-entropy alloy** (ΔSconfig = 1.09 R), while the high-entropy material is a **perovskite oxide** (SFMMCCN, ΔSconfig = 1.60 R). Nevertheless, I will provide full crystallographic details for all materials identified earlier.

---

## 1. Sr₂Fe₁Mo₀.₂Mn₀.₂Cr₀.₂Cu₀.₂Ni₀.₂O₆₋δ (SFMMCCN) — High-Entropy Perovskite Oxide

| Property | Detail |
|----------|--------|
| **Chemical formula** | Cr₀.₂Cu₀.₂FeMo₀.₂Mn₀.₂Ni₀.₂O₆₋δSr₂ |
| **Crystallographic state** | Crystalline (pristine and reduced) |
| **Structure** | Double perovskite (ordered B-site) |
| **Space group** | *Pm-3m* (No. 221) – cubic, as indicated by the double perovskite XRD pattern (Fig. 1a) |
| **Phase nature** | Single-phase solid solution; no secondary phases detected by XRD (Fig. 1a) |
| **Precipitates (not visible in XRD)** | The host matrix is the parent phase; after reduction, it hosts exsolved nanoparticles (see #4). The oxide matrix itself shows no other precipitates. |

**Key notes:**
- Confirmed as high-entropy perovskite (ΔSconfig = 1.60 R pristine; 1.50 R after reduction, Fig. 2d).
- In situ HT-XRD (Fig. 1b, c) shows lattice expansion with temperature due to thermal + chemical expansion, but the cubic structure is retained up to 700 °C.
- After reduction, the matrix remains crystalline with the double perovskite structure intact.

---

## 2. Ni–Fe–Cu Alloy Nanoparticles (Exsolved from SFMMCCN) — Medium-Entropy Alloy

| Property | Detail |
|----------|--------|
| **Chemical formula** | CuFeNi |
| **Crystallographic state** | Crystalline nanoparticles (~20 nm diameter) |
| **Structure** | Face-centered cubic (FCC) – inferred from the alloy peak near 44° in HT-XRD (Fig. 1b, c) and typical Ni-based alloy structure |
| **Space group** | *Fm-3m* (No. 225) – for FCC solid solution |
| **Phase nature** | Metallic solid solution (random alloy of Ni, Fe, Cu); classified as medium-entropy (ΔSconfig = 1.09 R) |
| **Precipitates (not visible in XRD)** | These nanoparticles are the precipitates themselves. They are evident in SEM (Fig. 1d–f), HR-TEM (Fig. 2a, b), and EDS mapping (Fig. 2c). XRD shows only a weak, broad peak near 44° due to their nanoscale size. |

**Key notes:**
- Elemental distribution confirmed homogeneous by EDS (Fig. 2c): Ni, Fe, and Cu co-located in the same nanoparticle.
- Lattice fringe in Fig. 2b shows d = 0.28 nm for the perovskite (110) plane, indicating coherent epitaxial growth of the alloy on the oxide matrix.
- No intermetallic compounds (e.g., Ni₃Fe, Cu₃Ni) were reported – the alloy is a disordered FCC solid solution.

---

## 3. Sr₂Fe₁.₅Mo₀.₅O₆₋δ (SFM) — Low-Entropy Reference Perovskite

| Property | Detail |
|----------|--------|
| **Chemical formula** | Fe₁.₅Mo₀.₅O₆₋δSr₂ |
| **Crystallographic state** | Crystalline |
| **Structure** | Double perovskite (B-site ordered Fe/Mo) |
| **Space group** | *Pm-3m* (No. 221) – cubic (consistent with SFMMCCN pattern in Fig. 1a) |
| **Phase nature** | Single-phase solid solution; no secondary phases |
| **Precipitates (not visible in XRD)** | **None observed.** In situ HT-XRD (Fig. 1b) shows **no** metallic exsolution peak near 44° even at 700 °C under reducing conditions. This confirms SFM does not exsolve metallic nanoparticles, unlike SFMMCCN. |

---

## 4. Sr₂Fe₁Mo₀.₆Cu₀.₂Ni₀.₂O₆₋δ (SFMCN) — Medium-Entropy Reference Perovskite

| Property | Detail |
|----------|--------|
| **Chemical formula** | Cu₀.₂FeMo₀.₆Ni₀.₂O₆₋δSr₂ |
| **Crystallographic state** | Crystalline |
| **Structure** | Double perovskite (B-site with Fe, Mo, Cu, Ni) |
| **Space group** | *Pm-3m* (No. 221) – cubic (assumed similar to SFM and SFMMCCN based on shared synthesis route) |
| **Phase nature** | Single-phase solid solution; no secondary phases in as-synthesized state. XRD pattern was not explicitly shown for SFMCN in the main text (only mentioned in experimental section and catalytic testing), but it is expected to be isostructural to SFM and SFMMCCN. |
| **Precipitates (not visible in XRD)** | The paper does **not** report exsolution for SFMCN in the main figures. Catalytic data (Fig. 4a) shows SFMCN has intermediate NH₃ conversion (57% at 600 °C) vs. SFMMCCN (96%), suggesting some exsolution may occur, but no explicit TEM/XRD evidence was provided in the main text. |

---

## Summary Table of Crystallographic Phases

| Material | Classification | Crystalline State | Structure | Space Group | Phase Nature | Exsolved Precipitates |
|----------|---------------|-------------------|-----------|-------------|--------------|----------------------|
| SFMMCCN (Sr₂FeMo₀.₂Mn₀.₂Cr₀.₂Cu₀.₂Ni₀.₂O₆₋δ) | High-entropy perovskite oxide | Crystalline | Double perovskite (cubic) | *Pm-3m* (221) | Single-phase solid solution | Yes – hosts Ni-Fe-Cu alloy nanoparticles after reduction |
| CuFeNi (exsolved alloy) | Medium-entropy metallic alloy | Crystalline (nanoparticles) | FCC solid solution | *Fm-3m* (225) | Disordered metallic solid solution | N/A (this is the precipitate) |
| SFM (Sr₂Fe₁.₅Mo₀.₅O₆₋δ) | Low-entropy perovskite | Crystalline | Double perovskite (cubic) | *Pm-3m* (221) | Single-phase solid solution | None observed |
| SFMCN (Sr₂FeMo₀.₆Cu₀.₂Ni₀.₂O₆₋δ) | Medium-entropy perovskite | Crystalline | Double perovskite (cubic) | *Pm-3m* (221) | Single-phase solid solution | Not explicitly reported in main text |

---

## Important Clarifications

1. **No true metallic HEA exists in this paper.** The exsolved CuFeNi alloy has only 3 elements (ΔSconfig = 1.09 R), classifying it as **medium-entropy** per the paper's own criteria (Section 3.2, Eq. 2).
2. **The only high-entropy material is SFMMCCN**, which is an **oxide perovskite**, not a metallic alloy.
3. **Space groups are inferred**, not explicitly stated in the paper. The authors report ""double perovskite structures"" via XRD (Fig. 1a) but do not provide space group assignments. The *Pm-3m* assignment is standard for cubic double perovskites like SFM and its derivatives.
4. **Precipitate visibility**: The exsolved Ni-Fe-Cu nanoparticles are clearly visible in SEM (Fig. 1d–f) and HR-TEM (Fig. 2a–c), but only appear as a very weak, broad XRD feature near 44° due to their nanoscale size and low volume fraction.","Based on the paper, the material was developed through a **combination of both theoretical prediction and experimental synthesis**. The theoretical work (DFT) was used to explain and validate the experimental observations rather than to predict the material *a priori*, but both approaches are integral to the study.

Here is the detailed breakdown:

---

## 1. Theoretical Prediction (DFT Calculations)

**Method:** Density Functional Theory (DFT) using the Vienna *ab initio* Simulation Package (VASP)

**Key Parameters:**
- **Exchange-correlation functional:** Perdew–Burke–Ernzerhof generalized gradient approximation (GGA-PBE)
- **DFT+U values:** Mn = 3.9 eV, Cr = 3.7 eV, Cu = 4.0 eV, Ni = 6.2 eV, Mo = 4.38 eV, Fe = 5.3 eV
- **Energy cutoff:** 450 eV
- **K-point mesh:** 1 × 2 × 1 (156-atom perovskite slab); 3 × 3 × 1 (54-atom metal slab)
- **Electronic convergence:** 10⁻⁶ eV per cell
- **Force convergence:** < 1 × 10⁻¹ eV Å⁻¹
- **Vacuum gap:** 20 Å along z-axis
- **Adsorption sites:** For perovskites – lowest-energy metal atop sites; for metals – atop, bridge, FCC, HCP sites

**Theoretical Findings (validating experiment):**
1. **NH₃ decomposition barriers (Stepwise dehydrogenation, Eqs. 4–8):**
   - SFM: 3.40 eV (highest)
   - SFMMCCN: 2.63 eV
   - Ni (bare): 2.09 eV
   - Ni–Fe–Cu alloy: 1.46 eV (lowest)
   - Order: Ni–Fe–Cu (1.46) < Ni (2.09) < SFMMCCN (2.63) < SFM (3.40)

2. **Exsolution thermodynamics:**
   - O 2p band center: SFMMCCN (−3.5 eV) > SFM (−3.8 eV) → easier oxygen vacancy formation in SFMMCCN
   - COHP analysis: ICOHPavg for SFMMCCN (−0.63) > SFM (−0.66) → weaker cation–oxygen bonds in SFMMCCN
   - Element-specific ICOHP: Ni, Cu, Fe have the weakest M–O bonds → they preferentially exsolve (matching experimental alloy composition)

**Predicted Phase:** The DFT models confirmed the stability of the high-entropy perovskite framework and predicted that Ni, Fe, and Cu would exsolve preferentially over Mo, Mn, and Cr, forming a Ni–Fe–Cu alloy — which was later confirmed experimentally.

---

## 2. Experimental Synthesis

**Method:** Sol–gel process (also referred to as citrate–EDTA method)

**Precursors:**
- Sr(NO₃)₂ (strontium nitrate)
- Fe(NO₃)₃·9H₂O (iron nitrate nonahydrate)
- (NH₄)₂MoO₄ (ammonium molybdate)
- Mn(NO₃)₂·6H₂O (manganese nitrate hexahydrate)
- Cr(NO₃)₃·9H₂O (chromium nitrate nonahydrate)
- Cu(NO₃)₂·3H₂O (copper nitrate trihydrate)
- Ni(NO₃)₂·6H₂O (nickel nitrate hexahydrate)

**Synthesis Parameters:**
- **Solvent:** Deionized water
- **Temperature:** 80 °C (during dissolution)
- **Chelating agents:** Ethylenediaminetetraacetic acid (EDTA) + citric acid
- **pH adjustment:** Adjusted to pH = 8 using ammonia
- **Sintering:** Standard sol–gel calcination (exact temperature/duration not specified in the provided text, but typically 800–1100 °C for 2–5 h for such perovskites)

**Products (as-synthesized):**
- SFMMCCN: Single-phase cubic double perovskite (*Pm-3m*), confirmed by XRD (Fig. 1a)
- SFM: Single-phase cubic double perovskite, as reference
- SFMCN: Used as medium-entropy reference (XRD not explicitly shown in main text)

**Single Cell Fabrication (additional processing):**
- **Anode support:** NiO–BZCYYb (6:4 weight ratio)
- **Slurry components:** Ethanol + toluene (solvents), Hypermer KD-1 (dispersant), polyvinyl butyral (binder), di-n-butyl phthalate (plasticizer), poly(methyl methacrylate) (pore former)
- **Cell structure:** SFMMCCN ACL (~30 µm) / NiO–BZCYYb anode functional layer / BZCYYb electrolyte / BSTC cathode
- **ACL deposition:** Uniformly coated on anode, ~30 µm thick

---

## 3. Post-Processing (Thermo-Mechanical Treatments)

### 3a. Reduction/Exsolution (for catalyst powders and cell ACL)

| Parameter | Value |
|-----------|-------|
| **Atmosphere** | 100% H₂ (catalyst testing); 3% H₂/Ar (in situ HT-XRD) |
| **Temperature** | 700 °C |
| **Duration** | 2 h |
| **Cooling** | Not specified (likely furnace cooling) |

**Phase transformation during this step:**
- **Before:** SFMMCCN single-phase perovskite (all B-site cations oxidized: Fe³⁺/⁴⁺, Cu²⁺, Ni²⁺, Mo⁶⁺, Mn³⁺/⁴⁺, Cr³⁺)
- **After:** 
  - **Host matrix:** Retains cubic double perovskite structure (ΔSconfig decreases slightly from 1.60 R to 1.50 R)
  - **Exsolved phase:** FCC Ni–Fe–Cu alloy nanoparticles (~20 nm diameter), coherently embedded in the matrix

**XPS evidence (after reduction):**
- Fe⁰ peak at ~707 eV
- Cu⁰ peaks at ~933 and 953 eV
- Ni⁰ peak at ~852 eV

### 3b. Catalytic Activity Pre-treatment (for powder catalysts)

| Parameter | Value |
|-----------|-------|
| **Atmosphere** | H₂ (50 sccm) |
| **Temperature** | 700 °C |
| **Duration** | 2 h |
| **Sample mass** | 0.2 g |

**Phase change:** Same as above — exsolution of Ni–Fe–Cu alloy from SFMMCCN.

### 3c. Cell Operation (in situ reduction/durability testing)

| Parameter | Value |
|-----------|-------|
| **Fuel** | NH₃ (direct ammonia, anode side) |
| **Temperature** | 550–700 °C (performance); 600 °C (durability, 255 h) |
| **Current density (durability)** | 0.3 A cm⁻² |
| **Duration** | 255+ h |

**Phase changes during operation:**
- **SFMMCCN cell:** Stable; exsolved Ni–Fe–Cu nanoparticles remain dispersed without coalescence; no secondary phases detected post-test (XRD + STEM–EDS)
- **Bare Ni-BZCYYb cell:** Degraded due to:
  - Ni → Ni₃N nitridation/reversion cycles
  - Ni particle coarsening
  - Phase separation of BZCYYb with BaO formation

---

## 4. Summary of Processing Stages and Phase Evolution

| Stage | Process | Conditions | Phases Obtained |
|-------|---------|------------|-----------------|
| **1. Theoretical** | DFT calculations | GGA-PBE + U; 450 eV cutoff | Predicted: Ni, Fe, Cu exsolve preferentially; NH₃ decomposition barriers lowered on Ni–Fe–Cu |
| **2. Synthesis** | Sol–gel (EDTA-citrate) | 80 °C dissolution; pH 8; calcination (temp not fully specified) | Single-phase cubic double perovskite SFMMCCN (ΔS = 1.60 R) |
| **3. Reduction** | H₂ annealing | 700 °C, 2 h, 100% H₂ or 3% H₂/Ar | Two-phase system: (a) high-entropy perovskite matrix (ΔS = 1.50 R) + (b) FCC Ni–Fe–Cu alloy nanoparticles (~20 nm) |
| **4. Cell operation** | Electrochemical testing | 550–700 °C; NH₃ fuel; up to 255 h at 0.3 A cm⁻² | SFMMCCN cell: stable two-phase structure retained; no degradation |

---

## 5. Key Clarifications

1. **Theoretical prediction was retrospective**, not *a priori* — DFT was used to explain why SFMMCCN outperformed SFM and why Ni–Fe–Cu exsolved, rather than to screen/discover the composition.
2. **All samples** (SFMMCCN powders for catalytic testing, SFMMCCN ACL in cells) underwent the same reduction treatment at 700 °C for 2 h in H₂.
3. **No additional thermo-mechanical post-processing** (e.g., rolling, quenching, aging) was performed — only the reduction step and subsequent electrochemical operation.
4. **Exact calcination temperature** for the sol–gel synthesis is **not specified** in the provided text (only dissolution at 80 °C and pH adjustment are given). This is a missing parameter.","Based on the paper provided, I will identify whether any alloy forms a partially ordered structure (High Entropy Intermetallic). It is important to clarify that **none of the materials in this study are classified as High Entropy Intermetallics**, and the paper focuses on catalytic performance and fuel cell operation rather than oxidation processes.

---

## Analysis of Ordered/Disordered Structures

### 1. SFMMCCN (Sr₂Fe₁Mo₀.₂Mn₀.₂Cr₀.₂Cu₀.₂Ni₀.₂O₆₋δ) — High-Entropy Perovskite Oxide

| Property | Detail |
|----------|--------|
| **Structure type** | Double perovskite (B-site ordered) |
| **Ordering nature** | **Cation-ordered** — the parent SFM structure (Sr₂Fe₁.₅Mo₀.₅O₆₋δ) is known to have rock-salt-type B-site ordering of Fe and Mo. However, in SFMMCCN, the additional dopants (Mn, Cr, Cu, Ni) partially disrupt this long-range ordering, creating a **partially disordered solid solution** within the double perovskite framework. |
| **Classification** | **Not a High Entropy Intermetallic** — it is an oxide ceramic, not an intermetallic compound. The high configurational entropy (ΔS = 1.60 R) is on the B-site cations, but the material is ionic/covalent bonded oxide, not a metallic intermetallic. |
| **XRD evidence** | The double perovskite superlattice reflections (characteristic of B-site ordering) are not explicitly discussed in the XRD pattern (Fig. 1a). The authors confirm ""well-defined double perovskite structures"" but do not report long-range ordering parameters. |

---

### 2. Ni–Fe–Cu Alloy Nanoparticles (Exsolved from SFMMCCN) — Medium-Entropy Alloy

| Property | Detail |
|----------|--------|
| **Chemical formula** | CuFeNi |
| **Structure type** | Face-centered cubic (FCC) solid solution |
| **Ordering nature** | **Disordered solid solution** — the paper explicitly states ""homogeneous distributions of Ni, Fe, and Cu, consistent with the formation of a Ni–Fe–Cu alloy"" (EDS mapping, Fig. 2c). No superlattice reflections or ordering evidence were reported. |
| **Classification** | **Not a High Entropy Intermetallic** — it is a disordered FCC solid solution with only 3 elements (ΔS = 1.09 R, medium-entropy). It is not an intermetallic compound (no stoichiometric ordered phases like Ni₃Fe or Cu₃Ni were detected). |
| **Key evidence** | No intermetallic phases (e.g., Ni₃Fe, NiFe, CuNi₃) were reported in post-reduction XRD, TEM, or selected area diffraction. The alloy is purely a random substitutional solid solution. |

---

### 3. SFM (Sr₂Fe₁.₅Mo₀.₅O₆₋δ) — Low-Entropy Reference

| Property | Detail |
|----------|--------|
| **Structure type** | Double perovskite (B-site ordered) |
| **Ordering nature** | **Cation-ordered** — Fe/Mo rock-salt ordering is well-established for SFM. |
| **Classification** | Not an intermetallic (oxide ceramic); not high-entropy (ΔS < 1.0 R). |

---

### 4. SFMCN (Sr₂Fe₁Mo₀.₆Cu₀.₂Ni₀.₂O₆₋δ) — Medium-Entropy Reference

| Property | Detail |
|----------|--------|
| **Structure type** | Double perovskite (B-site partially ordered) |
| **Ordering nature** | Likely partially ordered, similar to SFMMCCN, but with fewer dopants. |
| **Classification** | Not an intermetallic (oxide ceramic); medium-entropy (ΔS ≈ 1.0–1.5 R). |

---

## Summary Table: Ordered Structures Classification

| Material | Type | Ordered/Disordered | High Entropy Intermetallic? | Notes |
|----------|------|-------------------|-----------------------------|-------|
| SFMMCCN | Perovskite oxide | Partially B-site ordered (double perovskite) | **No** — oxide, not metallic | Entropy-stabilized on B-site; not an intermetallic |
| CuFeNi exsolved alloy | FCC metallic alloy | Disordered solid solution | **No** — only 3 elements, medium-entropy | No superlattice or intermetallic phases detected |
| SFM | Perovskite oxide | B-site ordered (Fe/Mo rock-salt) | **No** — low-entropy, oxide | Ordered double perovskite |
| SFMCN | Perovskite oxide | Partially B-site ordered | **No** — medium-entropy, oxide | Not explicitly characterized for ordering |

---

## Key Conclusions

1. **No High Entropy Intermetallics exist in this paper.** The only metallic phase is the CuFeNi alloy, which is:
   - Disordered FCC solid solution
   - Medium-entropy (ΔS = 1.09 R)
   - Not an intermetallic compound

2. **The high-entropy material (SFMMCCN) is an oxide perovskite**, not a metallic intermetallic. Its high configurational entropy arises from the B-site cation mixing (Fe, Mo, Mn, Cr, Cu, Ni), but the bonding is predominantly ionic/covalent.

3. **Partial ordering** may exist in SFMMCCN due to the double perovskite framework inherited from SFM (Fe/Mo ordering), but the additional dopants (Mn, Cr, Cu, Ni) disrupt long-range order. The paper does not quantify the degree of B-site ordering (e.g., via Rietveld refinement or superlattice reflection intensity analysis).

4. **Oxidation focus**: This paper does not study oxidation processes. The initial (as-synthesized) state of SFMMCCN is a fully oxidized perovskite (all cations in oxidized states per XPS). After reduction, the material becomes a two-phase system (oxide matrix + metallic nanoparticles). If oxidation were studied, the initial state would be the *as-synthesized* SFMMCCN (single-phase perovskite) — this is already the initial state considered above.

---

## Important Clarification

The user's instruction to ""concentrate on the initial state of the alloy before oxidation"" is not directly applicable here because:
- The paper does **not** investigate oxidation processes
- The exsolved CuFeNi alloy is formed via **reduction** (not present in the initial as-synthesized state)
- The initial material is an oxide (SFMMCCN), not an alloy

If the question were about a hypothetical oxidation study, the initial metallic state would be the CuFeNi FCC solid solution (disordered), which would oxidize to form metal oxides — but this is beyond the scope of the provided paper.","```json
{
  ""SFMMCCN"": {
    ""chemical_formula"": ""Cr0.2Cu0.2FeMo0.2Mn0.2Ni0.2O6-deltaSr2"",
    ""composition"": {
      ""Cr"": 0.2,
      ""Cu"": 0.2,
      ""Fe"": 1.0,
      ""Mo"": 0.2,
      ""Mn"": 0.2,
      ""Ni"": 0.2,
      ""O"": ""6-delta"",
      ""Sr"": 2.0
    },
    ""number_of_elements"": 8,
    ""crystallographic_phases"": [
      {
        ""phase_type"": ""high-entropy perovskite oxide (solid solution)"",
        ""chemical_formula"": ""Cr0.2Cu0.2FeMo0.2Mn0.2Ni0.2O6-deltaSr2"",
        ""crystallographic_state"": ""crystalline"",
        ""structure"": ""double perovskite (cubic)"",
        ""space_group"": ""Pm-3m (221)"",
        ""detection_method"": ""XRD, HR-TEM"",
        ""details"": ""Single-phase double perovskite; no secondary phases; B-site partially ordered with Fe/Mo rock-salt ordering disrupted by dopants; configurational entropy 1.60 R (pristine), 1.50 R (reduced)""
      }
    ],
    ""precipitates"": [
      {
        ""chemical_formula"": ""CuFeNi"",
        ""detection_method"": ""SEM, HR-TEM, EDS, XPS"",
        ""details"": ""Exsolved Ni-Fe-Cu alloy nanoparticles (~20 nm) formed after reduction at 700°C in H2; coherent interface with matrix (d=0.28 nm for (110) plane)""
      }
    ],
    ""synthesis_or_calculation"": {
      ""type"": ""experimental"",
      ""method"": ""sol-gel (EDTA-citrate)"",
      ""parameters"": {
        ""dissolution_temperature_celsius"": 80,
        ""chelating_agents"": ""EDTA + citric acid"",
        ""pH"": 8,
        ""atmosphere"": ""air"",
        ""post_synthesis_reduction"": ""700°C, 2 h, 100% H2 or 3% H2/Ar"",
        ""calcination_temperature"": ""not specified in provided text""
      }
    },
    ""theoretical_details"": {
      ""type"": ""DFT (VASP)"",
      ""method"": ""GGA-PBE with DFT+U"",
      ""parameters"": {
        ""U_values_eV"": {
          ""Mn"": 3.9,
          ""Cr"": 3.7,
          ""Cu"": 4.0,
          ""Ni"": 6.2,
          ""Mo"": 4.38,
          ""Fe"": 5.3
        },
        ""energy_cutoff_eV"": 450,
        ""k_point_mesh_perovskite"": ""1x2x1"",
        ""k_point_mesh_metal"": ""3x3x1"",
        ""vacuum_gap_angstrom"": 20,
        ""nh3_decomposition_barrier_eV"": 2.63,
        ""o2p_band_center_eV"": -3.5,
        ""icohp_avg"": -0.63
      }
    },
    ""special_conditions"": ""Partially B-site ordered (double perovskite); high-entropy oxide (not an intermetallic); initial state before any reduction is fully oxidized perovskite"",
    ""phase_classification"": ""Mixed Solution""
  },
  ""CuFeNi_Exsolved_Alloy"": {
    ""chemical_formula"": ""CuFeNi"",
    ""composition"": {
      ""Cu"": 33.33,
      ""Fe"": 33.33,
      ""Ni"": 33.33
    },
    ""number_of_elements"": 3,
    ""crystallographic_phases"": [
      {
        ""phase_type"": ""medium-entropy metallic solid solution"",
        ""chemical_formula"": ""CuFeNi"",
        ""crystallographic_state"": ""crystalline"",
        ""structure"": ""face-centered cubic"",
        ""space_group"": ""Fm-3m (225)"",
        ""detection_method"": ""XRD (weak peak near 44°), HR-TEM, EDS"",
        ""details"": ""Disordered FCC solid solution; homogeneous Ni, Fe, Cu distribution; no intermetallic phases (e.g., Ni3Fe, Cu3Ni) detected; configurational entropy 1.09 R (medium-entropy); nanoparticles ~20 nm diameter""
      }
    ],
    ""precipitates"": [],
    ""synthesis_or_calculation"": {
      ""type"": ""experimental (in situ exsolution)"",
      ""method"": ""reduction of SFMMCCN perovskite"",
      ""parameters"": {
        ""reduction_temperature_celsius"": 700,
        ""reduction_time_hours"": 2,
        ""reduction_atmosphere"": ""100% H2 or 3% H2/Ar"",
        ""particle_size_nm"": 20
      }
    },
    ""theoretical_details"": {
      ""type"": ""DFT (VASP)"",
      ""method"": ""GGA-PBE with DFT+U"",
      ""parameters"": {
        ""energy_cutoff_eV"": 450,
        ""k_point_mesh"": ""3x3x1"",
        ""nh3_decomposition_barrier_eV"": 1.46,
        ""details"": ""Lower energy barrier than pure Ni (2.09 eV) and both perovskite oxides (SFMMCCN: 2.63 eV, SFM: 3.40 eV)""
      }
    },
    ""special_conditions"": ""Disordered solid solution; not an intermetallic; medium-entropy (not high-entropy); formed only after reduction, not present in initial as-synthesized state"",
    ""phase_classification"": ""Single Solid Solution""
  },
  ""SFM"": {
    ""chemical_formula"": ""Fe1.5Mo0.5O6-deltaSr2"",
    ""composition"": {
      ""Fe"": 1.5,
      ""Mo"": 0.5,
      ""O"": ""6-delta"",
      ""Sr"": 2.0
    },
    ""number_of_elements"": 4,
    ""crystallographic_phases"": [
      {
        ""phase_type"": ""low-entropy perovskite oxide (solid solution)"",
        ""chemical_formula"": ""Fe1.5Mo0.5O6-deltaSr2"",
        ""crystallographic_state"": ""crystalline"",
        ""structure"": ""double perovskite (cubic)"",
        ""space_group"": ""Pm-3m (221)"",
        ""detection_method"": ""XRD"",
        ""details"": ""Single-phase double perovskite with ordered Fe/Mo rock-salt B-site ordering; no exsolution observed under reducing conditions up to 700°C; configurational entropy < 1.0 R""
      }
    ],
    ""precipitates"": [],
    ""synthesis_or_calculation"": {
      ""type"": ""experimental"",
      ""method"": ""sol-gel (EDTA-citrate)"",
      ""parameters"": {
        ""dissolution_temperature_celsius"": 80,
        ""chelating_agents"": ""EDTA + citric acid"",
        ""pH"": 8,
        ""calcination_temperature"": ""not specified in provided text""
      }
    },
    ""theoretical_details"": {
      ""type"": ""DFT (VASP)"",
      ""method"": ""GGA-PBE with DFT+U"",
      ""parameters"": {
        ""nh3_decomposition_barrier_eV"": 3.40,
        ""o2p_band_center_eV"": -3.8,
        ""icohp_avg"": -0.66,
        ""details"": ""Highest NH3 decomposition barrier; least favorable exsolution thermodynamics""
      }
    },
    ""special_conditions"": ""Ordered double perovskite (Fe/Mo rock-salt); no exsolution; reference material"",
    ""phase_classification"": ""Single Solid Solution""
  },
  ""SFMCN"": {
    ""chemical_formula"": ""Cu0.2FeMo0.6Ni0.2O6-deltaSr2"",
    ""composition"": {
      ""Cu"": 0.2,
      ""Fe"": 1.0,
      ""Mo"": 0.6,
      ""Ni"": 0.2,
      ""O"": ""6-delta"",
      ""Sr"": 2.0
    },
    ""number_of_elements"": 6,
    ""crystallographic_phases"": [
      {
        ""phase_type"": ""medium-entropy perovskite oxide (solid solution)"",
        ""chemical_formula"": ""Cu0.2FeMo0.6Ni0.2O6-deltaSr2"",
        ""crystallographic_state"": ""crystalline"",
        ""structure"": ""double perovskite (cubic)"",
        ""space_group"": ""Pm-3m (221)"",
        ""detection_method"": ""XRD (not explicitly shown in main text, inferred from shared synthesis route)"",
        ""details"": ""Single-phase double perovskite; configurational entropy approximately 1.0-1.5 R; exsolution not explicitly reported in main text for this material""
      }
    ],
    ""precipitates"": [],
    ""synthesis_or_calculation"": {
      ""type"": ""experimental"",
      ""method"": ""sol-gel (EDTA-citrate)"",
      ""parameters"": {
        ""dissolution_temperature_celsius"": 80,
        ""chelating_agents"": ""EDTA + citric acid"",
        ""pH"": 8,
        ""calcination_temperature"": ""not specified in provided text""
      }
    },
    ""theoretical_details"": {
      ""type"": ""none explicitly reported for this material in main text""
    },
    ""special_conditions"": ""Medium-entropy reference material; used for NH3 conversion comparison (57% at 600°C vs 96% for SFMMCCN)"",
    ""phase_classification"": ""Single Solid Solution""
  }
}
```",True,10.1007-s40820-026-02194-9,springer,https://link.springer.com/article/10.1007/s40820-026-02194-9,Entropy-Modulated Oxide–Metal Catalyst Architectures for Direct Ammonia Protonic Ceramic Fuel Cells.,"Kim, D., Park, D.J., Jeong, I. et al. ",https://doi.org/10.1007/s40820-026-02194-9,
5,parsed_output-10.1038-s41377-024-01614-y.pdf.md,parsed_output-10.1038-s41377-024-01614-y.pdf.md,"Based on my careful analysis of the paper, the high-entropy alloys (HEAs) discussed in the experimental work (excluding alloys mentioned only in the introduction or as cited references from other papers) are as follows:

**Key information:**
- The primary HEA synthesized is **CrMnFeCoNi** (the Cr-Mn-Fe-Co-Ni system)
- The paper also extends the synthesis method to produce **HEA oxide, sulfide, and phosphide** nanoparticles, all based on the same CrMnFeCoNi metallic core composition
- No variable-composition alloys (like those with x values) are discussed in this paper

**High-entropy alloys identified (all with 5 elements):**

1. **CrMnFeCoNi** (metallic HEA nanoparticles)
   - Number of elements: 5
   - Chemical formula: CrMnFeCoNi

2. **CrMnFeCoNi oxide**
   - Number of elements in the HEA core: 5 (plus oxygen as a non-metallic element)
   - Chemical formula: CrMnFeCoNi-O (or CrMnFeCoNiOx, with oxygen incorporated)

3. **CrMnFeCoNi sulfide**
   - Number of elements in the HEA core: 5 (plus sulfur)
   - Chemical formula: CrMnFeCoNi-S (or CrMnFeCoNiSx, with sulfur incorporated)

4. **CrMnFeCoNi phosphide**
   - Number of elements in the HEA core: 5 (plus phosphorus)
   - Chemical formula: CrMnFeCoNi-P (or CrMnFeCoNiPx, with phosphorus incorporated)

**Important notes:**
- The paper does not report any variable-stoichiometry alloys with values of x (e.g., CrMnFeCoNiAx). All alloys have fixed equimolar (or near-equimolar) proportions of the five metallic elements.
- The alphabetically sorted formulas (considering only the metallic HEA elements) are: **CrMnFeCoNi** (C = Cr, o = Co, but in standard chemical notation, alphabetical sorting by element symbol gives: Co, Cr, Fe, Mn, Ni → CoCrFeMnNi). However, the paper consistently writes it as CrMnFeCoNi, and in alphabetical order by element symbol it would be CoCrFeMnNi. I will present both forms for clarity.

**Formal alphabetical listing (by element symbol):**
1. CoCrFeMnNi (x = not applicable) — equivalent to CrMnFeCoNi in the paper's notation
   - Number of elements: 5

**In the paper's notation (as presented in the figures and text):**
1. CrMnFeCoNi — metallic HEA NPs
2. CrMnFeCoNi oxide (or CrMnFeCoNiO)
3. CrMnFeCoNi sulfide (or CrMnFeCoNiS)
4. CrMnFeCoNi phosphide (or CrMnFeCoNiP)

**Summary for the most essential alloys (up to 12):**

1. **CrMnFeCoNi** — 5 elements (Cr, Mn, Fe, Co, Ni)
2. **CrMnFeCoNi-O** (oxide derivative) — 5 metallic elements + O
3. **CrMnFeCoNi-S** (sulfide derivative) — 5 metallic elements + S
4. **CrMnFeCoNi-P** (phosphide derivative) — 5 metallic elements + P

There are no other distinct HEAs discussed in the experimental results of this paper. The introduction mentions other HEA systems (e.g., PtPdFeCoNi from reference 13, CoCrFeNiMn from reference 16) but these are explicitly cited as prior work and not the subject of this study.","Based on my analysis of the paper, here are the crystallographic phases for each high-entropy alloy system identified. I must note that the paper provides **limited crystallographic detail** for the oxide, sulfide, and phosphide derivatives—these are only briefly described with TEM/EDS, and no XRD or SAED data is presented for them.

---

### 1. CrMnFeCoNi (metallic HEA nanoparticles)

| Property | Detail |
|----------|--------|
| **Chemical formula** | CrMnFeCoNi |
| **Crystallographic state** | Crystalline (solid solution) |
| **Structure** | Face-centered cubic (FCC) |
| **Space group** | *Fm-3m* (No. 225) — *inferred* from FCC structure |
| **Evidence** | XRD peak at 2θ ≈ 43° corresponding to (111) FCC; HR-TEM shows lattice fringe of 0.21 nm matching FCC (111); SAED pattern (Fig. 1g) |
| **Secondary phase(s)** | The paper mentions a ""(110) BCC"" peak in Fig. 1e caption (see caveat below) |

**Important caveat regarding BCC:**  
The XRD spectrum in Fig. 1e clearly shows only the FCC (111) peak for the HEA/LIG sample, plus carbon peaks from LIG. However, the figure caption lists ""(110) BCC"" and ""(111) FCC"" as labels. The text states: *""Only the characteristic peak of C was detected for the LIG samples, while the diffraction peak at 43° appears on the HEA/LIG samples, corresponding to the (111) orientation of the FCC structure.""*  
→ **No BCC phase is confirmed by the text.** The caption labeling may be an error or refer to a reference pattern. I flag this as an **inconsistency** in the paper.

**Precipitates not visible in XRD:**  
- The graphene shell encapsulating the nanoparticles is **amorphous/crystalline carbon**, not a metallic precipitate. It is visible in HR-TEM (Fig. 1f) but not in XRD (only broad carbon peaks appear).
- No secondary metallic precipitates or intermetallic compounds are reported.

---

### 2. CrMnFeCoNi oxide nanoparticles

| Property | Detail |
|----------|--------|
| **Chemical formula** | CrMnFeCoNi–O (oxide form; exact stoichiometry not specified) |
| **Crystallographic state** | Crystalline (implied), but **not characterized by XRD** |
| **Structure** | Not determined in paper — TEM images show nanoparticles of comparable size to metallic HEA NPs |
| **Space group** | Not reported |
| **Evidence** | TEM (Fig. S13) and EDS elemental mapping showing homogeneous mixing of O with the five metallic elements |
| **Phase nature** | Likely a solid solution oxide (rocksalt or spinel-type) but **not confirmed** |

**Explicit statement of uncertainty:**  
The paper does not present XRD, SAED, or HR-TEM lattice analysis for the oxide. The phase structure and space group are **unknown** from this work.

---

### 3. CrMnFeCoNi sulfide nanoparticles

| Property | Detail |
|----------|--------|
| **Chemical formula** | CrMnFeCoNi–S (sulfide form; exact stoichiometry not specified) |
| **Crystallographic state** | Crystalline (implied), but **not characterized by XRD** |
| **Structure** | Not determined in paper |
| **Space group** | Not reported |
| **Evidence** | TEM (Fig. S13) and EDS mapping showing homogeneous S distribution |
| **Phase nature** | Likely a solid solution sulfide (possibly pentlandite-type structure) but **not confirmed** |

**Explicit statement of uncertainty:**  
No crystallographic data (XRD/SAED) is provided for the sulfide. Structure and space group are **unknown** from this work.

---

### 4. CrMnFeCoNi phosphide nanoparticles

| Property | Detail |
|----------|--------|
| **Chemical formula** | CrMnFeCoNi–P (phosphide form; exact stoichiometry not specified) |
| **Crystallographic state** | Crystalline (implied), but **not characterized by XRD** |
| **Structure** | Not determined in paper |
| **Space group** | Not reported |
| **Evidence** | TEM (Fig. S13) and EDS mapping showing homogeneous P distribution |
| **Phase nature** | Likely a solid solution phosphide (possibly Fe₂P-type or Ni₂P-type structure) but **not confirmed** |

**Explicit statement of uncertainty:**  
No crystallographic data is provided for the phosphide. Structure and space group are **unknown** from this work.

---

### Summary Table

| # | Alloy | Phase(s) | Crystallographic State | Structure | Space Group | XRD Evidence | Precipitates (microscopy only) |
|---|-------|----------|----------------------|-----------|-------------|--------------|-------------------------------|
| 1 | CrMnFeCoNi | Single-phase FCC solid solution | Crystalline | FCC | *Fm-3m* (inferred) | Yes (2θ ≈ 43°, (111)) | Graphene shell (amorphous/crystalline carbon) |
| 2 | CrMnFeCoNi–O | Not determined (likely oxide solid solution) | Crystalline (assumed) | Unknown | Unknown | No | None reported |
| 3 | CrMnFeCoNi–S | Not determined (likely sulfide solid solution) | Crystalline (assumed) | Unknown | Unknown | No | None reported |
| 4 | CrMnFeCoNi–P | Not determined (likely phosphide solid solution) | Crystalline (assumed) | Unknown | Unknown | No | None reported |

---

### Key Observations & Inconsistencies

1. **BCC labeling in Fig. 1e:** The caption lists ""(110) BCC"" and ""(111) FCC"" labels, but the text confirms only FCC. This is a **caption-text inconsistency**.
2. **Graphene encapsulation:** The HR-TEM shows ~4–6 graphene layers wrapping the HEA NPs (Fig. 1f, 0.34 nm spacing corresponds to graphene (002)). This is a **surface carbon phase**, not a bulk precipitate.
3. **No intermetallic phases** are reported in any of the four systems — all are presented as single-phase solid solutions.
4. **Oxide/sulfide/phosphide crystallography is completely uncharacterized** — a significant gap in the paper's experimental detail.","Based on my analysis of the paper, the material was **synthesized experimentally** with **theoretical/computational support** used to understand the synthesis mechanism (not to predict the material's existence or properties *a priori*). The approach is a combination, but the theoretical component is mechanistic simulation rather than predictive material design.

---

## 1. Theoretical/Computational Component

**Purpose:** Understanding the laser–material interaction, thermal evolution, and synthesis mechanism — **not** predicting the HEA phase stability or composition.

| Aspect | Details |
|--------|---------|
| **Method** | Finite Element Method (FEM) using **ABAQUS 2018** (Dassault Systèmes) |
| **Model type** | 2D thermal-mechanical coupled transient model |
| **Key assumptions** | (1) Gaussian laser heat source distribution; (2) homogeneous, isotropic carbon paper; (3) Fourier heat conduction; (4) surface convection and radiation considered |
| **Key parameters** | Laser absorptivity A = 0.56; laser power = 15, 40, 65 W (corresponding to fluences 58.9, 69.9, 96.8 mJ/cm²); spot radius r₀ = 215 μm; scanning rate V_Laser = 2000 mm/s; Stefan-Boltzmann constant k = 5.67 × 10⁻⁸ W/(m²·K⁴) |
| **Simulated outcomes** | Peak surface temperature: **2381 K** (at 58.9 mJ/cm²); heating time ~100 μs; cooling rate: **10⁷ K/s** |
| **Experimental verification** | Infrared camera measurement recorded **1960 K** at same conditions |

**Additional theoretical treatment:**
- **Richardson–Dushman equation** used to estimate thermionic emission current density:
  \[
  i = S \times A_{LIG} \times T^2 \times e^{(-\phi / k_0 T)}
  \]
  where \( A_{LIG} = 120 \, \text{A·cm}^{-2}·\text{K}^{-2} \), \( \phi = 4.39 \, \text{eV} \), \( k_0 = 8.617 \times 10^{-5} \, \text{eV/K} \)
- This was used to explain the reduction mechanism (laser-induced thermionic electrons reducing metal ions)

**Phases/structures from simulation:** The model predicted temperature zones (below/above melting/boiling points) that correlate with different formation mechanisms (thermal decomposition vs. thermionic reduction), but did not predict specific crystal structures.

---

## 2. Experimental Synthesis

### 2.1 Precursor Preparation
| Step | Details |
|------|---------|
| **Metal salts** | CrCl₃·6H₂O, MnCl₂, FeCl₃, CoCl₂·6H₂O, NiCl₂·6H₂O (equimolar) |
| **Solvent** | Deionized water (first method) OR absolute ethanol (final method, per Experimental Section) |
| **Concentrations** | 1, 5, 10, 15, 20 mM |
| **Substrate** | LIG-coated carbon paper |
| **Immersion time** | 8 hours (per Experimental Section; text mentions ""immersed"" without time in Results section) |
| **Drying** | Vacuum oven at 80 °C for 30 min (Results section) OR 1 h (Experimental Section) — **minor inconsistency** |

### 2.2 LIG Substrate Preparation
| Step | Details |
|------|---------|
| **Polymer** | PBI (10 wt%) in DMAC (90 wt%) |
| **Casting** | Doctor blade, 40 μm thick film on carbon paper |
| **Phase separation** | Exposed to deionized water vapor for 1 min, then dried |
| **Carbonization** | Nd:YAG laser (1064 nm, 500 W avg power, 30 ns pulse, 430 μm beam diameter) at fluence 88 mJ/cm², 10 kHz repetition, 100 mm/s scan rate, under ambient conditions |

### 2.3 Laser Solid-Phase Synthesis of HEA NPs
| Parameter | Value |
|-----------|-------|
| **Laser** | Nd:YAG, λ = 1064 nm, pulse width = 30 ns |
| **Laser fluences** | 58.9, 69.9, 96.8 mJ/cm² (corresponding to 15, 40, 65 W) |
| **Scanning rate** | 2000 mm/s |
| **Repetition rate** | 10 kHz |
| **Spot diameter** | 430 μm |
| **Atmosphere** | Argon (sealed box) |
| **Temperature reached** | ~1960 K (measured), 2381 K (simulated) |
| **Cooling rate** | ~10⁷ K/s (simulated) |
| **Heating time** | ~100 μs to peak temperature |
| **Production rate** | Up to 30 g/h |

### 2.4 Extension to Oxide, Sulfide, Phosphide
- The paper states these were synthesized but **does not provide the specific experimental parameters** (precursors, atmosphere, laser conditions) for these derivatives. This is a **significant gap** in the experimental detail.

### 2.5 Resulting Phase/Structure (as-synthesized)
| Material | Phase | Structure | Notes |
|----------|-------|-----------|-------|
| CrMnFeCoNi | Single FCC solid solution | FCC (Fm-3m inferred) | Graphene shell-encapsulated |
| CrMnFeCoNi–O | Not characterized | Unknown | TEM + EDS only |
| CrMnFeCoNi–S | Not characterized | Unknown | TEM + EDS only |
| CrMnFeCoNi–P | Not characterized | Unknown | TEM + EDS only |

---

## 3. Post-Processing

**There is NO thermo-mechanical post-processing** (no annealing, quenching, rolling, or aging) performed on any of the samples.

The **only** additional treatment applied was:
- **Direct use as electrode**: The as-synthesized HEA/LIG on carbon paper was used directly as a binder-free integrated electrode (IE-HEA/LIG) for OER testing.
- **No heat treatment, mechanical deformation, or aging** was applied after laser synthesis.

---

## 4. Summary of Phase Evolution Across Stages

| Stage | Phase/Structure | Key Details |
|-------|----------------|-------------|
| **Precursor adsorption** | Amorphous/crystalline mixed metal chlorides | SAED shows diffraction rings (001), (201), (140), (402) — indicates a distinct crystalline phase not attributable to any single chloride |
| **After laser irradiation** | FCC solid solution (CrMnFeCoNi) | XRD: (111) at 2θ ≈ 43°; HR-TEM: d = 0.21 nm; graphene shell visible |
| **After use as electrode (428 h OER)** | FCC structure likely retained (LSV shows stable performance), but surface oxides/hydroxides form | Paper mentions ""developed oxides/hydroxides"" contributing to potential rise; exact phase not characterized post-test |

---

## Key Inconsistencies & Uncertainties

1. **Drying time**: 30 min (Results) vs. 1 h (Experimental Section)
2. **Precursor solvent**: Deionized water (Results) vs. absolute ethanol (Experimental Section)
3. **Oxide/sulfide/phosphide synthesis parameters**: Not provided at all
4. **BCC peak labeling** in Fig. 1e caption conflicts with text stating only FCC
5. **Theoretical model** is mechanistic (explains *how* synthesis occurs) rather than predictive (does not predict *whether* the HEA forms or its stability)","Based on my careful analysis of the paper, **none of the alloys form a partially ordered structure or high-entropy intermetallic compound**. All four material systems are reported as **single-phase solid solutions** with no evidence of ordering.

---

## Analysis of Each Alloy System

### 1. CrMnFeCoNi (metallic HEA nanoparticles)

| Criterion | Assessment |
|-----------|------------|
| **Structure** | Face-centered cubic (FCC) solid solution |
| **Ordering** | **None reported** — fully disordered solid solution |
| **Evidence** | XRD shows only FCC (111) peak; SAED pattern (Fig. 1g) shows continuous diffraction rings characteristic of a disordered solid solution, not superlattice reflections |
| **Classification** | **Not a high-entropy intermetallic** — it is a random solid solution |

**Supporting detail:** The paper explicitly states the formation of a ""solid-solution structure"" in the Discussion section when explaining the enhanced OER activity: *""The enhanced activity and kinetic of IE-HEA/LIG derive from the solid-solution structure and multiple active sites of the HEA nanoparticles.""* No superlattice reflections, ordered diffraction spots, or evidence of B2, L1₂, σ-phase, or other ordered intermetallic structures are reported.

---

### 2. CrMnFeCoNi oxide (CrMnFeCoNi–O)

| Criterion | Assessment |
|-----------|------------|
| **Structure** | Not determined (crystallography not characterized) |
| **Ordering** | **Cannot be assessed** — no XRD or SAED data provided |
| **Classification** | **Indeterminate** — insufficient data |

**Key note:** The paper provides only TEM images (Fig. S13) and EDS elemental mapping. No diffraction data (XRD, SAED, or HR-TEM lattice analysis) is presented. Therefore, it is **impossible** to determine whether any ordering exists.

---

### 3. CrMnFeCoNi sulfide (CrMnFeCoNi–S)

| Criterion | Assessment |
|-----------|------------|
| **Structure** | Not determined |
| **Ordering** | **Cannot be assessed** — no diffraction data |
| **Classification** | **Indeterminate** — insufficient data |

**Key note:** Same as oxide — only TEM and EDS provided. No crystallographic characterization.

---

### 4. CrMnFeCoNi phosphide (CrMnFeCoNi–P)

| Criterion | Assessment |
|-----------|------------|
| **Structure** | Not determined |
| **Ordering** | **Cannot be assessed** — no diffraction data |
| **Classification** | **Indeterminate** — insufficient data |

**Key note:** Same as oxide and sulfide — only TEM and EDS provided. No crystallographic characterization.

---

## Oxidation Process Consideration

The paper **does not focus on the oxidation process** as a primary study. However, it does discuss oxidation in the context of:

1. **OER electrocatalysis**: During the oxygen evolution reaction in 1 M KOH, the paper mentions that ""developed oxides/hydroxides"" form on the catalyst surface (responsible for the ~74 mV potential rise over 428 h). However, this is **post-electrolysis** surface evolution, not a controlled oxidation study.

2. **The question asks to consider the initial state before oxidation** — for the CrMnFeCoNi metallic HEA, the initial state is clearly a **disordered FCC solid solution** (before any electrochemical testing or oxidation).

---

## Summary Classification

| # | Alloy | Ordered Structure? | High-Entropy Intermetallic? | Classification |
|---|-------|-------------------|----------------------------|----------------|
| 1 | CrMnFeCoNi | No | No | **Disordered FCC solid solution** |
| 2 | CrMnFeCoNi–O | Unknown (not characterized) | Unknown | **Indeterminate** (no diffraction data) |
| 3 | CrMnFeCoNi–S | Unknown (not characterized) | Unknown | **Indeterminate** (no diffraction data) |
| 4 | CrMnFeCoNi–P | Unknown (not characterized) | Unknown | **Indeterminate** (no diffraction data) |

---

## Key Conclusions

1. **No high-entropy intermetallic compounds** are formed or reported in this work.
2. The **primary metallic HEA (CrMnFeCoNi)** is a **fully disordered single-phase FCC solid solution** — the defining characteristic of a true high-entropy alloy in the equimolar, random solid-solution sense.
3. The **oxide, sulfide, and phosphide derivatives** lack sufficient crystallographic characterization to assess ordering — this is a notable experimental gap in the paper.
4. There are **no partially ordered structures** (such as B2, L1₂, or other superstructures) reported for any material in the initial state.","```json
{
  ""CrMnFeCoNi"": {
    ""chemical_formula"": ""CoCrFeMnNi"",
    ""composition"": {
      ""Cr"": 20,
      ""Mn"": 20,
      ""Fe"": 20,
      ""Co"": 20,
      ""Ni"": 20
    },
    ""number_of_elements"": 5,
    ""crystallographic_phases"": [
      {
        ""phase_type"": ""solid solution"",
        ""chemical_formula"": ""CoCrFeMnNi"",
        ""crystallographic_state"": ""crystalline"",
        ""structure"": ""face-centered cubic"",
        ""space_group"": ""Fm-3m (inferred)"",
        ""detection_method"": ""XRD, HR-TEM, SAED"",
        ""details"": ""Single FCC phase; XRD peak at 2θ ≈ 43° for (111); HR-TEM lattice spacing 0.21 nm; SAED rings confirm disordered solid solution; graphene shell (few layers, 0.34 nm spacing) encapsulates nanoparticles""
      }
    ],
    ""precipitates"": [
      {
        ""chemical_formula"": ""C (graphene shell)"",
        ""detection_method"": ""HR-TEM"",
        ""details"": ""Few-layer graphene encapsulation (4-6 layers) wrapping HEA nanoparticles; not a metallic precipitate but a carbon shell""
      }
    ],
    ""synthesis_or_calculation"": {
      ""type"": ""experimental"",
      ""method"": ""Laser solid-phase synthesis (Nd:YAG, 1064 nm, 30 ns pulse)"",
      ""parameters"": {
        ""precursors"": ""CrCl3·6H2O, MnCl2, FeCl3, CoCl2·6H2O, NiCl2·6H2O (equimolar)"",
        ""precursor_concentration_mM"": [1, 5, 10, 15, 20],
        ""solvent"": ""Deionized water (Results) or absolute ethanol (Experimental Section)"",
        ""substrate"": ""LIG-coated carbon paper"",
        ""immersion_time_hours"": 8,
        ""drying_temperature_C"": 80,
        ""drying_time_minutes"": 30,
        ""laser_fluence_mJ_per_cm2"": [58.9, 69.9, 96.8],
        ""scanning_rate_mm_per_s"": 2000,
        ""repetition_rate_kHz"": 10,
        ""spot_diameter_um"": 430,
        ""atmosphere"": ""Argon"",
        ""peak_temperature_K"": 1960,
        ""cooling_rate_K_per_s"": 10000000,
        ""production_rate_g_per_h"": 30
      }
    },
    ""theoretical_details"": {
      ""type"": ""combined"",
      ""method"": ""ABAQUS FEM thermal simulation + Richardson-Dushman thermionic emission model"",
      ""parameters"": {
        ""simulated_peak_temperature_K"": 2381,
        ""heating_time_us"": 100,
        ""laser_absorptivity"": 0.56,
        ""work_function_LIG_eV"": 4.39,
        ""Richardson_constant_A_per_cm2_per_K2"": 120,
        ""measured_emission_current_uA"": 0.15,
        ""bias_voltage_kV"": 3
      }
    },
    ""special_conditions"": ""Initial state before any oxidation or electrochemical testing: fully disordered FCC solid solution; used directly as binder-free integrated electrode (IE-HEA/LIG); no post-processing; no partial ordering or intermetallic formation reported"",
    ""phase_classification"": ""Single Solid Solution""
  },
  ""CrMnFeCoNi-Oxide"": {
    ""chemical_formula"": ""CoCrFeMnNiO"",
    ""composition"": {
      ""Cr"": 20,
      ""Mn"": 20,
      ""Fe"": 20,
      ""Co"": 20,
      ""Ni"": 20,
      ""O"": ""Not specified (non-metallic addition)""
    },
    ""number_of_elements"": 5,
    ""crystallographic_phases"": [
      {
        ""phase_type"": ""solid solution (oxide, inferred)"",
        ""chemical_formula"": ""CoCrFeMnNiO"",
        ""crystallographic_state"": ""crystalline (assumed, not confirmed)"",
        ""structure"": ""Not determined"",
        ""space_group"": ""Not reported"",
        ""detection_method"": ""TEM, EDS only"",
        ""details"": ""No XRD, SAED, or HR-TEM lattice analysis provided; homogeneous O distribution with five metallic elements confirmed by EDS mapping (Fig. S13)""
      }
    ],
    ""precipitates"": [],
    ""synthesis_or_calculation"": {
      ""type"": ""experimental"",
      ""method"": ""Laser solid-phase synthesis (extension of metallic HEA method)"",
      ""parameters"": {
        ""detail"": ""Specific synthesis parameters (precursors, atmosphere, laser conditions) NOT provided in paper""
      }
    },
    ""theoretical_details"": {
      ""type"": ""none"",
      ""method"": ""No theoretical modeling reported for oxide derivative""
    },
    ""special_conditions"": ""No crystallographic characterization performed; phase structure, ordering, and space group completely unknown; no post-processing reported"",
    ""phase_classification"": ""Single Solid Solution""
  },
  ""CrMnFeCoNi-Sulfide"": {
    ""chemical_formula"": ""CoCrFeMnNiS"",
    ""composition"": {
      ""Cr"": 20,
      ""Mn"": 20,
      ""Fe"": 20,
      ""Co"": 20,
      ""Ni"": 20,
      ""S"": ""Not specified (non-metallic addition)""
    },
    ""number_of_elements"": 5,
    ""crystallographic_phases"": [
      {
        ""phase_type"": ""solid solution (sulfide, inferred)"",
        ""chemical_formula"": ""CoCrFeMnNiS"",
        ""crystallographic_state"": ""crystalline (assumed, not confirmed)"",
        ""structure"": ""Not determined"",
        ""space_group"": ""Not reported"",
        ""detection_method"": ""TEM, EDS only"",
        ""details"": ""No XRD, SAED, or HR-TEM lattice analysis provided; homogeneous S distribution with five metallic elements confirmed by EDS mapping (Fig. S13)""
      }
    ],
    ""precipitates"": [],
    ""synthesis_or_calculation"": {
      ""type"": ""experimental"",
      ""method"": ""Laser solid-phase synthesis (extension of metallic HEA method)"",
      ""parameters"": {
        ""detail"": ""Specific synthesis parameters (precursors, atmosphere, laser conditions) NOT provided in paper""
      }
    },
    ""theoretical_details"": {
      ""type"": ""none"",
      ""method"": ""No theoretical modeling reported for sulfide derivative""
    },
    ""special_conditions"": ""No crystallographic characterization performed; phase structure, ordering, and space group completely unknown; no post-processing reported"",
    ""phase_classification"": ""Single Solid Solution""
  },
  ""CrMnFeCoNi-Phosphide"": {
    ""chemical_formula"": ""CoCrFeMnNiP"",
    ""composition"": {
      ""Cr"": 20,
      ""Mn"": 20,
      ""Fe"": 20,
      ""Co"": 20,
      ""Ni"": 20,
      ""P"": ""Not specified (non-metallic addition)""
    },
    ""number_of_elements"": 5,
    ""crystallographic_phases"": [
      {
        ""phase_type"": ""solid solution (phosphide, inferred)"",
        ""chemical_formula"": ""CoCrFeMnNiP"",
        ""crystallographic_state"": ""crystalline (assumed, not confirmed)"",
        ""structure"": ""Not determined"",
        ""space_group"": ""Not reported"",
        ""detection_method"": ""TEM, EDS only"",
        ""details"": ""No XRD, SAED, or HR-TEM lattice analysis provided; homogeneous P distribution with five metallic elements confirmed by EDS mapping (Fig. S13)""
      }
    ],
    ""precipitates"": [],
    ""synthesis_or_calculation"": {
      ""type"": ""experimental"",
      ""method"": ""Laser solid-phase synthesis (extension of metallic HEA method)"",
      ""parameters"": {
        ""detail"": ""Specific synthesis parameters (precursors, atmosphere, laser conditions) NOT provided in paper""
      }
    },
    ""theoretical_details"": {
      ""type"": ""none"",
      ""method"": ""No theoretical modeling reported for phosphide derivative""
    },
    ""special_conditions"": ""No crystallographic characterization performed; phase structure, ordering, and space group completely unknown; no post-processing reported"",
    ""phase_classification"": ""Single Solid Solution""
  }
}
```",True,10.1038-s41377-024-01614-y,springer,https://link.springer.com/article/10.1038/s41377-024-01614-y,Laser solid-phase synthesis of graphene shell-encapsulated high-entropy alloy nanoparticles.,"Liu, Y., Yuan, J., Zhou, J. et al. ",https://doi.org/10.1038/s41377-024-01614-y,
6,parsed_output-D6DD00105J.pdf.md,parsed_output-D6DD00105J.pdf.md,"Based on my analysis of the paper, I can identify the high-entropy alloys (and related alloy systems) that are the subject of study. 

It is important to note a key distinction: The paper presents the design spaces using **stoichiometric coefficient variables** (α, β, γ, δ for D₄ and α–η for D₇) rather than a single variable ""x"" as in your example. Furthermore, none of the alloys in the paper are presented as a single compound with a fixed stoichiometry (like CoCrFeNiNb₀.₁₀₃); instead, they are defined by discrete compositional grids that span from pure elements to multi-component systems. 

The two primary alloy systems (design spaces) studied are:

**D₄ (Quaternary Space):** Al-Nb-Ti-Zr  
- **Number of elements:** 4  
- **Formula:** AlαNbβTiγZrδ (where α + β + γ + δ = 128, and α, β, γ, δ ∈ {0, 4,..., 128})  
- **Note:** This space includes elemental, binary, ternary, and quaternary compositions. The paper contains **6,545 unique structures** when counting all sub-systems. The text specifies that **4,495 structures** are restricted to the quaternary space (i.e., all four elements present, with α, β, γ, δ > 0). The active learning model was trained across this full D₄ space.

**D₇ (Septenary Space):** Mo-Nb-Ta-Ti-V-W-Zr  
- **Number of elements:** 7  
- **Formula:** MoαNbβTaγTiδVεWζZrη (where α+...+η = 128, and α,...,η ∈ {0, 15, 23, 30, 38,..., 105, 128})  
- **Note:** This space includes elemental, binary, ternary, quaternary, quinary, senary, and septenary compositions. The paper contains **12,012 unique compositions** across the full space.

Since the specific values of the coefficients (α, β, γ, δ, etc.) are not fixed in the paper (only the sets they belong to are given), it is not possible to output explicit chemical formulas like Al₃₂Nb₃₂Ti₃₂Zr₃₂ without further information. However, based on the supplementary analyses mentioned (unseen-element fractions), the D₇ space is further broken down by complexity:

- **5-component alloys (quinary):** 3,675 test samples (subset of D₇)  
  Formula: MoαNbβTaγTiδVε (with α+...+ε = 128, α,...ε ∈ specified set, and exactly 5 non-zero)
  
- **6-component alloys (senary):** 882 test samples (subset of D₇)  
  Formula: MoαNbβTaγTiδVεWζ (with α+...+ζ = 128, and exactly 6 non-zero)

- **7-component alloys (septenary):** 49 test samples (full D₇ with all 7 elements present)  
  Formula: MoαNbβTaγTiδVεWζZrη (with α+...+η = 128, and all 7 coefficients > 0)

Since the elements are already alphabetically sorted in the formulas above (Al, Nb, Ti, Zr for D₄; Mo, Nb, Ta, Ti, V, W, Zr for D₇), and since the paper does not define specific composition values for these variables (e.g., it does not state that Al₃₂Nb₃₂Ti₃₂Zr₃₂ exists), I must present the alloys as defined by their design spaces. 

Here are the most essential alloys/systems identified (limited to 12 as requested):

```json
{
  ""1"": {
    ""alloy_system"": ""D4-Quaternary"",
    ""number_of_elements"": 4,
    ""chemical_formula"": ""AlαNbβTiγZrδ"",
    ""constraints"": ""α + β + γ + δ = 128; α, β, γ, δ ∈ {0, 4, ..., 128}"",
    ""dataset_size"": ""6545 total structures (includes elemental, binary, ternary, quaternary); 4495 strictly quaternary"",
    ""elements_alphabetical"": ""Al, Nb, Ti, Zr""
  },
  ""2"": {
    ""alloy_system"": ""D7-Septenary"",
    ""number_of_elements"": 7,
    ""chemical_formula"": ""MoαNbβTaγTiδVεWζZrη"",
    ""constraints"": ""α + β + γ + δ + ε + ζ + η = 128; α,...,η ∈ {0, 15, 23, 30, 38, ..., 105, 128}"",
    ""dataset_size"": ""12012 unique compositions"",
    ""elements_alphabetical"": ""Mo, Nb, Ta, Ti, V, W, Zr""
  },
  ""3"": {
    ""alloy_system"": ""D4-Binary-Subset"",
    ""number_of_elements"": 2,
    ""chemical_formula"": ""AlαNbβ (with α+β=128, α,β∈{0,4,...,128})"",
    ""constraints"": ""α + β = 128; α, β ∈ {0, 4, ..., 128}"",
    ""note"": ""Subset of D4 space containing only Al and Nb"",
    ""elements_alphabetical"": ""Al, Nb""
  },
  ""4"": {
    ""alloy_system"": ""D4-Binary-Subset"",
    ""number_of_elements"": 2,
    ""chemical_formula"": ""AlαTiγ (with α+γ=128)"",
    ""constraints"": ""α + γ = 128; α, γ ∈ {0, 4, ..., 128}"",
    ""note"": ""Subset of D4 space containing only Al and Ti"",
    ""elements_alphabetical"": ""Al, Ti""
  },
  ""5"": {
    ""alloy_system"": ""D4-Binary-Subset"",
    ""number_of_elements"": 2,
    ""chemical_formula"": ""AlαZrδ (with α+δ=128)"",
    ""constraints"": ""α + δ = 128; α, δ ∈ {0, 4, ..., 128}"",
    ""note"": ""Subset of D4 space containing only Al and Zr"",
    ""elements_alphabetical"": ""Al, Zr""
  },
  ""6"": {
    ""alloy_system"": ""D4-Binary-Subset"",
    ""number_of_elements"": 2,
    ""chemical_formula"": ""NbβTiγ (with β+γ=128)"",
    ""constraints"": ""β + γ = 128; β, γ ∈ {0, 4, ..., 128}"",
    ""note"": ""Subset of D4 space containing only Nb and Ti"",
    ""elements_alphabetical"": ""Nb, Ti""
  },
  ""7"": {
    ""alloy_system"": ""D4-Binary-Subset"",
    ""number_of_elements"": 2,
    ""chemical_formula"": ""NbβZrδ (with β+δ=128)"",
    ""constraints"": ""β + δ = 128; β, δ ∈ {0, 4, ..., 128}"",
    ""note"": ""Subset of D4 space containing only Nb and Zr"",
    ""elements_alphabetical"": ""Nb, Zr""
  },
  ""8"": {
    ""alloy_system"": ""D4-Binary-Subset"",
    ""number_of_elements"": 2,
    ""chemical_formula"": ""TiγZrδ (with γ+δ=128)"",
    ""constraints"": ""γ + δ = 128; γ, δ ∈ {0, 4, ..., 128}"",
    ""note"": ""Subset of D4 space containing only Ti and Zr"",
    ""elements_alphabetical"": ""Ti, Zr""
  },
  ""9"": {
    ""alloy_system"": ""D4-Ternary-Subset"",
    ""number_of_elements"": 3,
    ""chemical_formula"": ""AlαNbβTiγ (with α+β+γ=128)"",
    ""constraints"": ""α + β + γ = 128; α, β, γ ∈ {0, 4, ..., 128}"",
    ""note"": ""Subset of D4 space containing Al, Nb, Ti (no Zr)"",
    ""elements_alphabetical"": ""Al, Nb, Ti""
  },
  ""10"": {
    ""alloy_system"": ""D4-Ternary-Subset"",
    ""number_of_elements"": 3,
    ""chemical_formula"": ""AlαNbβZrδ (with α+β+δ=128)"",
    ""constraints"": ""α + β + δ = 128; α, β, δ ∈ {0, 4, ..., 128}"",
    ""note"": ""Subset of D4 space containing Al, Nb, Zr (no Ti)"",
    ""elements_alphabetical"": ""Al, Nb, Zr""
  },
  ""11"": {
    ""alloy_system"": ""D4-Ternary-Subset"",
    ""number_of_elements"": 3,
    ""chemical_formula"": ""AlαTiγZrδ (with α+γ+δ=128)"",
    ""constraints"": ""α + γ + δ = 128; α, γ, δ ∈ {0, 4, ..., 128}"",
    ""note"": ""Subset of D4 space containing Al, Ti, Zr (no Nb)"",
    ""elements_alphabetical"": ""Al, Ti, Zr""
  },
  ""12"": {
    ""alloy_system"": ""D4-Ternary-Subset"",
    ""number_of_elements"": 3,
    ""chemical_formula"": ""NbβTiγZrδ (with β+γ+δ=128)"",
    ""constraints"": ""β + γ + δ = 128; β, γ, δ ∈ {0, 4, ..., 128}"",
    ""note"": ""Subset of D4 space containing Nb, Ti, Zr (no Al)"",
    ""elements_alphabetical"": ""Nb, Ti, Zr""
  }
}
```

**Caveats and explicit uncertainties:**
1. **No fixed stoichiometries:** The paper does not provide explicit composition values for any alloy (e.g., it never states ""Al₃₂Nb₃₂Ti₃₂Zr₃₂"" or ""Mo₁₅Nb₂₃Ta₃₀Ti₃₈V₅₀W₆₅Zr₇₀""). All compositions are defined by constraint sets.
2. **The D₄ and D₇ spaces** are the only two alloy `systems` explicitly named. The elemental, binary, ternary subsets are implied by the constraint that coefficients can be zero.
3. **The internal cross-composition ablation** mentioned in the abstract (Al+Nb dominant vs. Ti+Zr dominant) does not introduce a new alloy system; it partitions the existing D₄ space using a mole-fraction threshold (>0.5).
4. **No ""x"" variable** is used in the paper for stoichiometry; the variables are α, β, γ, δ, ε, ζ, η.","Based on the paper's content, I must first clarify a critical point: **this is a computational/machine learning study** that does not conduct any experimental synthesis, X-ray diffraction, or microscopy. Therefore, no precipitates, micrography observations, or experimentally determined phases are reported. 

However, the paper does contain explicit crystallographic assumptions and computational details about the phases. Here is the complete analysis of what the paper states regarding crystallographic phases for each alloy system:

---

## Primary Alloy Systems and Their Crystallographic State

### 1. D₄ System (Al-Nb-Ti-Zr Quaternary)
- **Chemical Formula:** AlαNbβTiγZrδ (α + β + γ + δ = 128)
- **Crystallographic State:** Single-phase disordered body-centered cubic (BCC) solid solution
- **Structure:** BCC (A2 structure type)
- **Space Group:** Im-3m (No. 229) - *this is inferred from standard BCC notation, not explicitly stated in the paper*
- **Phase Nature:** Ideal solid solution (disordered, no short-range order)
- **Computational Details:** 
  - Modeled as 128-atom Special Quasirandom Structures (SQS)
  - Initial configurations used a **uniform, common lattice constant** (unrelaxed state)
  - Some configurations were relaxed (full optimization of both ionic coordinates and cell volume) using VASP and MACE for comparison
  - Pure elements (α=128, β=0, etc.) would be elemental BCC phases (Al is actually FCC in nature, but the paper treats it within the BCC SQS framework)
- **Precipitates:** None reported (computational study – no experimental observation possible)

### 2. D₇ System (Mo-Nb-Ta-Ti-V-W-Zr Septenary)
- **Chemical Formula:** MoαNbβTaγTiδVεWζZrη (α+...+η = 128)
- **Crystallographic State:** Single-phase disordered BCC solid solution (assumed)
- **Structure:** BCC (A2 structure type)
- **Space Group:** Im-3m (No. 229) - *inferred, not explicitly stated*
- **Phase Nature:** Ideal solid solution (disordered)
- **Computational Details:**
  - Same 128-atom SQS approach as D₄
  - Ground truth DFT data from Barry et al. (converged, self-consistent calculations)
  - The paper states both D₄ and D₇ ""share the BCC crystal structure""
- **Precipitates:** None reported

---

## Sub-Systems (Implied by D₄/D₇ Compositional Grids)

### 3-8. D₄ Binary Subsets (Al-Nb, Al-Ti, Al-Zr, Nb-Ti, Nb-Zr, Ti-Zr)
- **Crystallographic State:** BCC solid solution (when both elements are BCC metals)
- **Critical Caveat for Al-containing binaries:** 
  - Pure Al is FCC in its ground state (space group Fm-3m, No. 225). 
  - The paper treats all compositions within the BCC framework, meaning these binary subsets would be **metastable BCC solid solutions** (not equilibrium phases)
  - The paper does not explicitly discuss this caveat
- **Space Group:** Im-3m (No. 229) for the computational model
- **Phase Nature:** Disordered solid solution (computational assumption)

### 9-12. D₄ Ternary Subsets (Al-Nb-Ti, Al-Nb-Zr, Al-Ti-Zr, Nb-Ti-Zr)
- **Crystallographic State:** BCC solid solution (computational assumption)
- **Space Group:** Im-3m (No. 229)
- **Phase Nature:** Disordered solid solution
- **Note:** In reality, these ternary systems may form intermetallic compounds (e.g., Al₃Ti, AlNb₂, TiZr₂, etc.), but the paper does not consider any intermetallic phases

---

## Key Crystallographic Observations from the Paper

### 1. Unrelaxed vs. Relaxed Structures
The paper makes a critical distinction:
- **Unrelaxed (initial) SQS structures:** All structures share a **uniform, common lattice constant** (~12.8–14.2 Å for the 128-atom supercell, corresponding to approximately 3.2–3.55 Å primitive cell edge)
- **Relaxed structures:** Each composition has its own equilibrium lattice constant (ranging from ~12.8 Å to ~14.2 Å for the supercell)
- The paper deliberately uses **unrelaxed** structures as the primary descriptor framework because they yield a smoother, more predictive manifold

### 2. Phase Stability Assumptions
- All compositions are treated as **single-phase** (no multiphase equilibrium considered)
- All compositions are treated as **ideal disordered solid solutions** (no short-range order, no chemical clustering)
- The paper explicitly states: ""This framework is explicitly designed for composition-averaged properties of single-phase disordered BCC solid solutions and is not expected to capture properties governed by local chemical order, short-range order, strain, magnetic ordering, defects, or finite-temperature configurational sampling""

### 3. Physical Rationale for BCC Assumption
- All 7 elements in D₇ (Mo, Nb, Ta, Ti, V, W, Zr) are BCC-stable transition metals in their elemental form
- In D₄, Al is the only non-BCC element (FCC in nature), yet is treated within the BCC framework
- The paper justifies this by stating the framework captures ""the spatial envelope of valence electron overlap"" which is dominated by elemental identity and proportion

---

## Phase Summary Table

| Alloy System | Formula | Crystallographic State | Structure/Space Group | Phase Nature | Precipitates/Micrography |
|---|---|---|---|---|---|
| D₄ Quaternary | AlαNbβTiγZrδ | Single-phase BCC solid solution (computational model) | BCC (A2), Im-3m (No. 229)* | Disordered ideal solid solution | None – no experimental data |
| D₇ Septenary | MoαNbβTaγTiδVεWζZrη | Single-phase BCC solid solution (computational model) | BCC (A2), Im-3m (No. 229)* | Disordered ideal solid solution | None – no experimental data |
| D₄ Binary (6 combinations) | e.g., AlαNbβ, AlαTiγ, etc. | Single-phase BCC solid solution (computational model; metastable for Al-containing) | BCC (A2), Im-3m (No. 229)* | Disordered solid solution | None – no experimental data |
| D₄ Ternary (4 combinations) | e.g., AlαNbβTiγ, etc. | Single-phase BCC solid solution (computational model) | BCC (A2), Im-3m (No. 229)* | Disordered solid solution | None – no experimental data |

*Space group is inferred from standard BCC crystallography; the paper does not explicitly list space group numbers.

---

## Explicit Uncertainties and Missing Information

1. **No experimental validation:** The paper is purely computational. No XRD, TEM, SEM, or micrography data is presented. Therefore, the question about ""precipitates not visible in XRD but evident in micrography"" **cannot be answered** from this paper.

2. **No space group explicitly stated:** The paper consistently refers to ""BCC crystal structure"" but never provides the space group (Im-3m) or structure type (A2) explicitly. My assignment is inferred from standard crystallography.

3. **Aluminum anomaly:** The paper does not address that elemental Al is FCC (Fm-3m, No. 225) in its stable form. All Al-containing compositions are computationally treated as BCC, which represents a metastable phase at best. This is a known approximation in HEA computational studies but is not explicitly flagged by the authors.

4. **No intermetallic phases considered:** Real Al-Nb-Ti-Zr systems can form intermetallics (e.g., Al₃Zr, AlTi₃, NbAl₃), but these are categorically excluded from the computational framework.

5. **SQS limitations:** The paper acknowledges (in future work) the need to test ""robustness of the pseudo-density descriptor to different SQS realizations per composition, supercell sizes, and pair-correlation matching quality"" – indicating structural variability may exist.

6. **Lattice constant range:** The relaxed structures span ~12.8–14.2 Å for the 128-atom supercell (equivalent to ~3.2–3.55 Å for the primitive BCC cell). The unrelaxed structures use a single uniform lattice constant (value not explicitly given in the extracted text).","Based on the paper's content, this is **purely a theoretical/computational study** with **no experimental synthesis or post-processing** performed. However, the theoretical framework involves multiple computational stages. Here is the complete breakdown:

---

## Overall Approach: Pure Theoretical Prediction (Computational)

The paper contains **zero experimental synthesis** and **zero thermo-mechanical post-processing**. All results are derived from computational modeling, machine learning, and Density Functional Theory (DFT) ground-truth data.

---

## Stage 1: Ground-Truth Data Generation (DFT)

The paper relies on a pre-existing DFT dataset established by Barry et al. (references 43, 44, 46).

| Parameter | Value |
|---|---|
| **Method** | Kohn-Sham Density Functional Theory (DFT) |
| **Code** | VASP (Vienna Ab initio Simulation Package) – inferred from references (refs 76-79 in paper) |
| **Exchange-correlation functional** | PBE (Perdew-Burke-Ernzerhof) – inferred from reference 64 in paper |
| **Pseudopotentials** | PAW (Projector Augmented Wave) method – inferred |
| **Supercell** | 128-atom BCC Special Quasirandom Structures (SQS) |
| **SQS generation** | ATAT (Alloy Theoretic Automated Toolkit) – inferred from ref 57 (van de Walle) |
| **Relaxation** | Full optimization of both ionic coordinates and cell volume (for ground-truth labels) |
| **Properties computed** | Bulk modulus (K), Alloy formation energy (ΔE_form) |
| **Systems** | D₄: Al-Nb-Ti-Zr (6,545 structures); D₇: Mo-Nb-Ta-Ti-V-W-Zr (12,012 compositions) |

**Phase obtained from DFT:** BCC single-phase disordered solid solutions (with relaxed equilibrium lattice constants ranging from ~12.8 Å to ~14.2 Å for the 128-atom supercell).

---

## Stage 2: Descriptor Generation (Pseudo-Density Approach)

This is the paper's key innovation – **bypassing the SCF cycle** for descriptor generation.

| Parameter | Value |
|---|---|
| **Method** | Single-shot superposition of isolated atom valence electron densities (Pseudo-density, ρ_pseudo) |
| **Construction** | Each element contributes its valence electron density from isolated-atom calculations (pseudopotential-derived) |
| **Computational cost** | ~30 seconds per sample, scales as O(N_grid) |
| **Grid** | 3D real-space mesh (absolute grid, uniformly spaced) |
| **Structures** | **Unrelaxed SQS configurations with a uniform, common lattice constant** (initial state, before ionic/cell relaxation) |
| **Software** | SPARC (inferred from refs 67-71 in paper) or similar plane-wave DFT code for isolated atom densities |

**Phase obtained:** BCC structure with uniform lattice constant (canonical reference state, no relaxation).

---

## Stage 3: Feature Engineering

| Parameter | Value |
|---|---|
| **Method** | Two-point spatial correlations (autocorrelations) of the pseudo-density field |
| **Computation** | Fast Fourier Transform (FFT) |
| **Dimensionality reduction** | Principal Component Analysis (PCA) |
| **Number of PCs retained** | 3 (PC1 ≈ 36% variance, PC2 ≈ 2.5%, PC3 ≈ 2%) |
| **Physical interpretation of PCs** | PC1: BCC lattice structure/mean density; PC2: elemental density contrast; PC3: compositional disorder |

**Phase obtained:** No new phase – this is purely a numerical transformation of the density field.

---

## Stage 4: Machine Learning Model Training (GPR)

| Parameter | Value |
|---|---|
| **Method** | Gaussian Process Regression (GPR) with Bayesian active learning |
| **Kernel** | Automatic Relevance Determination Squared Exponential (ARDSE) |
| **Acquisition function** | I(x) = σ(x)/|μ(x)| (ratio of predictive uncertainty to predicted magnitude) |
| **Hyperparameter optimization** | Adam optimizer, 200 epochs, learning rate 0.1 |
| **Training samples (D₄ bulk modulus)** | 4 seed + 6 active = 10 total (NMAE < 2%) |
| **Training samples (D₄ formation energy)** | 4 seed + 14 active = 18 total (R² = 0.99) |
| **Training samples (D₇ adaptation)** | 20 actively selected samples from D₇ (few-shot) |

**Phase obtained:** No physical phase – this is a mathematical model mapping PC scores → properties.

---

## Stage 5: Validation Experiments (Computational Only)

### 5a. Internal Cross-Composition Ablation (within D₄)
- **Training set:** Al+Nb mole fraction > 0.5 (Group 13 + Group 5 elements)
- **Test set:** Ti+Zr mole fraction > 0.5 (Group 4 elements)
- **Result:** NMAE = 2.39%, R² = 0.808 at 30 training samples
- **Phase:** BCC (unchanged)

### 5b. Zero-Shot Transfer (D₄ → D₇)
- **Training:** D₄ only (Al-Nb-Ti-Zr)
- **Testing:** Full D₇ (Mo-Nb-Ta-Ti-V-W-Zr), 12,012 compositions, no re-training
- **Result:** Zero-shot NMAE values by unseen-element quartile: Q1 = 10.17%, Q2 = 7.01%, Q3 = 5.27%, Q4 = 3.86%
- **Phase:** BCC (unchanged)

### 5c. Few-Shot Domain Adaptation (D₄ + 20 samples → D₇)
- **Training:** D₄ model + 20 actively selected D₇ samples
- **Results:** 
  - 5-component alloys: R² = 0.85, NMAE = 5.54% (3,675 test samples)
  - 6-component alloys: R² = 0.82, NMAE = 4.16% (882 test samples)
  - 7-component alloys: R² = 0.68, NMAE = 2.87% (49 test samples)
- **Phase:** BCC (unchanged)

---

## Experimental Synthesis: NOT PERFORMED

The paper contains no experimental synthesis. There is no arc melting, spark plasma sintering, casting, or any other fabrication method described. No synthesis parameters (temperature, pressure, time) are reported because no synthesis occurred.

---

## Thermo-Mechanical Post-Processing: NOT PERFORMED

No annealing, quenching, rolling, forging, or any other post-processing is described. The only ""relaxation"" mentioned is **computational structural relaxation** (VASP and MACE), which is a mathematical optimization, not a thermal treatment.

---

## Phase Evolution Across Computational Stages

| Stage | Phase/Structure | Description |
|---|---|---|
| **Initial SQS (unrelaxed)** | BCC, uniform lattice constant | Canonical reference state, all compositions share same lattice parameter |
| **DFT ground truth (relaxed)** | BCC, equilibrium lattice constant per composition | Lattice constants range from ~12.8 Å to ~14.2 Å (supercell); ionic positions also relaxed |
| **Pseudo-density descriptor** | BCC (unrelaxed template) | Density superposition computed on the uniform initial lattice |
| **PCA manifold** | BCC (mathematical representation) | 3D feature space – no physical phase change |
| **GPR predictions** | BCC (assumed) | Model predicts properties for BCC solid solutions; no phase prediction capability |

---

## Key Crystallographic Observations

1. **The paper deliberately uses unrelaxed structures** for descriptor generation because relaxed structures ""fracture"" the PCA manifold due to volume-dependent variance.

2. **An ablation test confirmed** that normalizing the autocorrelation by cell volume (a³) causes the fractured manifold to coalesce, proving that volumetric variation (not chemistry) causes the manifold topology change.

3. **All phases are assumed BCC** throughout. No FCC, HCP, intermetallic, or amorphous phases are considered at any stage.

4. **No experimental verification** of the assumed BCC phase is provided. The paper explicitly scopes itself to ""composition-averaged properties of single-phase disordered BCC solid solutions.""

---

## Summary of Methods and Parameters

| Aspect | Details |
|---|---|
| **Overall approach** | Computational only (theoretical) |
| **Ground truth** | DFT (VASP, PBE, PAW) on 128-atom SQS |
| **Descriptor** | Pseudo-density (non-interacting electron superposition), ~30 s/sample |
| **Feature compression** | Two-point autocorrelations + PCA (3 PCs) |
| **ML model** | Gaussian Process Regression (ARDSE kernel) |
| **Active learning** | I(x) = σ(x)/|μ(x)| acquisition function |
| **Training data** | 10 samples (bulk modulus D₄), 18 samples (formation energy D₄), 20 samples (D₇ adaptation) |
| **Synthesis** | None |
| **Post-processing** | None (only computational relaxation in VASP/MACE for comparison) |
| **Phases** | BCC solid solution (assumed, never experimentally verified) |

**Explicit uncertainties:** (1) The paper does not state the exact uniform lattice constant used for unrelaxed SQS structures. (2) The DFT parameters (energy cutoffs, k-point mesh, convergence criteria) are not detailed in the extracted text. (3) The identification of VASP and PBE is inferred from references, not explicitly stated in the main text.","Based on my thorough analysis of the paper, I must state clearly: **no alloy in this study forms a partially ordered structure (High Entropy Intermetallic), and the paper does not study oxidation processes at all.**

Here is the complete analysis:

---

## Ordered/Partially Ordered Structure Analysis

### 1. Explicit Statement Against Ordering

The paper **explicitly and repeatedly** states that all alloys are treated as **ideal disordered solid solutions** with **no short-range order**. The authors are unambiguous:

> *""This framework is explicitly designed for composition-averaged properties of single-phase disordered BCC solid solutions and is not expected to capture properties governed by local chemical order, short-range order, strain, magnetic ordering, defects, or finite-temperature configurational sampling.""*

> *""All compositions are treated as **single-phase** (no multiphase equilibrium considered).""*

> *""All compositions are treated as **ideal disordered solid solutions** (no short-range order, no chemical clustering).""*

### 2. Structural Classification of All Alloys

| Alloy System | Structural State | Ordering Type | Classification |
|---|---|---|---|
| **D₄** (Al-Nb-Ti-Zr) | Single-phase BCC solid solution | Fully disordered | **Not** a High Entropy Intermetallic |
| **D₇** (Mo-Nb-Ta-Ti-V-W-Zr) | Single-phase BCC solid solution | Fully disordered | **Not** a High Entropy Intermetallic |
| All D₄ binaries (Al-Nb, Al-Ti, Al-Zr, Nb-Ti, Nb-Zr, Ti-Zr) | BCC solid solution | Fully disordered | **Not** High Entropy Intermetallics |
| All D₄ ternaries (Al-Nb-Ti, Al-Nb-Zr, Al-Ti-Zr, Nb-Ti-Zr) | BCC solid solution | Fully disordered | **Not** High Entropy Intermetallics |
| All D₇ subsets (5-component, 6-component) | BCC solid solution | Fully disordered | **Not** High Entropy Intermetallics |

### 3. Computational Methodology Confirms Disordered State

The paper uses **Special Quasirandom Structures (SQS)** to model all alloys. SQS is specifically designed to **mimic a perfectly disordered solid solution** by optimizing the pair and multisite correlation functions to match those of a random alloy. This computational choice inherently **excludes any ordering** (B2, L1₂, D0₂₂, sigma phase, etc.).

### 4. Why No Intermetallics Are Expected (Per the Paper's Physical Arguments)

The paper argues that for the properties studied (bulk modulus, formation energy) in this alloy class:
- The dominant source of variance is **elemental identity and proportion**, not atomic configuration
- Electronic screening in metallic solid solutions is a ""subordinate perturbation""
- The unrelaxed pseudo-density manifold is ""smoother and more predictive"" than relaxed structures, indicating configurational effects are negligible

### 5. Potential Real-World Intermetallics NOT Considered

While the paper does **not** consider them, in real equilibrium conditions, the following intermetallic compounds **could potentially form** in the D₄ system (though the paper explicitly ignores them):
- Al₃Ti (D0₂₂ tetragonal)
- AlTi (L1₀ tetragonal)  
- Al₃Zr (D0₂₃ tetragonal)
- Al₂Zr (C14 Laves phase)
- NbAl₃ (D0₂₂ tetragonal)
- TiZr₂ (C11₆ or similar)

However, these are **not** High Entropy Intermetallics (which would require partial ordering with multi-principal-element occupancy on sublattices), and the paper does not predict, observe, or discuss them. The framework explicitly operates in the **metastable disordered BCC regime**.

---

## Oxidation Process Analysis

The paper **does not study oxidation** in any capacity. Keywords such as ""oxidation,"" ""oxide,"" ""corrosion,"" ""oxidation resistance,"" or ""high-temperature oxidation"" appear only in **future work suggestions** (as a potential avenue for extending the framework, e.g., ""thermal conductivity, oxidation resistance, critical for high-temperature applications""). No oxidation experiments, simulations, or predictions are presented.

---

## Summary

| Question | Answer |
|---|---|
| **Any High Entropy Intermetallic?** | **No.** All alloys are modeled as fully disordered BCC solid solutions. SQS construction explicitly prevents ordering. |
| **Any partially ordered structures?** | **No.** The paper explicitly states the framework is NOT designed to capture short-range order, chemical clustering, or any ordering phenomena. |
| **Any oxidation study?** | **No.** Oxidation is only mentioned as a potential future research direction, not studied in this work. |
| **Any precipitates?** | **No.** No precipitates are predicted, observed, or discussed. The framework assumes single-phase solid solutions. |
| **Initial state before oxidation?** | **Not applicable.** No oxidation was performed or modeled. |

**Explicit uncertainties/limitations:**
1. The paper does **not** experimentally verify the disordered BCC assumption. Real alloys may form intermetallics or exhibit short-range order that the computational framework cannot capture.
2. The paper acknowledges in ""future work"" the need to test ""whether the model learns transferable alloy physics or a regularized fingerprint of a specific disorder proxy"" – acknowledging that SQS is a proxy for disorder.
3. The paper does not discuss the thermodynamic stability of the assumed single-phase BCC state. It is possible that some compositions in D₄ or D₇ would thermodynamically favor intermetallic or multiphase structures at equilibrium.","```json
{
  ""D4_AlNbTiZr_Quaternary"": {
    ""chemical_formula"": ""AlNbTiZr"",
    ""composition"": {
      ""Al"": ""α"",
      ""Nb"": ""β"",
      ""Ti"": ""γ"",
      ""Zr"": ""δ""
    },
    ""composition_constraint"": ""α + β + γ + δ = 128; α, β, γ, δ ∈ {0, 4, ..., 128}"",
    ""number_of_elements"": 4,
    ""crystallographic_phases"": [
      {
        ""phase_type"": ""solid solution"",
        ""chemical_formula"": ""AlαNbβTiγZrδ"",
        ""crystallographic_state"": ""crystalline"",
        ""structure"": ""body-centered cubic (BCC)"",
        ""space_group"": ""Im-3m (No. 229) [inferred from BCC, not explicitly stated]"",
        ""detection_method"": ""computational assumption"",
        ""details"": ""Single-phase disordered BCC solid solution; modeled as 128-atom SQS; ground truth from DFT (VASP, PBE); descriptor uses unrelaxed pseudo-density with uniform lattice constant""
      }
    ],
    ""synthesis_or_calculation"": {
      ""type"": ""theoretical"",
      ""method"": ""Density Functional Theory (DFT) + Gaussian Process Regression (GPR) + Bayesian active learning"",
      ""parameters"": {
        ""dft_code"": ""VASP (inferred from references)"",
        ""exchange_correlation_functional"": ""PBE (inferred from references)"",
        ""pseudopotentials"": ""PAW (inferred)"",
        ""supercell"": ""128-atom BCC Special Quasirandom Structure (SQS)"",
        ""descriptor"": ""Pseudo-density (non-interacting electron superposition), ~30 s/sample"",
        ""feature_compression"": ""Two-point autocorrelations + PCA (3 PCs: PC1 ~36% variance, PC2 ~2.5%, PC3 ~2%)"",
        ""ml_model"": ""GPR with ARDSE kernel"",
        ""acquisition_function"": ""I(x) = σ(x)/|μ(x)|"",
        ""training_samples_bulk_modulus"": ""10 (4 seed + 6 active); NMAE < 2%"",
        ""training_samples_formation_energy"": ""18 (4 seed + 14 active); R² = 0.99"",
        ""results_bulk_modulus"": ""Active: MAE=1.50 GPa, NMAE=1.55%, R²=0.98; Random: MAE=1.41 GPa, NMAE=1.46%, R²=0.98"",
        ""results_formation_energy"": ""Active: MAE=1.19 eV, NMAE=2.20%, R²=0.99; Random: MAE=1.23 eV, NMAE=2.33%, R²=0.97"",
        ""dataset_size"": ""6545 unique structures (all sub-systems); 4495 strictly quaternary""
      }
    },
    ""special_conditions"": ""Modeled as ideal disordered solid solution; unrelaxed structures with uniform lattice constant used for descriptors; no short-range order, no intermetallics considered"",
    ""phase_classification"": ""Single Solid Solution""
  },
  ""D7_MoNbTaTiVWZr_Septenary"": {
    ""chemical_formula"": ""MoNbTaTiVWZr"",
    ""composition"": {
      ""Mo"": ""α"",
      ""Nb"": ""β"",
      ""Ta"": ""γ"",
      ""Ti"": ""δ"",
      ""V"": ""ε"",
      ""W"": ""ζ"",
      ""Zr"": ""η""
    },
    ""composition_constraint"": ""α + β + γ + δ + ε + ζ + η = 128; α,...,η ∈ {0, 15, 23, 30, 38, ..., 105, 128}"",
    ""number_of_elements"": 7,
    ""crystallographic_phases"": [
      {
        ""phase_type"": ""solid solution"",
        ""chemical_formula"": ""MoαNbβTaγTiδVεWζZrη"",
        ""crystallographic_state"": ""crystalline"",
        ""structure"": ""body-centered cubic (BCC)"",
        ""space_group"": ""Im-3m (No. 229) [inferred from BCC, not explicitly stated]"",
        ""detection_method"": ""computational assumption"",
        ""details"": ""Single-phase disordered BCC solid solution; assumed to share BCC structure with D4; 12012 unique compositions; ground truth from DFT dataset by Barry et al.""
      }
    ],
    ""synthesis_or_calculation"": {
      ""type"": ""theoretical"",
      ""method"": ""Density Functional Theory (DFT) ground truth + GPR transfer learning"",
      ""parameters"": {
        ""dft_ground_truth"": ""From Barry et al. (converged DFT dataset)"",
        ""supercell"": ""128-atom BCC SQS (assumed, consistent with D4)"",
        ""zero_shot_transfer"": ""D4-trained model applied to D7 without re-training"",
        ""zero_shot_nmae_by_unseen_element_quartile"": ""Q1=10.17%, Q2=7.01%, Q3=5.27%, Q4=3.86%"",
        ""few_shot_adaptation"": ""20 actively selected D7 samples added to D4 base model"",
        ""few_shot_results_5_component"": ""R²=0.85, NMAE=5.54%, MAE=9.20 GPa (3675 samples)"",
        ""few_shot_results_6_component"": ""R²=0.82, NMAE=4.16%, MAE=7.01 GPa (882 samples)"",
        ""few_shot_results_7_component"": ""R²=0.68, NMAE=2.87%, MAE=4.89 GPa (49 samples)"",
        ""dataset_size"": ""12012 unique compositions""
      }
    },
    ""special_conditions"": ""All elements are BCC-stable group 4-6 transition metals; Al absent; used for extrapolative validation; uncertainty coverage 43.2% within ±1σ and 78.8% within ±2σ for full D7"",
    ""phase_classification"": ""Single Solid Solution""
  },
  ""D4_AlNb_Binary"": {
    ""chemical_formula"": ""AlNb"",
    ""composition"": {
      ""Al"": ""α"",
      ""Nb"": ""β""
    },
    ""composition_constraint"": ""α + β = 128; α, β ∈ {0, 4, ..., 128}"",
    ""number_of_elements"": 2,
    ""crystallographic_phases"": [
      {
        ""phase_type"": ""solid solution"",
        ""chemical_formula"": ""AlαNbβ"",
        ""crystallographic_state"": ""crystalline"",
        ""structure"": ""body-centered cubic (BCC)"",
        ""space_group"": ""Im-3m (No. 229) [inferred]"",
        ""detection_method"": ""computational assumption"",
        ""details"": ""Subset of D4 space; modeled as disordered BCC solid solution; may be metastable for Al-rich compositions (pure Al is FCC)""
      }
    ],
    ""synthesis_or_calculation"": {
      ""type"": ""theoretical"",
      ""method"": ""DFT + pseudo-density descriptors + GPR (same framework as D4)"",
      ""parameters"": ""Included within D4 active learning pipeline; no separate training reported""
    },
    ""special_conditions"": ""Nb is BCC-stable; Al is FCC in ground state but treated as BCC here (metastable assumption)"",
    ""phase_classification"": ""Single Solid Solution""
  },
  ""D4_AlTi_Binary"": {
    ""chemical_formula"": ""AlTi"",
    ""composition"": {
      ""Al"": ""α"",
      ""Ti"": ""γ""
    },
    ""composition_constraint"": ""α + γ = 128; α, γ ∈ {0, 4, ..., 128}"",
    ""number_of_elements"": 2,
    ""crystallographic_phases"": [
      {
        ""phase_type"": ""solid solution"",
        ""chemical_formula"": ""AlαTiγ"",
        ""crystallographic_state"": ""crystalline"",
        ""structure"": ""body-centered cubic (BCC)"",
        ""space_group"": ""Im-3m (No. 229) [inferred]"",
        ""detection_method"": ""computational assumption"",
        ""details"": ""Subset of D4 space; disordered BCC solid solution; Ti is BCC-stable at high temperature""
      }
    ],
    ""synthesis_or_calculation"": {
      ""type"": ""theoretical"",
      ""method"": ""DFT + pseudo-density descriptors + GPR (same framework as D4)"",
      ""parameters"": ""Included within D4 active learning pipeline""
    },
    ""special_conditions"": ""Pure Al is FCC; AlTi can form L10 intermetallic in reality, but not considered here"",
    ""phase_classification"": ""Single Solid Solution""
  },
  ""D4_AlZr_Binary"": {
    ""chemical_formula"": ""AlZr"",
    ""composition"": {
      ""Al"": ""α"",
      ""Zr"": ""δ""
    },
    ""composition_constraint"": ""α + δ = 128; α, δ ∈ {0, 4, ..., 128}"",
    ""number_of_elements"": 2,
    ""crystallographic_phases"": [
      {
        ""phase_type"": ""solid solution"",
        ""chemical_formula"": ""AlαZrδ"",
        ""crystallographic_state"": ""crystalline"",
        ""structure"": ""body-centered cubic (BCC)"",
        ""space_group"": ""Im-3m (No. 229) [inferred]"",
        ""detection_method"": ""computational assumption"",
        ""details"": ""Subset of D4 space; disordered BCC solid solution""
      }
    ],
    ""synthesis_or_calculation"": {
      ""type"": ""theoretical"",
      ""method"": ""DFT + pseudo-density descriptors + GPR (same framework as D4)"",
      ""parameters"": ""Included within D4 active learning pipeline""
    },
    ""special_conditions"": ""Real Al-Zr system forms intermetallics (Al3Zr, Al2Zr) but excluded here"",
    ""phase_classification"": ""Single Solid Solution""
  },
  ""D4_NbTi_Binary"": {
    ""chemical_formula"": ""NbTi"",
    ""composition"": {
      ""Nb"": ""β"",
      ""Ti"": ""γ""
    },
    ""composition_constraint"": ""β + γ = 128; β, γ ∈ {0, 4, ..., 128}"",
    ""number_of_elements"": 2,
    ""crystallographic_phases"": [
      {
        ""phase_type"": ""solid solution"",
        ""chemical_formula"": ""NbβTiγ"",
        ""crystallographic_state"": ""crystalline"",
        ""structure"": ""body-centered cubic (BCC)"",
        ""space_group"": ""Im-3m (No. 229) [inferred]"",
        ""detection_method"": ""computational assumption"",
        ""details"": ""Subset of D4 space; disordered BCC solid solution; both elements BCC-stable""
      }
    ],
    ""synthesis_or_calculation"": {
      ""type"": ""theoretical"",
      ""method"": ""DFT + pseudo-density descriptors + GPR (same framework as D4)"",
      ""parameters"": ""Included within D4 active learning pipeline""
    },
    ""special_conditions"": ""Both Nb and Ti are BCC-stable, physically realistic solid solution"",
    ""phase_classification"": ""Single Solid Solution""
  },
  ""D4_NbZr_Binary"": {
    ""chemical_formula"": ""NbZr"",
    ""composition"": {
      ""Nb"": ""β"",
      ""Zr"": ""δ""
    },
    ""composition_constraint"": ""β + δ = 128; β, δ ∈ {0, 4, ..., 128}"",
    ""number_of_elements"": 2,
    ""crystallographic_phases"": [
      {
        ""phase_type"": ""solid solution"",
        ""chemical_formula"": ""NbβZrδ"",
        ""crystallographic_state"": ""crystalline"",
        ""structure"": ""body-centered cubic (BCC)"",
        ""space_group"": ""Im-3m (No. 229) [inferred]"",
        ""detection_method"": ""computational assumption"",
        ""details"": ""Subset of D4 space; disordered BCC solid solution; both elements BCC-stable""
      }
    ],
    ""synthesis_or_calculation"": {
      ""type"": ""theoretical"",
      ""method"": ""DFT + pseudo-density descriptors + GPR (same framework as D4)"",
      ""parameters"": ""Included within D4 active learning pipeline""
    },
    ""special_conditions"": ""Physically realistic BCC solid solution"",
    ""phase_classification"": ""Single Solid Solution""
  },
  ""D4_TiZr_Binary"": {
    ""chemical_formula"": ""TiZr"",
    ""composition"": {
      ""Ti"": ""γ"",
      ""Zr"": ""δ""
    },
    ""composition_constraint"": ""γ + δ = 128; γ, δ ∈ {0, 4, ..., 128}"",
    ""number_of_elements"": 2,
    ""crystallographic_phases"": [
      {
        ""phase_type"": ""solid solution"",
        ""chemical_formula"": ""TiγZrδ"",
        ""crystallographic_state"": ""crystalline"",
        ""structure"": ""body-centered cubic (BCC)"",
        ""space_group"": ""Im-3m (No. 229) [inferred]"",
        ""detection_method"": ""computational assumption"",
        ""details"": ""Subset of D4 space; disordered BCC solid solution; both elements group 4 BCC-stable""
      }
    ],
    ""synthesis_or_calculation"": {
      ""type"": ""theoretical"",
      ""method"": ""DFT + pseudo-density descriptors + GPR (same framework as D4)"",
      ""parameters"": ""Included within D4 active learning pipeline""
    },
    ""special_conditions"": ""Physically realistic BCC solid solution"",
    ""phase_classification"": ""Single Solid Solution""
  },
  ""D4_AlNbTi_Ternary"": {
    ""chemical_formula"": ""AlNbTi"",
    ""composition"": {
      ""Al"": ""α"",
      ""Nb"": ""β"",
      ""Ti"": ""γ""
    },
    ""composition_constraint"": ""α + β + γ = 128; α, β, γ ∈ {0, 4, ..., 128}"",
    ""number_of_elements"": 3,
    ""crystallographic_phases"": [
      {
        ""phase_type"": ""solid solution"",
        ""chemical_formula"": ""AlαNbβTiγ"",
        ""crystallographic_state"": ""crystalline"",
        ""structure"": ""body-centered cubic (BCC)"",
        ""space_group"": ""Im-3m (No. 229) [inferred]"",
        ""detection_method"": ""computational assumption"",
        ""details"": ""Subset of D4 space; disordered BCC solid solution""
      }
    ],
    ""synthesis_or_calculation"": {
      ""type"": ""theoretical"",
      ""method"": ""DFT + pseudo-density descriptors + GPR (same framework as D4)"",
      ""parameters"": ""Included within D4 active learning pipeline""
    },
    ""special_conditions"": ""Real system may form AlTi3 or NbAl3 intermetallics, not considered here"",
    ""phase_classification"": ""Single Solid Solution""
  },
  ""D4_AlNbZr_Ternary"": {
    ""chemical_formula"": ""AlNbZr"",
    ""composition"": {
      ""Al"": ""α"",
      ""Nb"": ""β"",
      ""Zr"": ""δ""
    },
    ""composition_constraint"": ""α + β + δ = 128; α, β, δ ∈ {0, 4, ..., 128}"",
    ""number_of_elements"": 3,
    ""crystallographic_phases"": [
      {
        ""phase_type"": ""solid solution"",
        ""chemical_formula"": ""AlαNbβZrδ"",
        ""crystallographic_state"": ""crystalline"",
        ""structure"": ""body-centered cubic (BCC)"",
        ""space_group"": ""Im-3m (No. 229) [inferred]"",
        ""detection_method"": ""computational assumption"",
        ""details"": ""Subset of D4 space; disordered BCC solid solution""
      }
    ],
    ""synthesis_or_calculation"": {
      ""type"": ""theoretical"",
      ""method"": ""DFT + pseudo-density descriptors + GPR (same framework as D4)"",
      ""parameters"": ""Included within D4 active learning pipeline""
    },
    ""special_conditions"": ""Real system may form Al3Zr, NbAl3, etc., not considered"",
    ""phase_classification"": ""Single Solid Solution""
  },
  ""D4_AlTiZr_Ternary"": {
    ""chemical_formula"": ""AlTiZr"",
    ""composition"": {
      ""Al"": ""α"",
      ""Ti"": ""γ"",
      ""Zr"": ""δ""
    },
    ""composition_constraint"": ""α + γ + δ = 128; α, γ, δ ∈ {0, 4, ..., 128}"",
    ""number_of_elements"": 3,
    ""crystallographic_phases"": [
      {
        ""phase_type"": ""solid solution"",
        ""chemical_formula"": ""AlαTiγZrδ"",
        ""crystallographic_state"": ""crystalline"",
        ""structure"": ""body-centered cubic (BCC)"",
        ""space_group"": ""Im-3m (No. 229) [inferred]"",
        ""detection_method"": ""computational assumption"",
        ""details"": ""Subset of D4 space; disordered BCC solid solution""
      }
    ],
    ""synthesis_or_calculation"": {
      ""type"": ""theoretical"",
      ""method"": ""DFT + pseudo-density descriptors + GPR (same framework as D4)"",
      ""parameters"": ""Included within D4 active learning pipeline""
    },
    ""special_conditions"": ""Real system may form AlTi3, Al3Zr, TiZr2, etc., not considered"",
    ""phase_classification"": ""Single Solid Solution""
  },
  ""D4_NbTiZr_Ternary"": {
    ""chemical_formula"": ""NbTiZr"",
    ""composition"": {
      ""Nb"": ""β"",
      ""Ti"": ""γ"",
      ""Zr"": ""δ""
    },
    ""composition_constraint"": ""β + γ + δ = 128; β, γ, δ ∈ {0, 4, ..., 128}"",
    ""number_of_elements"": 3,
    ""crystallographic_phases"": [
      {
        ""phase_type"": ""solid solution"",
        ""chemical_formula"": ""NbβTiγZrδ"",
        ""crystallographic_state"": ""crystalline"",
        ""structure"": ""body-centered cubic (BCC)"",
        ""space_group"": ""Im-3m (No. 229) [inferred]"",
        ""detection_method"": ""computational assumption"",
        ""details"": ""Subset of D4 space; disordered BCC solid solution; all three elements BCC-stable group 4-5 metals""
      }
    ],
    ""synthesis_or_calculation"": {
      ""type"": ""theoretical"",
      ""method"": ""DFT + pseudo-density descriptors + GPR (same framework as D4)"",
      ""parameters"": ""Included within D4 active learning pipeline""
    },
    ""special_conditions"": ""Physically realistic BCC solid solution; no Al (avoids FCC complication)"",
    ""phase_classification"": ""Single Solid Solution""
  }
}
```",True,D6DD00105J,rsc,https://pubs.rsc.org/dd/article/doi/10.1039/D6DD00105J/1283984/Electronic-manifolds-for-extrapolative-alloy,Electronic manifolds for extrapolative alloy discovery Open Access,Pranoy Ray; Sayan Bhowmik; Phanish Suryanarayana; Surya R Kalidindi; Andrew J. Medford,https://doi.org/10.1039/D6DD00105J,
